{
    "train": {
        "0": {
            "loss": 1.9295199405201866,
            "acc": 0.26456
        },
        "1": {
            "loss": 1.5651510002667948,
            "acc": 0.42928
        },
        "2": {
            "loss": 1.4420120786218082,
            "acc": 0.4823
        },
        "3": {
            "loss": 1.3691135763817126,
            "acc": 0.51748
        },
        "4": {
            "loss": 1.310688057214098,
            "acc": 0.54226
        },
        "5": {
            "loss": 1.271396304487877,
            "acc": 0.5559
        },
        "6": {
            "loss": 1.2650912806506047,
            "acc": 0.56152
        },
        "7": {
            "loss": 1.2505562799361052,
            "acc": 0.56992
        },
        "8": {
            "loss": 1.2394253669492423,
            "acc": 0.57238
        },
        "9": {
            "loss": 1.2450641911962759,
            "acc": 0.57256
        },
        "10": {
            "loss": 1.2344370891371041,
            "acc": 0.57944
        },
        "11": {
            "loss": 1.2284820931951712,
            "acc": 0.57988
        },
        "12": {
            "loss": 1.2326125418743514,
            "acc": 0.57908
        },
        "13": {
            "loss": 1.2493044697415188,
            "acc": 0.57376
        },
        "14": {
            "loss": 1.2505325452446023,
            "acc": 0.58014
        },
        "15": {
            "loss": 1.2520480387655974,
            "acc": 0.57858
        },
        "16": {
            "loss": 1.246365879350306,
            "acc": 0.5787
        },
        "17": {
            "loss": 1.2485946791861064,
            "acc": 0.57766
        },
        "18": {
            "loss": 1.2526581476411551,
            "acc": 0.5788
        },
        "19": {
            "loss": 1.2532163844693958,
            "acc": 0.57682
        },
        "20": {
            "loss": 1.2663447594703616,
            "acc": 0.57618
        },
        "21": {
            "loss": 1.2690887080738917,
            "acc": 0.57604
        },
        "22": {
            "loss": 1.2858888052613533,
            "acc": 0.56822
        },
        "23": {
            "loss": 1.2887487121860084,
            "acc": 0.5678
        },
        "24": {
            "loss": 1.2880808685136877,
            "acc": 0.56794
        },
        "25": {
            "loss": 1.2864912827606396,
            "acc": 0.5687
        },
        "26": {
            "loss": 1.283333091479738,
            "acc": 0.57258
        },
        "27": {
            "loss": 1.275464412501401,
            "acc": 0.57496
        },
        "28": {
            "loss": 1.2856533051756642,
            "acc": 0.57284
        },
        "29": {
            "loss": 1.2909796722709674,
            "acc": 0.569
        },
        "30": {
            "loss": 1.2823717594146729,
            "acc": 0.57208
        },
        "31": {
            "loss": 1.2737915692731852,
            "acc": 0.57596
        },
        "32": {
            "loss": 1.276073337363465,
            "acc": 0.5734
        },
        "33": {
            "loss": 1.2911684255465827,
            "acc": 0.56588
        },
        "34": {
            "loss": 1.3009560388677261,
            "acc": 0.5685
        },
        "35": {
            "loss": 1.2840239221177747,
            "acc": 0.573
        },
        "36": {
            "loss": 1.2916246626688086,
            "acc": 0.57092
        },
        "37": {
            "loss": 1.2787619391670617,
            "acc": 0.57718
        },
        "38": {
            "loss": 1.2761686445806948,
            "acc": 0.5742
        },
        "39": {
            "loss": 1.2734283378057163,
            "acc": 0.57496
        },
        "40": {
            "loss": 1.289323618497385,
            "acc": 0.57072
        },
        "41": {
            "loss": 1.2871901857883423,
            "acc": 0.57472
        },
        "42": {
            "loss": 1.2825665986141586,
            "acc": 0.57566
        },
        "43": {
            "loss": 1.290779948234558,
            "acc": 0.5693
        },
        "44": {
            "loss": 1.2763199495232624,
            "acc": 0.57646
        },
        "45": {
            "loss": 1.288217300039423,
            "acc": 0.5736
        },
        "46": {
            "loss": 1.291342449462627,
            "acc": 0.5742
        },
        "47": {
            "loss": 1.2755698107392586,
            "acc": 0.577
        },
        "48": {
            "loss": 1.2779432629685268,
            "acc": 0.57646
        },
        "49": {
            "loss": 1.2813108128964747,
            "acc": 0.57738
        },
        "50": {
            "loss": 1.278878242463407,
            "acc": 0.57996
        },
        "51": {
            "loss": 1.2758861370098866,
            "acc": 0.58154
        },
        "52": {
            "loss": 1.2531785687522206,
            "acc": 0.58518
        },
        "53": {
            "loss": 1.2698562463835987,
            "acc": 0.57992
        },
        "54": {
            "loss": 1.26185802730453,
            "acc": 0.58074
        },
        "55": {
            "loss": 1.2700158010053513,
            "acc": 0.58032
        },
        "56": {
            "loss": 1.2536129513969811,
            "acc": 0.58544
        },
        "57": {
            "loss": 1.24760846835573,
            "acc": 0.58602
        },
        "58": {
            "loss": 1.2473848901136453,
            "acc": 0.58726
        },
        "59": {
            "loss": 1.2560107717123787,
            "acc": 0.58634
        },
        "60": {
            "loss": 1.2548828152439477,
            "acc": 0.58732
        },
        "61": {
            "loss": 1.2588929113219767,
            "acc": 0.58294
        },
        "62": {
            "loss": 1.2414246890550988,
            "acc": 0.59208
        },
        "63": {
            "loss": 1.2469885580984832,
            "acc": 0.58964
        },
        "64": {
            "loss": 1.250091582003152,
            "acc": 0.58792
        },
        "65": {
            "loss": 1.2374646409088388,
            "acc": 0.59182
        },
        "66": {
            "loss": 1.2377494988234148,
            "acc": 0.5918
        },
        "67": {
            "loss": 1.238299111118707,
            "acc": 0.59158
        },
        "68": {
            "loss": 1.230333267422893,
            "acc": 0.59378
        },
        "69": {
            "loss": 1.2388758433749303,
            "acc": 0.5903
        },
        "70": {
            "loss": 1.231558191501881,
            "acc": 0.59394
        },
        "71": {
            "loss": 1.232062001057598,
            "acc": 0.59392
        },
        "72": {
            "loss": 1.2468425210784464,
            "acc": 0.58972
        },
        "73": {
            "loss": 1.2405461957082724,
            "acc": 0.59144
        },
        "74": {
            "loss": 1.2335021575088696,
            "acc": 0.59432
        },
        "75": {
            "loss": 1.2371234043174997,
            "acc": 0.5914
        },
        "76": {
            "loss": 1.240185520075776,
            "acc": 0.59228
        },
        "77": {
            "loss": 1.2435803378329557,
            "acc": 0.5897
        },
        "78": {
            "loss": 1.229353786734364,
            "acc": 0.59658
        },
        "79": {
            "loss": 1.2323689890639555,
            "acc": 0.59564
        },
        "80": {
            "loss": 1.2417010340239385,
            "acc": 0.5926
        },
        "81": {
            "loss": 1.2458643492530375,
            "acc": 0.59282
        },
        "82": {
            "loss": 1.2343243863576514,
            "acc": 0.59618
        },
        "83": {
            "loss": 1.2334865616715474,
            "acc": 0.59334
        },
        "84": {
            "loss": 1.2118548217331966,
            "acc": 0.60094
        },
        "85": {
            "loss": 1.2237841651567718,
            "acc": 0.5977
        },
        "86": {
            "loss": 1.2102086377875578,
            "acc": 0.60556
        },
        "87": {
            "loss": 1.2148437696649594,
            "acc": 0.60238
        },
        "88": {
            "loss": 1.2113580066529686,
            "acc": 0.59768
        },
        "89": {
            "loss": 1.2031956609252774,
            "acc": 0.60454
        },
        "90": {
            "loss": 1.2191833830855388,
            "acc": 0.5984
        },
        "91": {
            "loss": 1.2142487691186579,
            "acc": 0.60344
        },
        "92": {
            "loss": 1.2219721783152626,
            "acc": 0.60112
        },
        "93": {
            "loss": 1.2102623998051714,
            "acc": 0.60358
        },
        "94": {
            "loss": 1.2197252031787278,
            "acc": 0.60054
        },
        "95": {
            "loss": 1.2269609136044826,
            "acc": 0.59664
        },
        "96": {
            "loss": 1.217144213521572,
            "acc": 0.60064
        },
        "97": {
            "loss": 1.2297511123635274,
            "acc": 0.59688
        },
        "98": {
            "loss": 1.2138725022220855,
            "acc": 0.60224
        },
        "99": {
            "loss": 1.2102534414252357,
            "acc": 0.60112
        },
        "100": {
            "loss": 0.9968982215427682,
            "acc": 0.6672
        },
        "101": {
            "loss": 0.9200089079949557,
            "acc": 0.69054
        },
        "102": {
            "loss": 0.8900802129369867,
            "acc": 0.69746
        },
        "103": {
            "loss": 0.8685130815371833,
            "acc": 0.70394
        },
        "104": {
            "loss": 0.8520536093455752,
            "acc": 0.70884
        },
        "105": {
            "loss": 0.8330704976835519,
            "acc": 0.7138
        },
        "106": {
            "loss": 0.8238614370755832,
            "acc": 0.716
        },
        "107": {
            "loss": 0.8140852608339256,
            "acc": 0.71978
        },
        "108": {
            "loss": 0.7954550894629925,
            "acc": 0.7263
        },
        "109": {
            "loss": 0.7931858241710517,
            "acc": 0.727
        },
        "110": {
            "loss": 0.7828925715383056,
            "acc": 0.72726
        },
        "111": {
            "loss": 0.773225975615899,
            "acc": 0.73134
        },
        "112": {
            "loss": 0.7665502563157045,
            "acc": 0.73424
        },
        "113": {
            "loss": 0.7561579685077033,
            "acc": 0.73704
        },
        "114": {
            "loss": 0.7549573477271878,
            "acc": 0.73686
        },
        "115": {
            "loss": 0.750163704690421,
            "acc": 0.7387
        },
        "116": {
            "loss": 0.7394461245335582,
            "acc": 0.74344
        },
        "117": {
            "loss": 0.7325489505782457,
            "acc": 0.74314
        },
        "118": {
            "loss": 0.7259622964712665,
            "acc": 0.74646
        },
        "119": {
            "loss": 0.719373328225387,
            "acc": 0.74962
        },
        "120": {
            "loss": 0.7168124654256475,
            "acc": 0.749
        },
        "121": {
            "loss": 0.7061281787312549,
            "acc": 0.75216
        },
        "122": {
            "loss": 0.7001792629966346,
            "acc": 0.75462
        },
        "123": {
            "loss": 0.6983881636196391,
            "acc": 0.7543
        },
        "124": {
            "loss": 0.692374758250878,
            "acc": 0.7561
        },
        "125": {
            "loss": 0.6879227162169679,
            "acc": 0.75776
        },
        "126": {
            "loss": 0.680290529490127,
            "acc": 0.7599
        },
        "127": {
            "loss": 0.6745414287995195,
            "acc": 0.76248
        },
        "128": {
            "loss": 0.6704363186493554,
            "acc": 0.76472
        },
        "129": {
            "loss": 0.671954593771254,
            "acc": 0.7638
        },
        "130": {
            "loss": 0.6658580017364238,
            "acc": 0.76614
        },
        "131": {
            "loss": 0.6575863390322536,
            "acc": 0.7676
        },
        "132": {
            "loss": 0.6519897530603287,
            "acc": 0.76956
        },
        "133": {
            "loss": 0.6470840378185673,
            "acc": 0.77242
        },
        "134": {
            "loss": 0.6458685708320354,
            "acc": 0.77108
        },
        "135": {
            "loss": 0.6430860858439179,
            "acc": 0.7714
        },
        "136": {
            "loss": 0.6385625049738628,
            "acc": 0.77438
        },
        "137": {
            "loss": 0.6314350842972241,
            "acc": 0.7776
        },
        "138": {
            "loss": 0.6305974322511717,
            "acc": 0.77768
        },
        "139": {
            "loss": 0.6249272400308448,
            "acc": 0.77794
        },
        "140": {
            "loss": 0.6217756035077907,
            "acc": 0.78012
        },
        "141": {
            "loss": 0.6138106310916374,
            "acc": 0.78406
        },
        "142": {
            "loss": 0.6086119094010815,
            "acc": 0.78292
        },
        "143": {
            "loss": 0.6043749385325196,
            "acc": 0.78696
        },
        "144": {
            "loss": 0.6041755543645385,
            "acc": 0.7862
        },
        "145": {
            "loss": 0.5978260598219264,
            "acc": 0.78816
        },
        "146": {
            "loss": 0.5931740568574432,
            "acc": 0.78826
        },
        "147": {
            "loss": 0.589633548046317,
            "acc": 0.78996
        },
        "148": {
            "loss": 0.5812497385170149,
            "acc": 0.79384
        },
        "149": {
            "loss": 0.5818731931164441,
            "acc": 0.79224
        },
        "150": {
            "loss": 0.5531711002140094,
            "acc": 0.80116
        },
        "151": {
            "loss": 0.5429433790009345,
            "acc": 0.8051
        },
        "152": {
            "loss": 0.5398050715094027,
            "acc": 0.80516
        },
        "153": {
            "loss": 0.5342019718626271,
            "acc": 0.80896
        },
        "154": {
            "loss": 0.5331551126202049,
            "acc": 0.80706
        },
        "155": {
            "loss": 0.528172213479381,
            "acc": 0.81174
        },
        "156": {
            "loss": 0.5262040944812852,
            "acc": 0.81046
        },
        "157": {
            "loss": 0.5283830696359619,
            "acc": 0.81196
        },
        "158": {
            "loss": 0.5275179396962266,
            "acc": 0.81218
        },
        "159": {
            "loss": 0.5259806630404099,
            "acc": 0.81188
        },
        "160": {
            "loss": 0.5204297028234243,
            "acc": 0.8114
        },
        "161": {
            "loss": 0.519299446012053,
            "acc": 0.8124
        },
        "162": {
            "loss": 0.5176387441432689,
            "acc": 0.81256
        },
        "163": {
            "loss": 0.5208597779273987,
            "acc": 0.81192
        },
        "164": {
            "loss": 0.5161793643556287,
            "acc": 0.81454
        },
        "165": {
            "loss": 0.5160005367015634,
            "acc": 0.8165
        },
        "166": {
            "loss": 0.5148115674857898,
            "acc": 0.81576
        },
        "167": {
            "loss": 0.5170601747377449,
            "acc": 0.81346
        },
        "168": {
            "loss": 0.513073475312089,
            "acc": 0.81628
        },
        "169": {
            "loss": 0.5120543764375359,
            "acc": 0.81708
        },
        "170": {
            "loss": 0.5125614065495904,
            "acc": 0.81668
        },
        "171": {
            "loss": 0.5133052219820144,
            "acc": 0.8165
        },
        "172": {
            "loss": 0.5078839599476446,
            "acc": 0.81616
        },
        "173": {
            "loss": 0.5074306583160635,
            "acc": 0.81872
        },
        "174": {
            "loss": 0.50733903378172,
            "acc": 0.81918
        },
        "175": {
            "loss": 0.5077390907060765,
            "acc": 0.8178
        },
        "176": {
            "loss": 0.5026720003856112,
            "acc": 0.81802
        },
        "177": {
            "loss": 0.5068857501382413,
            "acc": 0.8174
        },
        "178": {
            "loss": 0.5022445702949143,
            "acc": 0.81942
        },
        "179": {
            "loss": 0.5006344704829213,
            "acc": 0.81956
        },
        "180": {
            "loss": 0.4989909323127678,
            "acc": 0.82072
        },
        "181": {
            "loss": 0.5007351094956898,
            "acc": 0.81894
        },
        "182": {
            "loss": 0.5007899636807649,
            "acc": 0.82138
        },
        "183": {
            "loss": 0.4993314012084776,
            "acc": 0.82054
        },
        "184": {
            "loss": 0.4966956367882926,
            "acc": 0.81998
        },
        "185": {
            "loss": 0.4961358458947038,
            "acc": 0.82238
        },
        "186": {
            "loss": 0.4946637177253928,
            "acc": 0.82222
        },
        "187": {
            "loss": 0.49196407176039714,
            "acc": 0.82212
        },
        "188": {
            "loss": 0.49632625773434746,
            "acc": 0.82192
        },
        "189": {
            "loss": 0.48851159664676014,
            "acc": 0.82558
        },
        "190": {
            "loss": 0.49215322428042324,
            "acc": 0.8239
        },
        "191": {
            "loss": 0.49054777698443675,
            "acc": 0.82554
        },
        "192": {
            "loss": 0.4934448739299384,
            "acc": 0.8211
        },
        "193": {
            "loss": 0.48758672128248093,
            "acc": 0.82356
        },
        "194": {
            "loss": 0.4869382977485657,
            "acc": 0.8247
        },
        "195": {
            "loss": 0.4865886473747166,
            "acc": 0.82402
        },
        "196": {
            "loss": 0.4840725518553458,
            "acc": 0.82538
        },
        "197": {
            "loss": 0.4857796320067647,
            "acc": 0.82634
        },
        "198": {
            "loss": 0.484570692338602,
            "acc": 0.82664
        },
        "199": {
            "loss": 0.4809468425905613,
            "acc": 0.82706
        },
        "200": {
            "loss": 0.47845596501894316,
            "acc": 0.8269
        },
        "201": {
            "loss": 0.48002934219587184,
            "acc": 0.82794
        },
        "202": {
            "loss": 0.48203829586353447,
            "acc": 0.82714
        },
        "203": {
            "loss": 0.4781716627538052,
            "acc": 0.82864
        },
        "204": {
            "loss": 0.4758511657452644,
            "acc": 0.82992
        },
        "205": {
            "loss": 0.4801596961820217,
            "acc": 0.82714
        },
        "206": {
            "loss": 0.47473098920739215,
            "acc": 0.82928
        },
        "207": {
            "loss": 0.473863153125319,
            "acc": 0.8284
        },
        "208": {
            "loss": 0.4733951764033579,
            "acc": 0.82872
        },
        "209": {
            "loss": 0.4763065822746443,
            "acc": 0.82902
        },
        "210": {
            "loss": 0.48140144492964,
            "acc": 0.8242
        },
        "211": {
            "loss": 0.47926594762850905,
            "acc": 0.82774
        },
        "212": {
            "loss": 0.4768911686242389,
            "acc": 0.82968
        },
        "213": {
            "loss": 0.4759304173614668,
            "acc": 0.82844
        },
        "214": {
            "loss": 0.47927596479120765,
            "acc": 0.82682
        },
        "215": {
            "loss": 0.4759353508653543,
            "acc": 0.82826
        },
        "216": {
            "loss": 0.4736929365131251,
            "acc": 0.82822
        },
        "217": {
            "loss": 0.4747841435930003,
            "acc": 0.82738
        },
        "218": {
            "loss": 0.4741735961431128,
            "acc": 0.82734
        },
        "219": {
            "loss": 0.4714550205966091,
            "acc": 0.82984
        },
        "220": {
            "loss": 0.47096365286261227,
            "acc": 0.83002
        },
        "221": {
            "loss": 0.4721433696387064,
            "acc": 0.83096
        },
        "222": {
            "loss": 0.476790056890234,
            "acc": 0.82856
        },
        "223": {
            "loss": 0.47744044166086885,
            "acc": 0.82726
        },
        "224": {
            "loss": 0.47274106466556753,
            "acc": 0.8291
        },
        "225": {
            "loss": 0.4773710258781453,
            "acc": 0.82722
        },
        "226": {
            "loss": 0.4767553061627976,
            "acc": 0.82866
        },
        "227": {
            "loss": 0.47787225619911233,
            "acc": 0.82818
        },
        "228": {
            "loss": 0.47435685702601965,
            "acc": 0.82924
        },
        "229": {
            "loss": 0.4711585192348036,
            "acc": 0.82954
        },
        "230": {
            "loss": 0.47215933762395473,
            "acc": 0.82838
        },
        "231": {
            "loss": 0.4752762645406796,
            "acc": 0.83004
        },
        "232": {
            "loss": 0.4740811725101812,
            "acc": 0.82848
        },
        "233": {
            "loss": 0.4753860219207871,
            "acc": 0.82592
        },
        "234": {
            "loss": 0.47580816571974693,
            "acc": 0.82964
        },
        "235": {
            "loss": 0.47337556129221414,
            "acc": 0.83088
        },
        "236": {
            "loss": 0.47596051374359816,
            "acc": 0.82896
        },
        "237": {
            "loss": 0.47047479622199406,
            "acc": 0.83038
        },
        "238": {
            "loss": 0.47403600598540147,
            "acc": 0.83034
        },
        "239": {
            "loss": 0.4725474784593753,
            "acc": 0.8295
        },
        "240": {
            "loss": 0.47235278949103393,
            "acc": 0.8288
        },
        "241": {
            "loss": 0.47044102805654714,
            "acc": 0.83134
        },
        "242": {
            "loss": 0.47520925527643365,
            "acc": 0.82972
        },
        "243": {
            "loss": 0.47328352455592826,
            "acc": 0.8281
        },
        "244": {
            "loss": 0.4699288758323016,
            "acc": 0.83078
        },
        "245": {
            "loss": 0.47371264202210606,
            "acc": 0.82844
        },
        "246": {
            "loss": 0.47597000513540205,
            "acc": 0.82856
        },
        "247": {
            "loss": 0.4754894348361608,
            "acc": 0.82794
        },
        "248": {
            "loss": 0.4713081989599311,
            "acc": 0.8288
        },
        "249": {
            "loss": 0.4692517393995124,
            "acc": 0.83072
        }
    },
    "test": {
        "0": {
            "loss": 1.5758620738983153,
            "acc": 0.4127
        },
        "1": {
            "loss": 1.7208494687080382,
            "acc": 0.4546
        },
        "3": {
            "loss": 1.312374312877655,
            "acc": 0.5383
        },
        "5": {
            "loss": 1.1900227928161622,
            "acc": 0.5849
        },
        "7": {
            "loss": 1.3013848400115966,
            "acc": 0.568
        },
        "9": {
            "loss": 1.2333171820640565,
            "acc": 0.571
        },
        "11": {
            "loss": 1.187527618408203,
            "acc": 0.5895
        },
        "13": {
            "loss": 1.2571218585968018,
            "acc": 0.5723
        },
        "15": {
            "loss": 1.2616099500656128,
            "acc": 0.5612
        },
        "17": {
            "loss": 1.2389417600631714,
            "acc": 0.5829
        },
        "19": {
            "loss": 1.268987135887146,
            "acc": 0.582
        },
        "21": {
            "loss": 1.2488141393661498,
            "acc": 0.5794
        },
        "23": {
            "loss": 1.2582500338554383,
            "acc": 0.5767
        },
        "25": {
            "loss": 1.2492284536361695,
            "acc": 0.5956
        },
        "27": {
            "loss": 1.3379066801071167,
            "acc": 0.5475
        },
        "29": {
            "loss": 1.269843373298645,
            "acc": 0.5631
        },
        "31": {
            "loss": 1.247293038368225,
            "acc": 0.5823
        },
        "33": {
            "loss": 1.2503372883796693,
            "acc": 0.5877
        },
        "35": {
            "loss": 1.249489324092865,
            "acc": 0.5881
        },
        "37": {
            "loss": 1.3912546300888062,
            "acc": 0.5522
        },
        "39": {
            "loss": 1.35021386384964,
            "acc": 0.5627
        },
        "41": {
            "loss": 1.268807611465454,
            "acc": 0.5884
        },
        "43": {
            "loss": 1.255502576828003,
            "acc": 0.5986
        },
        "45": {
            "loss": 1.3037987399101256,
            "acc": 0.5711
        },
        "47": {
            "loss": 1.3277853369712829,
            "acc": 0.5667
        },
        "49": {
            "loss": 1.4306962037086486,
            "acc": 0.551
        },
        "51": {
            "loss": 1.24340651512146,
            "acc": 0.6027
        },
        "53": {
            "loss": 1.285946671962738,
            "acc": 0.5783
        },
        "55": {
            "loss": 1.2278763604164125,
            "acc": 0.5926
        },
        "57": {
            "loss": 1.320210199356079,
            "acc": 0.5615
        },
        "59": {
            "loss": 1.2346309041976928,
            "acc": 0.5835
        },
        "61": {
            "loss": 1.215528235435486,
            "acc": 0.597
        },
        "63": {
            "loss": 1.1999816501140594,
            "acc": 0.6051
        },
        "65": {
            "loss": 1.17246896982193,
            "acc": 0.6219
        },
        "67": {
            "loss": 1.201121563911438,
            "acc": 0.6026
        },
        "69": {
            "loss": 1.318821713924408,
            "acc": 0.5476
        },
        "71": {
            "loss": 1.2304280304908752,
            "acc": 0.6067
        },
        "73": {
            "loss": 1.3282550621032714,
            "acc": 0.5601
        },
        "75": {
            "loss": 1.2857557868957519,
            "acc": 0.5747
        },
        "77": {
            "loss": 1.2373967945575715,
            "acc": 0.6074
        },
        "79": {
            "loss": 1.2575227046012878,
            "acc": 0.6024
        },
        "81": {
            "loss": 1.2422438192367553,
            "acc": 0.5861
        },
        "83": {
            "loss": 1.228568856716156,
            "acc": 0.5933
        },
        "85": {
            "loss": 1.1942747700214387,
            "acc": 0.6099
        },
        "87": {
            "loss": 1.1980236959457398,
            "acc": 0.5984
        },
        "89": {
            "loss": 1.2384195876121522,
            "acc": 0.5996
        },
        "91": {
            "loss": 1.202473405599594,
            "acc": 0.6102
        },
        "93": {
            "loss": 1.2070218050479888,
            "acc": 0.6202
        },
        "95": {
            "loss": 1.266960699558258,
            "acc": 0.5902
        },
        "97": {
            "loss": 1.2509839272499084,
            "acc": 0.595
        },
        "99": {
            "loss": 1.2303852581977843,
            "acc": 0.6028
        },
        "101": {
            "loss": 0.9327389371395111,
            "acc": 0.6867
        },
        "103": {
            "loss": 0.8914532196521759,
            "acc": 0.7
        },
        "105": {
            "loss": 0.8683200430870056,
            "acc": 0.7024
        },
        "107": {
            "loss": 0.8458342576026916,
            "acc": 0.7099
        },
        "109": {
            "loss": 0.829773691892624,
            "acc": 0.716
        },
        "111": {
            "loss": 0.8189301586151123,
            "acc": 0.7183
        },
        "113": {
            "loss": 0.8173095571994782,
            "acc": 0.7234
        },
        "115": {
            "loss": 0.823411672115326,
            "acc": 0.7217
        },
        "117": {
            "loss": 0.7961128652095795,
            "acc": 0.7271
        },
        "119": {
            "loss": 0.8010727679729461,
            "acc": 0.7271
        },
        "121": {
            "loss": 0.7856504034996032,
            "acc": 0.7375
        },
        "123": {
            "loss": 0.7907180166244507,
            "acc": 0.7344
        },
        "125": {
            "loss": 0.7723190879821777,
            "acc": 0.744
        },
        "127": {
            "loss": 0.768342078924179,
            "acc": 0.74
        },
        "129": {
            "loss": 0.764522819519043,
            "acc": 0.741
        },
        "131": {
            "loss": 0.7569033920764923,
            "acc": 0.7414
        },
        "133": {
            "loss": 0.7564739108085632,
            "acc": 0.7395
        },
        "135": {
            "loss": 0.7593576097488404,
            "acc": 0.7425
        },
        "137": {
            "loss": 0.7626075327396393,
            "acc": 0.7416
        },
        "139": {
            "loss": 0.7539866650104523,
            "acc": 0.7445
        },
        "141": {
            "loss": 0.760146232843399,
            "acc": 0.7441
        },
        "143": {
            "loss": 0.7524116349220276,
            "acc": 0.7439
        },
        "145": {
            "loss": 0.7550950050354004,
            "acc": 0.7418
        },
        "147": {
            "loss": 0.7462345004081726,
            "acc": 0.7507
        },
        "149": {
            "loss": 0.7583398270606995,
            "acc": 0.7469
        },
        "151": {
            "loss": 0.7367231810092926,
            "acc": 0.7524
        },
        "153": {
            "loss": 0.7359233629703522,
            "acc": 0.7549
        },
        "155": {
            "loss": 0.7364851117134095,
            "acc": 0.7542
        },
        "157": {
            "loss": 0.7343173503875733,
            "acc": 0.7552
        },
        "159": {
            "loss": 0.7365963649749756,
            "acc": 0.7554
        },
        "161": {
            "loss": 0.7365441083908081,
            "acc": 0.754
        },
        "163": {
            "loss": 0.7381527876853943,
            "acc": 0.7529
        },
        "165": {
            "loss": 0.7373366415500641,
            "acc": 0.7566
        },
        "167": {
            "loss": 0.7383131349086761,
            "acc": 0.7545
        },
        "169": {
            "loss": 0.7364724236726761,
            "acc": 0.7558
        },
        "171": {
            "loss": 0.7400877153873444,
            "acc": 0.7553
        },
        "173": {
            "loss": 0.7397372722625732,
            "acc": 0.7553
        },
        "175": {
            "loss": 0.7364797276258469,
            "acc": 0.7576
        },
        "177": {
            "loss": 0.7366319268941879,
            "acc": 0.7578
        },
        "179": {
            "loss": 0.7396680390834809,
            "acc": 0.7566
        },
        "181": {
            "loss": 0.7430571460723877,
            "acc": 0.7539
        },
        "183": {
            "loss": 0.7448798060417176,
            "acc": 0.7547
        },
        "185": {
            "loss": 0.7401365047693252,
            "acc": 0.7584
        },
        "187": {
            "loss": 0.7434676337242127,
            "acc": 0.7549
        },
        "189": {
            "loss": 0.7399919652938842,
            "acc": 0.756
        },
        "191": {
            "loss": 0.741138756275177,
            "acc": 0.7563
        },
        "193": {
            "loss": 0.742551948428154,
            "acc": 0.7558
        },
        "195": {
            "loss": 0.7409712815284729,
            "acc": 0.7549
        },
        "197": {
            "loss": 0.7445172780752182,
            "acc": 0.7574
        },
        "199": {
            "loss": 0.7406666660308838,
            "acc": 0.758
        },
        "201": {
            "loss": 0.7440567314624786,
            "acc": 0.7576
        },
        "203": {
            "loss": 0.7439950650930405,
            "acc": 0.757
        },
        "205": {
            "loss": 0.7443369048833847,
            "acc": 0.7582
        },
        "207": {
            "loss": 0.7446563166379928,
            "acc": 0.7572
        },
        "209": {
            "loss": 0.7444686609506607,
            "acc": 0.758
        },
        "211": {
            "loss": 0.7434957247972488,
            "acc": 0.7575
        },
        "213": {
            "loss": 0.744258223772049,
            "acc": 0.7582
        },
        "215": {
            "loss": 0.7436062514781951,
            "acc": 0.7579
        },
        "217": {
            "loss": 0.7439965415000915,
            "acc": 0.758
        },
        "219": {
            "loss": 0.7435710430145264,
            "acc": 0.7579
        },
        "221": {
            "loss": 0.7441762906312942,
            "acc": 0.7583
        },
        "223": {
            "loss": 0.7439733111858368,
            "acc": 0.7588
        },
        "225": {
            "loss": 0.7439803016185761,
            "acc": 0.7574
        },
        "227": {
            "loss": 0.7443181252479554,
            "acc": 0.7583
        },
        "229": {
            "loss": 0.7439897400140763,
            "acc": 0.7578
        },
        "231": {
            "loss": 0.7440829336643219,
            "acc": 0.7573
        },
        "233": {
            "loss": 0.744313942193985,
            "acc": 0.7572
        },
        "235": {
            "loss": 0.7445310062170029,
            "acc": 0.7574
        },
        "237": {
            "loss": 0.7446762818098068,
            "acc": 0.757
        },
        "239": {
            "loss": 0.7443521338701248,
            "acc": 0.757
        },
        "241": {
            "loss": 0.7453888934850693,
            "acc": 0.7565
        },
        "243": {
            "loss": 0.7450249874591828,
            "acc": 0.7564
        },
        "245": {
            "loss": 0.7446412348747253,
            "acc": 0.7566
        },
        "247": {
            "loss": 0.7447229945659637,
            "acc": 0.7565
        },
        "249": {
            "loss": 0.7456989097595215,
            "acc": 0.7566
        }
    },
    "info": {
        "best_epoch": 223,
        "best_acc": 75.88,
        "n_params": 2261834
    }
}