{
    "train": {
        "0": {
            "loss": 1.8828958690623798,
            "acc": 0.2888
        },
        "1": {
            "loss": 1.5311028865902014,
            "acc": 0.44264
        },
        "2": {
            "loss": 1.4158885116162507,
            "acc": 0.48914
        },
        "3": {
            "loss": 1.355972633947192,
            "acc": 0.51522
        },
        "4": {
            "loss": 1.3099730334928275,
            "acc": 0.53386
        },
        "5": {
            "loss": 1.2686652887202894,
            "acc": 0.54934
        },
        "6": {
            "loss": 1.249346543608419,
            "acc": 0.55882
        },
        "7": {
            "loss": 1.231512292876573,
            "acc": 0.56474
        },
        "8": {
            "loss": 1.2096230867878555,
            "acc": 0.57426
        },
        "9": {
            "loss": 1.2027005871848377,
            "acc": 0.5794
        },
        "10": {
            "loss": 1.1881799617081956,
            "acc": 0.5838
        },
        "11": {
            "loss": 1.1799653224323108,
            "acc": 0.58694
        },
        "12": {
            "loss": 1.180632654053476,
            "acc": 0.58872
        },
        "13": {
            "loss": 1.1636233828256808,
            "acc": 0.5924
        },
        "14": {
            "loss": 1.1708444256306914,
            "acc": 0.59504
        },
        "15": {
            "loss": 1.167468832276971,
            "acc": 0.59418
        },
        "16": {
            "loss": 1.1673890843110926,
            "acc": 0.59584
        },
        "17": {
            "loss": 1.1636010271204098,
            "acc": 0.59646
        },
        "18": {
            "loss": 1.1600917780490787,
            "acc": 0.59722
        },
        "19": {
            "loss": 1.1546110298932362,
            "acc": 0.59874
        },
        "20": {
            "loss": 1.1616732385152442,
            "acc": 0.59828
        },
        "21": {
            "loss": 1.1543168311228837,
            "acc": 0.6008
        },
        "22": {
            "loss": 1.161241670398761,
            "acc": 0.59988
        },
        "23": {
            "loss": 1.1596755085089017,
            "acc": 0.59876
        },
        "24": {
            "loss": 1.1626890100481566,
            "acc": 0.59814
        },
        "25": {
            "loss": 1.1569021037777367,
            "acc": 0.60208
        },
        "26": {
            "loss": 1.1578928550795826,
            "acc": 0.60096
        },
        "27": {
            "loss": 1.1566085519693088,
            "acc": 0.60272
        },
        "28": {
            "loss": 1.152256212271083,
            "acc": 0.60342
        },
        "29": {
            "loss": 1.1534416007873651,
            "acc": 0.60546
        },
        "30": {
            "loss": 1.1607463728741307,
            "acc": 0.60002
        },
        "31": {
            "loss": 1.1597198139676048,
            "acc": 0.60232
        },
        "32": {
            "loss": 1.1568222359928024,
            "acc": 0.60268
        },
        "33": {
            "loss": 1.16182428506939,
            "acc": 0.60054
        },
        "34": {
            "loss": 1.1510836549122314,
            "acc": 0.60436
        },
        "35": {
            "loss": 1.169030816506242,
            "acc": 0.601
        },
        "36": {
            "loss": 1.1622663285116406,
            "acc": 0.6022
        },
        "37": {
            "loss": 1.15737121214952,
            "acc": 0.60336
        },
        "38": {
            "loss": 1.1598469854315834,
            "acc": 0.60088
        },
        "39": {
            "loss": 1.1576882721213124,
            "acc": 0.60266
        },
        "40": {
            "loss": 1.153537458166137,
            "acc": 0.6038
        },
        "41": {
            "loss": 1.165918012714142,
            "acc": 0.60148
        },
        "42": {
            "loss": 1.1608322680453815,
            "acc": 0.60128
        },
        "43": {
            "loss": 1.147030412236138,
            "acc": 0.60854
        },
        "44": {
            "loss": 1.154254456005438,
            "acc": 0.60624
        },
        "45": {
            "loss": 1.154032935419351,
            "acc": 0.60532
        },
        "46": {
            "loss": 1.1568366028463748,
            "acc": 0.60394
        },
        "47": {
            "loss": 1.1649001951107893,
            "acc": 0.60314
        },
        "48": {
            "loss": 1.1598469957976085,
            "acc": 0.6047
        },
        "49": {
            "loss": 1.1606229502526695,
            "acc": 0.60226
        },
        "50": {
            "loss": 1.1652217595778462,
            "acc": 0.6037
        },
        "51": {
            "loss": 1.1545896574359416,
            "acc": 0.60686
        },
        "52": {
            "loss": 1.1621595730866923,
            "acc": 0.60446
        },
        "53": {
            "loss": 1.1503448210408926,
            "acc": 0.60862
        },
        "54": {
            "loss": 1.1538565297565802,
            "acc": 0.60884
        },
        "55": {
            "loss": 1.1498015291245698,
            "acc": 0.60792
        },
        "56": {
            "loss": 1.1528182064785677,
            "acc": 0.60656
        },
        "57": {
            "loss": 1.157452891854679,
            "acc": 0.60884
        },
        "58": {
            "loss": 1.1574685527845416,
            "acc": 0.60588
        },
        "59": {
            "loss": 1.1478446813495569,
            "acc": 0.60524
        },
        "60": {
            "loss": 1.157370718086467,
            "acc": 0.60698
        },
        "61": {
            "loss": 1.1506753147715498,
            "acc": 0.60738
        },
        "62": {
            "loss": 1.155818126390657,
            "acc": 0.60856
        },
        "63": {
            "loss": 1.1550050483030432,
            "acc": 0.60936
        },
        "64": {
            "loss": 1.1459281456744885,
            "acc": 0.60728
        },
        "65": {
            "loss": 1.1491837163105645,
            "acc": 0.61052
        },
        "66": {
            "loss": 1.1421282539892075,
            "acc": 0.614
        },
        "67": {
            "loss": 1.1429120666535615,
            "acc": 0.61138
        },
        "68": {
            "loss": 1.1462130964259662,
            "acc": 0.61076
        },
        "69": {
            "loss": 1.1479688934657886,
            "acc": 0.61012
        },
        "70": {
            "loss": 1.146400803190363,
            "acc": 0.6087
        },
        "71": {
            "loss": 1.1527002812041651,
            "acc": 0.60746
        },
        "72": {
            "loss": 1.1559168396093655,
            "acc": 0.60722
        },
        "73": {
            "loss": 1.146561686187754,
            "acc": 0.61168
        },
        "74": {
            "loss": 1.1516674508524063,
            "acc": 0.6093
        },
        "75": {
            "loss": 1.1462252922070302,
            "acc": 0.60976
        },
        "76": {
            "loss": 1.1390441291777373,
            "acc": 0.61538
        },
        "77": {
            "loss": 1.1400509802886591,
            "acc": 0.61466
        },
        "78": {
            "loss": 1.1455526694922191,
            "acc": 0.61108
        },
        "79": {
            "loss": 1.1359160775723665,
            "acc": 0.6162
        },
        "80": {
            "loss": 1.1398428913272556,
            "acc": 0.6139
        },
        "81": {
            "loss": 1.136845929086056,
            "acc": 0.61426
        },
        "82": {
            "loss": 1.1500916316381196,
            "acc": 0.60858
        },
        "83": {
            "loss": 1.1495131235903182,
            "acc": 0.61096
        },
        "84": {
            "loss": 1.1436866936476335,
            "acc": 0.61308
        },
        "85": {
            "loss": 1.1414840596411235,
            "acc": 0.61178
        },
        "86": {
            "loss": 1.1384445405982035,
            "acc": 0.6115
        },
        "87": {
            "loss": 1.1299241865077592,
            "acc": 0.6163
        },
        "88": {
            "loss": 1.146021363985203,
            "acc": 0.60916
        },
        "89": {
            "loss": 1.1410475257412551,
            "acc": 0.61538
        },
        "90": {
            "loss": 1.1416459303072957,
            "acc": 0.61128
        },
        "91": {
            "loss": 1.1311513892829876,
            "acc": 0.61536
        },
        "92": {
            "loss": 1.1369185560499615,
            "acc": 0.61388
        },
        "93": {
            "loss": 1.1441142863934608,
            "acc": 0.61076
        },
        "94": {
            "loss": 1.1376393970930974,
            "acc": 0.6123
        },
        "95": {
            "loss": 1.1325393832857957,
            "acc": 0.61518
        },
        "96": {
            "loss": 1.1334640845618285,
            "acc": 0.61442
        },
        "97": {
            "loss": 1.132457348391833,
            "acc": 0.6178
        },
        "98": {
            "loss": 1.1300266952160984,
            "acc": 0.61894
        },
        "99": {
            "loss": 1.135597524740507,
            "acc": 0.61428
        },
        "100": {
            "loss": 0.9708473856186928,
            "acc": 0.6663
        },
        "101": {
            "loss": 0.898379095222639,
            "acc": 0.68864
        },
        "102": {
            "loss": 0.8683942344487475,
            "acc": 0.6975
        },
        "103": {
            "loss": 0.8536110270358718,
            "acc": 0.7047
        },
        "104": {
            "loss": 0.8282354550288461,
            "acc": 0.71084
        },
        "105": {
            "loss": 0.823696534804371,
            "acc": 0.71402
        },
        "106": {
            "loss": 0.8160068898859536,
            "acc": 0.71502
        },
        "107": {
            "loss": 0.8010023259140951,
            "acc": 0.7194
        },
        "108": {
            "loss": 0.7959997437494185,
            "acc": 0.719
        },
        "109": {
            "loss": 0.7847497855001093,
            "acc": 0.7265
        },
        "110": {
            "loss": 0.7730805006478448,
            "acc": 0.72876
        },
        "111": {
            "loss": 0.7698220145671874,
            "acc": 0.729
        },
        "112": {
            "loss": 0.7571867117491524,
            "acc": 0.73352
        },
        "113": {
            "loss": 0.7514157455290675,
            "acc": 0.73462
        },
        "114": {
            "loss": 0.7467834179663597,
            "acc": 0.7366
        },
        "115": {
            "loss": 0.7381683540771075,
            "acc": 0.74022
        },
        "116": {
            "loss": 0.7322468221797358,
            "acc": 0.74206
        },
        "117": {
            "loss": 0.7227384691957928,
            "acc": 0.74342
        },
        "118": {
            "loss": 0.7208832073242158,
            "acc": 0.7443
        },
        "119": {
            "loss": 0.7102627072797711,
            "acc": 0.7467
        },
        "120": {
            "loss": 0.7102620080303963,
            "acc": 0.74786
        },
        "121": {
            "loss": 0.7009963589098752,
            "acc": 0.75104
        },
        "122": {
            "loss": 0.6964493183528676,
            "acc": 0.7528
        },
        "123": {
            "loss": 0.6900361928793476,
            "acc": 0.75512
        },
        "124": {
            "loss": 0.6868534303839554,
            "acc": 0.7541
        },
        "125": {
            "loss": 0.6835082188591628,
            "acc": 0.75698
        },
        "126": {
            "loss": 0.6777467524151668,
            "acc": 0.7586
        },
        "127": {
            "loss": 0.6697059736379882,
            "acc": 0.76158
        },
        "128": {
            "loss": 0.665755768337518,
            "acc": 0.7619
        },
        "129": {
            "loss": 0.6579633530448464,
            "acc": 0.76422
        },
        "130": {
            "loss": 0.6533072121307978,
            "acc": 0.76868
        },
        "131": {
            "loss": 0.6503713098938203,
            "acc": 0.76842
        },
        "132": {
            "loss": 0.6431466900479154,
            "acc": 0.76968
        },
        "133": {
            "loss": 0.6419315997444456,
            "acc": 0.77104
        },
        "134": {
            "loss": 0.6343900549899587,
            "acc": 0.77312
        },
        "135": {
            "loss": 0.625760950776927,
            "acc": 0.77496
        },
        "136": {
            "loss": 0.6195728591336008,
            "acc": 0.77614
        },
        "137": {
            "loss": 0.6198218759825772,
            "acc": 0.77678
        },
        "138": {
            "loss": 0.6095948301617752,
            "acc": 0.78082
        },
        "139": {
            "loss": 0.6091958963505143,
            "acc": 0.7824
        },
        "140": {
            "loss": 0.6069218181740598,
            "acc": 0.78114
        },
        "141": {
            "loss": 0.6001439743182239,
            "acc": 0.7838
        },
        "142": {
            "loss": 0.5922610337472023,
            "acc": 0.78866
        },
        "143": {
            "loss": 0.5890229238421106,
            "acc": 0.7874
        },
        "144": {
            "loss": 0.5837721169147345,
            "acc": 0.78984
        },
        "145": {
            "loss": 0.5766876393266956,
            "acc": 0.79168
        },
        "146": {
            "loss": 0.5769874709646415,
            "acc": 0.79064
        },
        "147": {
            "loss": 0.5661794463234484,
            "acc": 0.7969
        },
        "148": {
            "loss": 0.5619949252556657,
            "acc": 0.7993
        },
        "149": {
            "loss": 0.561284818307823,
            "acc": 0.7984
        },
        "150": {
            "loss": 0.5280725801997173,
            "acc": 0.8105
        },
        "151": {
            "loss": 0.5077833161329675,
            "acc": 0.81736
        },
        "152": {
            "loss": 0.5044310705741043,
            "acc": 0.82016
        },
        "153": {
            "loss": 0.5001027939264732,
            "acc": 0.82078
        },
        "154": {
            "loss": 0.49932965346614416,
            "acc": 0.81956
        },
        "155": {
            "loss": 0.4962170917512206,
            "acc": 0.82214
        },
        "156": {
            "loss": 0.49132159596209024,
            "acc": 0.82542
        },
        "157": {
            "loss": 0.49178034341548715,
            "acc": 0.82288
        },
        "158": {
            "loss": 0.4909293733137038,
            "acc": 0.82236
        },
        "159": {
            "loss": 0.4839396868520381,
            "acc": 0.826
        },
        "160": {
            "loss": 0.48551724687256775,
            "acc": 0.8257
        },
        "161": {
            "loss": 0.4817732521487624,
            "acc": 0.82572
        },
        "162": {
            "loss": 0.48412438426786064,
            "acc": 0.82526
        },
        "163": {
            "loss": 0.4759427597150778,
            "acc": 0.82964
        },
        "164": {
            "loss": 0.4799257486372653,
            "acc": 0.8285
        },
        "165": {
            "loss": 0.47485409223515057,
            "acc": 0.83012
        },
        "166": {
            "loss": 0.47289349622738636,
            "acc": 0.82976
        },
        "167": {
            "loss": 0.4719444934059592,
            "acc": 0.82898
        },
        "168": {
            "loss": 0.4688305418052332,
            "acc": 0.83164
        },
        "169": {
            "loss": 0.4652417910373424,
            "acc": 0.83382
        },
        "170": {
            "loss": 0.4697654570460015,
            "acc": 0.83068
        },
        "171": {
            "loss": 0.464475027054472,
            "acc": 0.83378
        },
        "172": {
            "loss": 0.46579360832338745,
            "acc": 0.83204
        },
        "173": {
            "loss": 0.46266802074506763,
            "acc": 0.835
        },
        "174": {
            "loss": 0.46542686223983765,
            "acc": 0.83254
        },
        "175": {
            "loss": 0.4639152363895455,
            "acc": 0.83348
        },
        "176": {
            "loss": 0.46055698470996165,
            "acc": 0.83656
        },
        "177": {
            "loss": 0.4578995128421832,
            "acc": 0.83738
        },
        "178": {
            "loss": 0.46018122422420765,
            "acc": 0.83506
        },
        "179": {
            "loss": 0.45790725618677064,
            "acc": 0.83508
        },
        "180": {
            "loss": 0.4603410355575249,
            "acc": 0.83432
        },
        "181": {
            "loss": 0.4554277786513424,
            "acc": 0.83698
        },
        "182": {
            "loss": 0.45631962366726087,
            "acc": 0.83586
        },
        "183": {
            "loss": 0.4495909605794551,
            "acc": 0.83896
        },
        "184": {
            "loss": 0.4508972657306115,
            "acc": 0.8379
        },
        "185": {
            "loss": 0.4496183651487541,
            "acc": 0.8381
        },
        "186": {
            "loss": 0.44482262863222594,
            "acc": 0.8393
        },
        "187": {
            "loss": 0.45186856472888565,
            "acc": 0.83816
        },
        "188": {
            "loss": 0.4471785007687786,
            "acc": 0.83952
        },
        "189": {
            "loss": 0.44351840872898735,
            "acc": 0.8409
        },
        "190": {
            "loss": 0.4353730141964105,
            "acc": 0.84546
        },
        "191": {
            "loss": 0.4435926445609773,
            "acc": 0.84256
        },
        "192": {
            "loss": 0.43989883603342356,
            "acc": 0.84126
        },
        "193": {
            "loss": 0.4403410035630931,
            "acc": 0.84174
        },
        "194": {
            "loss": 0.4420267335136833,
            "acc": 0.83982
        },
        "195": {
            "loss": 0.4316758845392091,
            "acc": 0.8444
        },
        "196": {
            "loss": 0.433263261223693,
            "acc": 0.84522
        },
        "197": {
            "loss": 0.43897139035222477,
            "acc": 0.8441
        },
        "198": {
            "loss": 0.42882238301779607,
            "acc": 0.84492
        },
        "199": {
            "loss": 0.4336271768107134,
            "acc": 0.84434
        },
        "200": {
            "loss": 0.4275660288455846,
            "acc": 0.84716
        },
        "201": {
            "loss": 0.42249735869714977,
            "acc": 0.84888
        },
        "202": {
            "loss": 0.42428371874267795,
            "acc": 0.84938
        },
        "203": {
            "loss": 0.42525185701792195,
            "acc": 0.84782
        },
        "204": {
            "loss": 0.42470075613092584,
            "acc": 0.8489
        },
        "205": {
            "loss": 0.4215752209162773,
            "acc": 0.8488
        },
        "206": {
            "loss": 0.4254827358381218,
            "acc": 0.84884
        },
        "207": {
            "loss": 0.427386383838056,
            "acc": 0.8467
        },
        "208": {
            "loss": 0.4293698810250558,
            "acc": 0.84448
        },
        "209": {
            "loss": 0.42998358935041503,
            "acc": 0.84762
        },
        "210": {
            "loss": 0.41931039415052174,
            "acc": 0.84884
        },
        "211": {
            "loss": 0.4231378190657672,
            "acc": 0.8496
        },
        "212": {
            "loss": 0.4209949157731917,
            "acc": 0.85
        },
        "213": {
            "loss": 0.4203341070114804,
            "acc": 0.8487
        },
        "214": {
            "loss": 0.4202429524163151,
            "acc": 0.85038
        },
        "215": {
            "loss": 0.42246074402881095,
            "acc": 0.84896
        },
        "216": {
            "loss": 0.42224212673009204,
            "acc": 0.8478
        },
        "217": {
            "loss": 0.42135231067305023,
            "acc": 0.84776
        },
        "218": {
            "loss": 0.42393336774747997,
            "acc": 0.84906
        },
        "219": {
            "loss": 0.4176596882550613,
            "acc": 0.85028
        },
        "220": {
            "loss": 0.4186778481659072,
            "acc": 0.84982
        },
        "221": {
            "loss": 0.42326623567229954,
            "acc": 0.8507
        },
        "222": {
            "loss": 0.42099573804289486,
            "acc": 0.85076
        },
        "223": {
            "loss": 0.421046172261543,
            "acc": 0.84852
        },
        "224": {
            "loss": 0.42440377088154063,
            "acc": 0.8473
        },
        "225": {
            "loss": 0.41735855167936486,
            "acc": 0.85094
        },
        "226": {
            "loss": 0.4232235190356174,
            "acc": 0.848
        },
        "227": {
            "loss": 0.4198104870288878,
            "acc": 0.84892
        },
        "228": {
            "loss": 0.4176208430239002,
            "acc": 0.84944
        },
        "229": {
            "loss": 0.4132438571480534,
            "acc": 0.85066
        },
        "230": {
            "loss": 0.4232689210825869,
            "acc": 0.84922
        },
        "231": {
            "loss": 0.4193056261600436,
            "acc": 0.84902
        },
        "232": {
            "loss": 0.41704271318357616,
            "acc": 0.84996
        },
        "233": {
            "loss": 0.41824700643339424,
            "acc": 0.8504
        },
        "234": {
            "loss": 0.42156562917982526,
            "acc": 0.85048
        },
        "235": {
            "loss": 0.42168207554256215,
            "acc": 0.84864
        },
        "236": {
            "loss": 0.4203684533496037,
            "acc": 0.84954
        },
        "237": {
            "loss": 0.41748863370979533,
            "acc": 0.84974
        },
        "238": {
            "loss": 0.41512458960113624,
            "acc": 0.85064
        },
        "239": {
            "loss": 0.4176515887689103,
            "acc": 0.85198
        },
        "240": {
            "loss": 0.41385319531726106,
            "acc": 0.85094
        },
        "241": {
            "loss": 0.42296429016553533,
            "acc": 0.84848
        },
        "242": {
            "loss": 0.4175088030221822,
            "acc": 0.84984
        },
        "243": {
            "loss": 0.4146114212015401,
            "acc": 0.85132
        },
        "244": {
            "loss": 0.4156135455955325,
            "acc": 0.85304
        },
        "245": {
            "loss": 0.41349965284395096,
            "acc": 0.85282
        },
        "246": {
            "loss": 0.41768295022532764,
            "acc": 0.8503
        },
        "247": {
            "loss": 0.4180326097075592,
            "acc": 0.84898
        },
        "248": {
            "loss": 0.41801753552520976,
            "acc": 0.84856
        },
        "249": {
            "loss": 0.4183595683187475,
            "acc": 0.85348
        }
    },
    "test": {
        "0": {
            "loss": 1.5437990832328796,
            "acc": 0.4318
        },
        "1": {
            "loss": 1.4125412845611571,
            "acc": 0.4767
        },
        "3": {
            "loss": 1.31035950422287,
            "acc": 0.5398
        },
        "5": {
            "loss": 1.2336668276786804,
            "acc": 0.5641
        },
        "7": {
            "loss": 1.156477496623993,
            "acc": 0.5886
        },
        "9": {
            "loss": 1.144997022151947,
            "acc": 0.5964
        },
        "11": {
            "loss": 1.1678744280338287,
            "acc": 0.6001
        },
        "13": {
            "loss": 1.148544101715088,
            "acc": 0.6092
        },
        "15": {
            "loss": 1.166247251033783,
            "acc": 0.5901
        },
        "17": {
            "loss": 1.1667979753017426,
            "acc": 0.6056
        },
        "19": {
            "loss": 1.1194306910037994,
            "acc": 0.6235
        },
        "21": {
            "loss": 1.1446397852897645,
            "acc": 0.6096
        },
        "23": {
            "loss": 1.1489157664775849,
            "acc": 0.6026
        },
        "25": {
            "loss": 1.1654147434234619,
            "acc": 0.6052
        },
        "27": {
            "loss": 1.1475892996788024,
            "acc": 0.6017
        },
        "29": {
            "loss": 1.1464240872859954,
            "acc": 0.6134
        },
        "31": {
            "loss": 1.143924001455307,
            "acc": 0.6105
        },
        "33": {
            "loss": 1.116483327150345,
            "acc": 0.6142
        },
        "35": {
            "loss": 1.1686026954650879,
            "acc": 0.6074
        },
        "37": {
            "loss": 1.1509169256687164,
            "acc": 0.6147
        },
        "39": {
            "loss": 1.1695340752601624,
            "acc": 0.6044
        },
        "41": {
            "loss": 1.1423345613479614,
            "acc": 0.6107
        },
        "43": {
            "loss": 1.1439438664913177,
            "acc": 0.6084
        },
        "45": {
            "loss": 1.1355984389781952,
            "acc": 0.6168
        },
        "47": {
            "loss": 1.16192351937294,
            "acc": 0.6164
        },
        "49": {
            "loss": 1.151271995306015,
            "acc": 0.6146
        },
        "51": {
            "loss": 1.1534709930419922,
            "acc": 0.609
        },
        "53": {
            "loss": 1.0884146344661714,
            "acc": 0.6267
        },
        "55": {
            "loss": 1.1838780128955841,
            "acc": 0.5886
        },
        "57": {
            "loss": 1.1552242970466613,
            "acc": 0.6153
        },
        "59": {
            "loss": 1.1527402424812316,
            "acc": 0.6076
        },
        "61": {
            "loss": 1.170536026954651,
            "acc": 0.598
        },
        "63": {
            "loss": 1.1604188191890716,
            "acc": 0.616
        },
        "65": {
            "loss": 1.1323555099964142,
            "acc": 0.6213
        },
        "67": {
            "loss": 1.162775707244873,
            "acc": 0.6061
        },
        "69": {
            "loss": 1.151158137321472,
            "acc": 0.6123
        },
        "71": {
            "loss": 1.1852989745140077,
            "acc": 0.603
        },
        "73": {
            "loss": 1.1110739421844482,
            "acc": 0.6287
        },
        "75": {
            "loss": 1.1370793581008911,
            "acc": 0.6205
        },
        "77": {
            "loss": 1.165933873653412,
            "acc": 0.6112
        },
        "79": {
            "loss": 1.1103982484340669,
            "acc": 0.6219
        },
        "81": {
            "loss": 1.1035202145576477,
            "acc": 0.6258
        },
        "83": {
            "loss": 1.1771917951107025,
            "acc": 0.6107
        },
        "85": {
            "loss": 1.1719662737846375,
            "acc": 0.6086
        },
        "87": {
            "loss": 1.151771069765091,
            "acc": 0.6037
        },
        "89": {
            "loss": 1.1105269122123718,
            "acc": 0.631
        },
        "91": {
            "loss": 1.1484533083438873,
            "acc": 0.6178
        },
        "93": {
            "loss": 1.1240004694461823,
            "acc": 0.6214
        },
        "95": {
            "loss": 1.2031128239631652,
            "acc": 0.5852
        },
        "97": {
            "loss": 1.13809876203537,
            "acc": 0.611
        },
        "99": {
            "loss": 1.1927299809455871,
            "acc": 0.5966
        },
        "101": {
            "loss": 0.9243186235427856,
            "acc": 0.6825
        },
        "103": {
            "loss": 0.8998954558372497,
            "acc": 0.6889
        },
        "105": {
            "loss": 0.8949237060546875,
            "acc": 0.6939
        },
        "107": {
            "loss": 0.880926285982132,
            "acc": 0.6964
        },
        "109": {
            "loss": 0.8749444949626922,
            "acc": 0.6952
        },
        "111": {
            "loss": 0.866630744934082,
            "acc": 0.7007
        },
        "113": {
            "loss": 0.8660240137577057,
            "acc": 0.7041
        },
        "115": {
            "loss": 0.8491574954986573,
            "acc": 0.7086
        },
        "117": {
            "loss": 0.8602325236797332,
            "acc": 0.7046
        },
        "119": {
            "loss": 0.8543403351306915,
            "acc": 0.7086
        },
        "121": {
            "loss": 0.8535392928123474,
            "acc": 0.7092
        },
        "123": {
            "loss": 0.8523774755001068,
            "acc": 0.7107
        },
        "125": {
            "loss": 0.8511645770072938,
            "acc": 0.7107
        },
        "127": {
            "loss": 0.8453844177722931,
            "acc": 0.7142
        },
        "129": {
            "loss": 0.8448980498313904,
            "acc": 0.7129
        },
        "131": {
            "loss": 0.8438674557209015,
            "acc": 0.7129
        },
        "133": {
            "loss": 0.8536459362506866,
            "acc": 0.7119
        },
        "135": {
            "loss": 0.8533906078338623,
            "acc": 0.714
        },
        "137": {
            "loss": 0.867268649339676,
            "acc": 0.7139
        },
        "139": {
            "loss": 0.8820361948013306,
            "acc": 0.711
        },
        "141": {
            "loss": 0.8657749879360199,
            "acc": 0.7178
        },
        "143": {
            "loss": 0.8826299023628235,
            "acc": 0.7121
        },
        "145": {
            "loss": 0.8782842898368836,
            "acc": 0.7162
        },
        "147": {
            "loss": 0.8789105391502381,
            "acc": 0.7161
        },
        "149": {
            "loss": 0.8778657186031341,
            "acc": 0.7163
        },
        "151": {
            "loss": 0.8595249938964844,
            "acc": 0.724
        },
        "153": {
            "loss": 0.8619282221794129,
            "acc": 0.7252
        },
        "155": {
            "loss": 0.8651203298568726,
            "acc": 0.7249
        },
        "157": {
            "loss": 0.8679111075401306,
            "acc": 0.7237
        },
        "159": {
            "loss": 0.8742224991321563,
            "acc": 0.724
        },
        "161": {
            "loss": 0.8814003825187683,
            "acc": 0.7229
        },
        "163": {
            "loss": 0.8815751135349273,
            "acc": 0.7212
        },
        "165": {
            "loss": 0.8829237842559814,
            "acc": 0.7211
        },
        "167": {
            "loss": 0.8825135838985443,
            "acc": 0.7236
        },
        "169": {
            "loss": 0.8876647901535034,
            "acc": 0.7224
        },
        "171": {
            "loss": 0.8922336924076081,
            "acc": 0.7208
        },
        "173": {
            "loss": 0.8907310426235199,
            "acc": 0.7235
        },
        "175": {
            "loss": 0.8896329641342163,
            "acc": 0.7228
        },
        "177": {
            "loss": 0.89795339345932,
            "acc": 0.7213
        },
        "179": {
            "loss": 0.8993701922893524,
            "acc": 0.7213
        },
        "181": {
            "loss": 0.9016960203647614,
            "acc": 0.7215
        },
        "183": {
            "loss": 0.9031591653823853,
            "acc": 0.722
        },
        "185": {
            "loss": 0.9050393724441528,
            "acc": 0.7203
        },
        "187": {
            "loss": 0.9057055866718292,
            "acc": 0.7213
        },
        "189": {
            "loss": 0.9075956809520721,
            "acc": 0.722
        },
        "191": {
            "loss": 0.913315578699112,
            "acc": 0.7213
        },
        "193": {
            "loss": 0.9145448589324952,
            "acc": 0.7202
        },
        "195": {
            "loss": 0.9188896894454956,
            "acc": 0.7202
        },
        "197": {
            "loss": 0.9194456827640534,
            "acc": 0.7197
        },
        "199": {
            "loss": 0.9233707427978516,
            "acc": 0.7177
        },
        "201": {
            "loss": 0.921801152229309,
            "acc": 0.7183
        },
        "203": {
            "loss": 0.921917929649353,
            "acc": 0.7175
        },
        "205": {
            "loss": 0.9226288425922394,
            "acc": 0.719
        },
        "207": {
            "loss": 0.9226575767993928,
            "acc": 0.7187
        },
        "209": {
            "loss": 0.9218582391738892,
            "acc": 0.7177
        },
        "211": {
            "loss": 0.9214459526538848,
            "acc": 0.7179
        },
        "213": {
            "loss": 0.9222950422763825,
            "acc": 0.7184
        },
        "215": {
            "loss": 0.922233806848526,
            "acc": 0.7186
        },
        "217": {
            "loss": 0.9227514243125916,
            "acc": 0.7185
        },
        "219": {
            "loss": 0.9226786315441131,
            "acc": 0.7186
        },
        "221": {
            "loss": 0.9244394183158875,
            "acc": 0.7181
        },
        "223": {
            "loss": 0.9241868400573731,
            "acc": 0.717
        },
        "225": {
            "loss": 0.9240245974063873,
            "acc": 0.7176
        },
        "227": {
            "loss": 0.9242434096336365,
            "acc": 0.7183
        },
        "229": {
            "loss": 0.925635826587677,
            "acc": 0.7182
        },
        "231": {
            "loss": 0.9241688132286072,
            "acc": 0.7199
        },
        "233": {
            "loss": 0.9238982200622559,
            "acc": 0.718
        },
        "235": {
            "loss": 0.9248386883735656,
            "acc": 0.7188
        },
        "237": {
            "loss": 0.9250440847873688,
            "acc": 0.7179
        },
        "239": {
            "loss": 0.9253851568698883,
            "acc": 0.7179
        },
        "241": {
            "loss": 0.9254541325569153,
            "acc": 0.7187
        },
        "243": {
            "loss": 0.9263558542728424,
            "acc": 0.718
        },
        "245": {
            "loss": 0.9273945820331574,
            "acc": 0.7181
        },
        "247": {
            "loss": 0.926124359369278,
            "acc": 0.7186
        },
        "249": {
            "loss": 0.9271718907356262,
            "acc": 0.7191
        }
    },
    "info": {
        "best_epoch": 153,
        "best_acc": 72.52,
        "n_params": 3302730
    }
}