{
    "train": {
        "0": {
            "loss": 1.483086391635563,
            "acc": 0.45476
        },
        "1": {
            "loss": 1.0486360811973776,
            "acc": 0.62538
        },
        "2": {
            "loss": 0.8843866073719376,
            "acc": 0.6905
        },
        "3": {
            "loss": 0.737348664180397,
            "acc": 0.7453
        },
        "4": {
            "loss": 0.6304560623815297,
            "acc": 0.78314
        },
        "5": {
            "loss": 0.5533658415650773,
            "acc": 0.8098
        },
        "6": {
            "loss": 0.5128044794168314,
            "acc": 0.82434
        },
        "7": {
            "loss": 0.46393031362072584,
            "acc": 0.84112
        },
        "8": {
            "loss": 0.44173173227197376,
            "acc": 0.84956
        },
        "9": {
            "loss": 0.40769458939428527,
            "acc": 0.86006
        },
        "10": {
            "loss": 0.3918628993508456,
            "acc": 0.86748
        },
        "11": {
            "loss": 0.36784112874580466,
            "acc": 0.87306
        },
        "12": {
            "loss": 0.3502921856882627,
            "acc": 0.88008
        },
        "13": {
            "loss": 0.33471542634927404,
            "acc": 0.884
        },
        "14": {
            "loss": 0.3221102456569367,
            "acc": 0.8881
        },
        "15": {
            "loss": 0.30973733418509175,
            "acc": 0.8928
        },
        "16": {
            "loss": 0.2949906508616932,
            "acc": 0.89736
        },
        "17": {
            "loss": 0.2874373324177302,
            "acc": 0.90154
        },
        "18": {
            "loss": 0.28134290782539434,
            "acc": 0.9027
        },
        "19": {
            "loss": 0.2640629480580997,
            "acc": 0.90852
        },
        "20": {
            "loss": 0.26535737156734596,
            "acc": 0.90878
        },
        "21": {
            "loss": 0.254855289416926,
            "acc": 0.91218
        },
        "22": {
            "loss": 0.24453446083247204,
            "acc": 0.91558
        },
        "23": {
            "loss": 0.24176741936398893,
            "acc": 0.91738
        },
        "24": {
            "loss": 0.23711218371453796,
            "acc": 0.91848
        },
        "25": {
            "loss": 0.22953908146856844,
            "acc": 0.92044
        },
        "26": {
            "loss": 0.2284077510018559,
            "acc": 0.92174
        },
        "27": {
            "loss": 0.22312334298020434,
            "acc": 0.92188
        },
        "28": {
            "loss": 0.2189467582861176,
            "acc": 0.92278
        },
        "29": {
            "loss": 0.2151140060771228,
            "acc": 0.92566
        },
        "30": {
            "loss": 0.2078380793275888,
            "acc": 0.92844
        },
        "31": {
            "loss": 0.20957840951945622,
            "acc": 0.92702
        },
        "32": {
            "loss": 0.20563842496260656,
            "acc": 0.92776
        },
        "33": {
            "loss": 0.19896224365495813,
            "acc": 0.93066
        },
        "34": {
            "loss": 0.1997293617071398,
            "acc": 0.931
        },
        "35": {
            "loss": 0.19339097511795017,
            "acc": 0.93338
        },
        "36": {
            "loss": 0.1896003647886045,
            "acc": 0.93452
        },
        "37": {
            "loss": 0.18897868874613816,
            "acc": 0.93316
        },
        "38": {
            "loss": 0.18610330023195432,
            "acc": 0.93434
        },
        "39": {
            "loss": 0.18056264869354266,
            "acc": 0.93676
        },
        "40": {
            "loss": 0.18192372781217403,
            "acc": 0.93718
        },
        "41": {
            "loss": 0.17841368000430372,
            "acc": 0.93658
        },
        "42": {
            "loss": 0.17654823400366032,
            "acc": 0.93914
        },
        "43": {
            "loss": 0.17560291996278116,
            "acc": 0.93842
        },
        "44": {
            "loss": 0.16981145921532456,
            "acc": 0.94096
        },
        "45": {
            "loss": 0.17015724485773412,
            "acc": 0.93988
        },
        "46": {
            "loss": 0.16408066642101463,
            "acc": 0.94384
        },
        "47": {
            "loss": 0.16710374307106524,
            "acc": 0.94126
        },
        "48": {
            "loss": 0.16858351284452258,
            "acc": 0.94092
        },
        "49": {
            "loss": 0.16524993078044767,
            "acc": 0.9429
        },
        "50": {
            "loss": 0.16335355500926446,
            "acc": 0.94368
        },
        "51": {
            "loss": 0.16359914369557216,
            "acc": 0.9424
        },
        "52": {
            "loss": 0.15621585965089863,
            "acc": 0.9446
        },
        "53": {
            "loss": 0.15861168403721526,
            "acc": 0.9439
        },
        "54": {
            "loss": 0.15501267746891206,
            "acc": 0.94512
        },
        "55": {
            "loss": 0.16076589121347498,
            "acc": 0.94338
        },
        "56": {
            "loss": 0.15443055773072917,
            "acc": 0.94696
        },
        "57": {
            "loss": 0.15078149504406982,
            "acc": 0.94632
        },
        "58": {
            "loss": 0.15556240067019333,
            "acc": 0.94648
        },
        "59": {
            "loss": 0.14987613966979105,
            "acc": 0.94624
        },
        "60": {
            "loss": 0.14664386193056012,
            "acc": 0.94876
        },
        "61": {
            "loss": 0.15163907544244357,
            "acc": 0.94806
        },
        "62": {
            "loss": 0.1475818357275575,
            "acc": 0.94854
        },
        "63": {
            "loss": 0.14790618656884374,
            "acc": 0.9482
        },
        "64": {
            "loss": 0.14774803170110182,
            "acc": 0.94836
        },
        "65": {
            "loss": 0.14671915728846552,
            "acc": 0.9482
        },
        "66": {
            "loss": 0.14277077290227116,
            "acc": 0.95086
        },
        "67": {
            "loss": 0.14314171437488493,
            "acc": 0.94978
        },
        "68": {
            "loss": 0.14535952834388638,
            "acc": 0.94888
        },
        "69": {
            "loss": 0.14134815045158425,
            "acc": 0.95028
        },
        "70": {
            "loss": 0.1411359228046082,
            "acc": 0.95108
        },
        "71": {
            "loss": 0.13965511307491899,
            "acc": 0.95112
        },
        "72": {
            "loss": 0.13634095432432106,
            "acc": 0.95202
        },
        "73": {
            "loss": 0.13897407683484314,
            "acc": 0.95148
        },
        "74": {
            "loss": 0.13904528597565105,
            "acc": 0.95128
        },
        "75": {
            "loss": 0.1407848593285855,
            "acc": 0.95026
        },
        "76": {
            "loss": 0.13561151580661154,
            "acc": 0.9518
        },
        "77": {
            "loss": 0.13773654104041322,
            "acc": 0.95158
        },
        "78": {
            "loss": 0.13714909532805308,
            "acc": 0.9508
        },
        "79": {
            "loss": 0.1353046940496701,
            "acc": 0.95132
        },
        "80": {
            "loss": 0.1374461119756331,
            "acc": 0.95118
        },
        "81": {
            "loss": 0.1331805421606354,
            "acc": 0.95354
        },
        "82": {
            "loss": 0.1319912645603766,
            "acc": 0.95376
        },
        "83": {
            "loss": 0.1317281482426826,
            "acc": 0.95362
        },
        "84": {
            "loss": 0.13170165222738406,
            "acc": 0.95342
        },
        "85": {
            "loss": 0.13145178765811197,
            "acc": 0.95416
        },
        "86": {
            "loss": 0.12907915499270953,
            "acc": 0.95402
        },
        "87": {
            "loss": 0.13217448094940704,
            "acc": 0.95474
        },
        "88": {
            "loss": 0.13109933374845006,
            "acc": 0.95444
        },
        "89": {
            "loss": 0.13040840755338254,
            "acc": 0.95394
        },
        "90": {
            "loss": 0.12940517164137968,
            "acc": 0.95518
        },
        "91": {
            "loss": 0.13044520766448106,
            "acc": 0.95384
        },
        "92": {
            "loss": 0.12818419292111835,
            "acc": 0.95446
        },
        "93": {
            "loss": 0.1302211603454655,
            "acc": 0.95472
        },
        "94": {
            "loss": 0.1265397621009051,
            "acc": 0.95562
        },
        "95": {
            "loss": 0.12652519925990524,
            "acc": 0.95598
        },
        "96": {
            "loss": 0.13040924753726976,
            "acc": 0.9545
        },
        "97": {
            "loss": 0.1280338503229801,
            "acc": 0.9554
        },
        "98": {
            "loss": 0.12616200863009752,
            "acc": 0.95614
        },
        "99": {
            "loss": 0.12884285345868876,
            "acc": 0.95478
        },
        "100": {
            "loss": 0.12621562653804755,
            "acc": 0.95542
        },
        "101": {
            "loss": 0.12232626417456456,
            "acc": 0.9571
        },
        "102": {
            "loss": 0.12429233400575111,
            "acc": 0.95754
        },
        "103": {
            "loss": 0.12512108871517966,
            "acc": 0.95654
        },
        "104": {
            "loss": 0.1272608221120313,
            "acc": 0.95628
        },
        "105": {
            "loss": 0.12819337009992973,
            "acc": 0.9562
        },
        "106": {
            "loss": 0.12260578468899287,
            "acc": 0.95754
        },
        "107": {
            "loss": 0.12649424912770044,
            "acc": 0.95538
        },
        "108": {
            "loss": 0.12197061547356874,
            "acc": 0.95866
        },
        "109": {
            "loss": 0.12132313980689972,
            "acc": 0.9579
        },
        "110": {
            "loss": 0.12148528685435996,
            "acc": 0.95752
        },
        "111": {
            "loss": 0.12214491010793602,
            "acc": 0.95756
        },
        "112": {
            "loss": 0.12566289189450272,
            "acc": 0.95574
        },
        "113": {
            "loss": 0.12596439270783796,
            "acc": 0.95616
        },
        "114": {
            "loss": 0.1183793121720176,
            "acc": 0.9587
        },
        "115": {
            "loss": 0.12203057659337359,
            "acc": 0.95688
        },
        "116": {
            "loss": 0.11938276490591981,
            "acc": 0.95786
        },
        "117": {
            "loss": 0.12262780329122035,
            "acc": 0.95706
        },
        "118": {
            "loss": 0.12012964356785921,
            "acc": 0.95864
        },
        "119": {
            "loss": 0.11933124795689455,
            "acc": 0.95806
        },
        "120": {
            "loss": 0.12177563059355712,
            "acc": 0.9569
        },
        "121": {
            "loss": 0.11803276945843988,
            "acc": 0.95908
        },
        "122": {
            "loss": 0.11589495289494353,
            "acc": 0.95986
        },
        "123": {
            "loss": 0.11771492639323101,
            "acc": 0.95864
        },
        "124": {
            "loss": 0.11931767398396226,
            "acc": 0.95786
        },
        "125": {
            "loss": 0.11731029543644556,
            "acc": 0.95884
        },
        "126": {
            "loss": 0.11800306419963422,
            "acc": 0.95824
        },
        "127": {
            "loss": 0.12295466161254422,
            "acc": 0.95748
        },
        "128": {
            "loss": 0.1143938201310499,
            "acc": 0.9604
        },
        "129": {
            "loss": 0.11725109389058941,
            "acc": 0.95904
        },
        "130": {
            "loss": 0.11535913972160243,
            "acc": 0.9591
        },
        "131": {
            "loss": 0.11716768052190771,
            "acc": 0.95886
        },
        "132": {
            "loss": 0.11589248474065662,
            "acc": 0.96092
        },
        "133": {
            "loss": 0.11527838613337758,
            "acc": 0.96028
        },
        "134": {
            "loss": 0.11370400140952805,
            "acc": 0.95996
        },
        "135": {
            "loss": 0.11184495593757009,
            "acc": 0.9611
        },
        "136": {
            "loss": 0.11524500970102255,
            "acc": 0.9603
        },
        "137": {
            "loss": 0.11860215650452181,
            "acc": 0.95798
        },
        "138": {
            "loss": 0.11461365616063365,
            "acc": 0.95958
        },
        "139": {
            "loss": 0.11534103829547039,
            "acc": 0.95982
        },
        "140": {
            "loss": 0.1147952060479566,
            "acc": 0.95956
        },
        "141": {
            "loss": 0.11566187237577556,
            "acc": 0.95918
        },
        "142": {
            "loss": 0.11698954396397637,
            "acc": 0.95934
        },
        "143": {
            "loss": 0.11403480583511273,
            "acc": 0.96006
        },
        "144": {
            "loss": 0.10986009924589178,
            "acc": 0.96132
        },
        "145": {
            "loss": 0.11770777309985112,
            "acc": 0.9589
        },
        "146": {
            "loss": 0.11230143696031607,
            "acc": 0.96118
        },
        "147": {
            "loss": 0.1131182786737047,
            "acc": 0.95998
        },
        "148": {
            "loss": 0.1151935767413348,
            "acc": 0.96052
        },
        "149": {
            "loss": 0.10913136185806654,
            "acc": 0.96154
        },
        "150": {
            "loss": 0.06361857445224586,
            "acc": 0.97854
        },
        "151": {
            "loss": 0.044469993983102425,
            "acc": 0.9864
        },
        "152": {
            "loss": 0.0384525139741671,
            "acc": 0.98838
        },
        "153": {
            "loss": 0.032949807833048905,
            "acc": 0.99064
        },
        "154": {
            "loss": 0.030287501345331425,
            "acc": 0.99154
        },
        "155": {
            "loss": 0.028459292014136606,
            "acc": 0.99142
        },
        "156": {
            "loss": 0.025550937028768497,
            "acc": 0.99288
        },
        "157": {
            "loss": 0.02463335191588039,
            "acc": 0.99288
        },
        "158": {
            "loss": 0.024058680766728967,
            "acc": 0.99314
        },
        "159": {
            "loss": 0.022359904258653685,
            "acc": 0.99396
        },
        "160": {
            "loss": 0.02226272020856683,
            "acc": 0.99386
        },
        "161": {
            "loss": 0.021196741461673455,
            "acc": 0.99426
        },
        "162": {
            "loss": 0.020041072097368173,
            "acc": 0.99476
        },
        "163": {
            "loss": 0.021011828560345804,
            "acc": 0.99442
        },
        "164": {
            "loss": 0.01939702001305016,
            "acc": 0.99502
        },
        "165": {
            "loss": 0.018492038135298903,
            "acc": 0.99542
        },
        "166": {
            "loss": 0.018525166351355902,
            "acc": 0.99488
        },
        "167": {
            "loss": 0.017486885920211033,
            "acc": 0.99532
        },
        "168": {
            "loss": 0.017493597296860945,
            "acc": 0.99546
        },
        "169": {
            "loss": 0.01734976873763175,
            "acc": 0.99532
        },
        "170": {
            "loss": 0.01648893695675394,
            "acc": 0.99564
        },
        "171": {
            "loss": 0.016175044101381274,
            "acc": 0.99588
        },
        "172": {
            "loss": 0.01595257490072721,
            "acc": 0.996
        },
        "173": {
            "loss": 0.014755089643641786,
            "acc": 0.9964
        },
        "174": {
            "loss": 0.015395909279469959,
            "acc": 0.9961
        },
        "175": {
            "loss": 0.014486254419987936,
            "acc": 0.9961
        },
        "176": {
            "loss": 0.014968701061489575,
            "acc": 0.99618
        },
        "177": {
            "loss": 0.014274076021531277,
            "acc": 0.99632
        },
        "178": {
            "loss": 0.014417649344558997,
            "acc": 0.9964
        },
        "179": {
            "loss": 0.015185053687175865,
            "acc": 0.99606
        },
        "180": {
            "loss": 0.013847757426142344,
            "acc": 0.99668
        },
        "181": {
            "loss": 0.013527197588179761,
            "acc": 0.99676
        },
        "182": {
            "loss": 0.014203360228090073,
            "acc": 0.99628
        },
        "183": {
            "loss": 0.01349153384440364,
            "acc": 0.9967
        },
        "184": {
            "loss": 0.013889910680811454,
            "acc": 0.99636
        },
        "185": {
            "loss": 0.013411180512003644,
            "acc": 0.99638
        },
        "186": {
            "loss": 0.01378315641413606,
            "acc": 0.9966
        },
        "187": {
            "loss": 0.012533731289732548,
            "acc": 0.99688
        },
        "188": {
            "loss": 0.013688573096667433,
            "acc": 0.99658
        },
        "189": {
            "loss": 0.0126449381793424,
            "acc": 0.99702
        },
        "190": {
            "loss": 0.01260506240715025,
            "acc": 0.9967
        },
        "191": {
            "loss": 0.012355054532626735,
            "acc": 0.9969
        },
        "192": {
            "loss": 0.01243415139148088,
            "acc": 0.99692
        },
        "193": {
            "loss": 0.012842044770352,
            "acc": 0.99656
        },
        "194": {
            "loss": 0.012757656442777366,
            "acc": 0.99688
        },
        "195": {
            "loss": 0.012355667414412241,
            "acc": 0.99696
        },
        "196": {
            "loss": 0.01327532044548751,
            "acc": 0.99652
        },
        "197": {
            "loss": 0.013012788054840567,
            "acc": 0.99654
        },
        "198": {
            "loss": 0.011886010617044543,
            "acc": 0.997
        },
        "199": {
            "loss": 0.012932671652555995,
            "acc": 0.99662
        },
        "200": {
            "loss": 0.012383124802846347,
            "acc": 0.99712
        },
        "201": {
            "loss": 0.012241794221812402,
            "acc": 0.99692
        },
        "202": {
            "loss": 0.011826727749317435,
            "acc": 0.99688
        },
        "203": {
            "loss": 0.012070721114703985,
            "acc": 0.99732
        },
        "204": {
            "loss": 0.01211110898948577,
            "acc": 0.99702
        },
        "205": {
            "loss": 0.012137405548009204,
            "acc": 0.9968
        },
        "206": {
            "loss": 0.010666151596989502,
            "acc": 0.99752
        },
        "207": {
            "loss": 0.011833695470384629,
            "acc": 0.99694
        },
        "208": {
            "loss": 0.012296460216458234,
            "acc": 0.99664
        },
        "209": {
            "loss": 0.010878040300607158,
            "acc": 0.99762
        },
        "210": {
            "loss": 0.011756597783716034,
            "acc": 0.99734
        },
        "211": {
            "loss": 0.010738792615216774,
            "acc": 0.99744
        },
        "212": {
            "loss": 0.012069389933970033,
            "acc": 0.99702
        },
        "213": {
            "loss": 0.012335306513295901,
            "acc": 0.99674
        },
        "214": {
            "loss": 0.011177350576777045,
            "acc": 0.99726
        },
        "215": {
            "loss": 0.011544572211855003,
            "acc": 0.99718
        },
        "216": {
            "loss": 0.011445227046193473,
            "acc": 0.99716
        },
        "217": {
            "loss": 0.011661179356581872,
            "acc": 0.99738
        },
        "218": {
            "loss": 0.011968141102724497,
            "acc": 0.99678
        },
        "219": {
            "loss": 0.011133016821409663,
            "acc": 0.99724
        },
        "220": {
            "loss": 0.01049280278738993,
            "acc": 0.99756
        },
        "221": {
            "loss": 0.011589088779509418,
            "acc": 0.99702
        },
        "222": {
            "loss": 0.011096149452624347,
            "acc": 0.9973
        },
        "223": {
            "loss": 0.012551323746365573,
            "acc": 0.99698
        },
        "224": {
            "loss": 0.012028431357301372,
            "acc": 0.99702
        },
        "225": {
            "loss": 0.009907422080303154,
            "acc": 0.99804
        },
        "226": {
            "loss": 0.009930942793968646,
            "acc": 0.9976
        },
        "227": {
            "loss": 0.009088499626815271,
            "acc": 0.9982
        },
        "228": {
            "loss": 0.008447142029234715,
            "acc": 0.99816
        },
        "229": {
            "loss": 0.008278948624970873,
            "acc": 0.99828
        },
        "230": {
            "loss": 0.007609548160213503,
            "acc": 0.99854
        },
        "231": {
            "loss": 0.007825758598708099,
            "acc": 0.99838
        },
        "232": {
            "loss": 0.007253572291112803,
            "acc": 0.9987
        },
        "233": {
            "loss": 0.007573578112578267,
            "acc": 0.99832
        },
        "234": {
            "loss": 0.008169637210710306,
            "acc": 0.99846
        },
        "235": {
            "loss": 0.007295027101377282,
            "acc": 0.99858
        },
        "236": {
            "loss": 0.007370477195379867,
            "acc": 0.99848
        },
        "237": {
            "loss": 0.006790232781679286,
            "acc": 0.99874
        },
        "238": {
            "loss": 0.006858045711097798,
            "acc": 0.9987
        },
        "239": {
            "loss": 0.007090312237959996,
            "acc": 0.9985
        },
        "240": {
            "loss": 0.006893815746231069,
            "acc": 0.99868
        },
        "241": {
            "loss": 0.00676974983387323,
            "acc": 0.99876
        },
        "242": {
            "loss": 0.007239363664385144,
            "acc": 0.99856
        },
        "243": {
            "loss": 0.0064248497675061635,
            "acc": 0.99886
        },
        "244": {
            "loss": 0.006332978421887395,
            "acc": 0.99888
        },
        "245": {
            "loss": 0.006328838996809807,
            "acc": 0.9987
        },
        "246": {
            "loss": 0.006176000814545481,
            "acc": 0.99874
        },
        "247": {
            "loss": 0.00621019174748123,
            "acc": 0.9991
        },
        "248": {
            "loss": 0.006591113796636291,
            "acc": 0.99866
        },
        "249": {
            "loss": 0.006291038447233569,
            "acc": 0.9986
        },
        "250": {
            "loss": 0.0063599048735713225,
            "acc": 0.99888
        },
        "251": {
            "loss": 0.006427930805104477,
            "acc": 0.99874
        },
        "252": {
            "loss": 0.006660585549487042,
            "acc": 0.9987
        },
        "253": {
            "loss": 0.006108929034527344,
            "acc": 0.99888
        },
        "254": {
            "loss": 0.005979122658161318,
            "acc": 0.99904
        },
        "255": {
            "loss": 0.0062720064059881816,
            "acc": 0.9988
        },
        "256": {
            "loss": 0.006610624979713413,
            "acc": 0.99878
        },
        "257": {
            "loss": 0.006399087757101435,
            "acc": 0.99866
        },
        "258": {
            "loss": 0.006020283774638613,
            "acc": 0.99896
        },
        "259": {
            "loss": 0.006082118094048422,
            "acc": 0.99896
        },
        "260": {
            "loss": 0.006929349185310273,
            "acc": 0.99892
        },
        "261": {
            "loss": 0.006109995844029902,
            "acc": 0.9989
        },
        "262": {
            "loss": 0.005749650989183347,
            "acc": 0.99908
        },
        "263": {
            "loss": 0.006248688677583685,
            "acc": 0.99898
        },
        "264": {
            "loss": 0.005798658255733016,
            "acc": 0.99896
        },
        "265": {
            "loss": 0.005434551128477175,
            "acc": 0.99928
        },
        "266": {
            "loss": 0.0059640728314008205,
            "acc": 0.99902
        },
        "267": {
            "loss": 0.005811288480262381,
            "acc": 0.99894
        },
        "268": {
            "loss": 0.006396491951999895,
            "acc": 0.99876
        },
        "269": {
            "loss": 0.006120234589002219,
            "acc": 0.99896
        },
        "270": {
            "loss": 0.005620242406502771,
            "acc": 0.999
        },
        "271": {
            "loss": 0.00623158905025431,
            "acc": 0.99902
        },
        "272": {
            "loss": 0.005519393787872941,
            "acc": 0.9991
        },
        "273": {
            "loss": 0.007084903853086164,
            "acc": 0.99876
        },
        "274": {
            "loss": 0.005673585251508736,
            "acc": 0.99912
        },
        "275": {
            "loss": 0.005879230602384459,
            "acc": 0.99902
        },
        "276": {
            "loss": 0.005860142070678589,
            "acc": 0.99914
        },
        "277": {
            "loss": 0.0058524257551013465,
            "acc": 0.99902
        },
        "278": {
            "loss": 0.005904598647634477,
            "acc": 0.99902
        },
        "279": {
            "loss": 0.006696958819974709,
            "acc": 0.99898
        },
        "280": {
            "loss": 0.005734824484859979,
            "acc": 0.99908
        },
        "281": {
            "loss": 0.0059026963925069495,
            "acc": 0.9989
        },
        "282": {
            "loss": 0.005780636449046719,
            "acc": 0.99908
        },
        "283": {
            "loss": 0.005283429585371936,
            "acc": 0.99912
        },
        "284": {
            "loss": 0.006024363676465386,
            "acc": 0.99898
        },
        "285": {
            "loss": 0.0061566946890932815,
            "acc": 0.99856
        },
        "286": {
            "loss": 0.005717978350144675,
            "acc": 0.99908
        },
        "287": {
            "loss": 0.005853584385551441,
            "acc": 0.99894
        },
        "288": {
            "loss": 0.005788119390646777,
            "acc": 0.999
        },
        "289": {
            "loss": 0.00537724479491932,
            "acc": 0.99914
        },
        "290": {
            "loss": 0.005680401239458107,
            "acc": 0.99908
        },
        "291": {
            "loss": 0.007438391948978076,
            "acc": 0.99896
        },
        "292": {
            "loss": 0.005399699987391965,
            "acc": 0.99892
        },
        "293": {
            "loss": 0.005091601062555323,
            "acc": 0.9992
        },
        "294": {
            "loss": 0.005284832122668986,
            "acc": 0.99924
        },
        "295": {
            "loss": 0.005483277605103967,
            "acc": 0.9991
        },
        "296": {
            "loss": 0.005495716049886711,
            "acc": 0.99918
        },
        "297": {
            "loss": 0.005418928649724292,
            "acc": 0.99922
        },
        "298": {
            "loss": 0.005234661798276926,
            "acc": 0.9991
        },
        "299": {
            "loss": 0.005163670745906015,
            "acc": 0.99938
        }
    },
    "test": {
        "0": {
            "loss": 1.8379672145843506,
            "acc": 0.4223
        },
        "1": {
            "loss": 1.0619783079624177,
            "acc": 0.6388
        },
        "3": {
            "loss": 0.7117618489265441,
            "acc": 0.7527
        },
        "5": {
            "loss": 0.5475530189275741,
            "acc": 0.8152
        },
        "7": {
            "loss": 0.5557296770811081,
            "acc": 0.8166
        },
        "9": {
            "loss": 0.42831253349781034,
            "acc": 0.8574
        },
        "11": {
            "loss": 0.4630817174911499,
            "acc": 0.8476
        },
        "13": {
            "loss": 0.38165622293949125,
            "acc": 0.8752
        },
        "15": {
            "loss": 0.4313361406326294,
            "acc": 0.8642
        },
        "17": {
            "loss": 0.37369106858968737,
            "acc": 0.877
        },
        "19": {
            "loss": 0.34754930913448334,
            "acc": 0.8879
        },
        "21": {
            "loss": 0.3878659436106682,
            "acc": 0.8736
        },
        "23": {
            "loss": 0.3044391712546349,
            "acc": 0.9029
        },
        "25": {
            "loss": 0.35372731685638426,
            "acc": 0.885
        },
        "27": {
            "loss": 0.3727848160266876,
            "acc": 0.8856
        },
        "29": {
            "loss": 0.3489518421888351,
            "acc": 0.8912
        },
        "31": {
            "loss": 0.3284404787421227,
            "acc": 0.8945
        },
        "33": {
            "loss": 0.35346427977085115,
            "acc": 0.8905
        },
        "35": {
            "loss": 0.31731396228075026,
            "acc": 0.8991
        },
        "37": {
            "loss": 0.34878503292798996,
            "acc": 0.8957
        },
        "39": {
            "loss": 0.36502856492996216,
            "acc": 0.8904
        },
        "41": {
            "loss": 0.3167031216621399,
            "acc": 0.904
        },
        "43": {
            "loss": 0.320618140399456,
            "acc": 0.9009
        },
        "45": {
            "loss": 0.30420001029968263,
            "acc": 0.9085
        },
        "47": {
            "loss": 0.34362463504076,
            "acc": 0.8985
        },
        "49": {
            "loss": 0.3993012562394142,
            "acc": 0.8835
        },
        "51": {
            "loss": 0.34063480496406556,
            "acc": 0.8953
        },
        "53": {
            "loss": 0.3275032240152359,
            "acc": 0.9014
        },
        "55": {
            "loss": 0.3461388370394707,
            "acc": 0.8937
        },
        "57": {
            "loss": 0.32535784274339674,
            "acc": 0.9025
        },
        "59": {
            "loss": 0.33803934752941134,
            "acc": 0.9038
        },
        "61": {
            "loss": 0.3089650571346283,
            "acc": 0.9055
        },
        "63": {
            "loss": 0.330171602666378,
            "acc": 0.9053
        },
        "65": {
            "loss": 0.3485876089334488,
            "acc": 0.8959
        },
        "67": {
            "loss": 0.3205397534370422,
            "acc": 0.9062
        },
        "69": {
            "loss": 0.3104170086979866,
            "acc": 0.9068
        },
        "71": {
            "loss": 0.33412508353590964,
            "acc": 0.9028
        },
        "73": {
            "loss": 0.33742485791444776,
            "acc": 0.9063
        },
        "75": {
            "loss": 0.3198720847070217,
            "acc": 0.9082
        },
        "77": {
            "loss": 0.30149695932865145,
            "acc": 0.9111
        },
        "79": {
            "loss": 0.3298188918828964,
            "acc": 0.9037
        },
        "81": {
            "loss": 0.3262644284963608,
            "acc": 0.9073
        },
        "83": {
            "loss": 0.34015873551368714,
            "acc": 0.9043
        },
        "85": {
            "loss": 0.3275966110825539,
            "acc": 0.9024
        },
        "87": {
            "loss": 0.32734945639967916,
            "acc": 0.9057
        },
        "89": {
            "loss": 0.3428583657741547,
            "acc": 0.8991
        },
        "91": {
            "loss": 0.34120843768119813,
            "acc": 0.9033
        },
        "93": {
            "loss": 0.3154936480522156,
            "acc": 0.9089
        },
        "95": {
            "loss": 0.3068880409002304,
            "acc": 0.9137
        },
        "97": {
            "loss": 0.320084910094738,
            "acc": 0.9047
        },
        "99": {
            "loss": 0.33159171998500825,
            "acc": 0.9015
        },
        "101": {
            "loss": 0.307568653523922,
            "acc": 0.909
        },
        "103": {
            "loss": 0.3395545428991318,
            "acc": 0.9047
        },
        "105": {
            "loss": 0.3353490024805069,
            "acc": 0.9043
        },
        "107": {
            "loss": 0.3014573809504509,
            "acc": 0.9122
        },
        "109": {
            "loss": 0.3281795759499073,
            "acc": 0.9088
        },
        "111": {
            "loss": 0.2957686883211136,
            "acc": 0.9171
        },
        "113": {
            "loss": 0.35424231350421903,
            "acc": 0.8999
        },
        "115": {
            "loss": 0.36218492954969406,
            "acc": 0.8998
        },
        "117": {
            "loss": 0.3502525246143341,
            "acc": 0.9042
        },
        "119": {
            "loss": 0.2972628256678581,
            "acc": 0.9157
        },
        "121": {
            "loss": 0.3210770204663277,
            "acc": 0.9104
        },
        "123": {
            "loss": 0.32273890733718874,
            "acc": 0.9115
        },
        "125": {
            "loss": 0.2933038792014122,
            "acc": 0.9161
        },
        "127": {
            "loss": 0.304252590239048,
            "acc": 0.9119
        },
        "129": {
            "loss": 0.3075640788674355,
            "acc": 0.9095
        },
        "131": {
            "loss": 0.32594435155391693,
            "acc": 0.9072
        },
        "133": {
            "loss": 0.34290509223937987,
            "acc": 0.907
        },
        "135": {
            "loss": 0.31701899498701097,
            "acc": 0.9103
        },
        "137": {
            "loss": 0.31857702672481536,
            "acc": 0.9091
        },
        "139": {
            "loss": 0.30685342401266097,
            "acc": 0.9131
        },
        "141": {
            "loss": 0.3340771347284317,
            "acc": 0.9072
        },
        "143": {
            "loss": 0.3095172622799873,
            "acc": 0.9144
        },
        "145": {
            "loss": 0.3763935950398445,
            "acc": 0.8969
        },
        "147": {
            "loss": 0.3223362177610397,
            "acc": 0.9092
        },
        "149": {
            "loss": 0.34456301629543307,
            "acc": 0.9027
        },
        "151": {
            "loss": 0.23698538273572922,
            "acc": 0.9333
        },
        "153": {
            "loss": 0.24748953744769098,
            "acc": 0.9326
        },
        "155": {
            "loss": 0.24879102602601053,
            "acc": 0.9324
        },
        "157": {
            "loss": 0.2561026802659035,
            "acc": 0.9337
        },
        "159": {
            "loss": 0.2571899427473545,
            "acc": 0.9329
        },
        "161": {
            "loss": 0.2515129992365837,
            "acc": 0.9355
        },
        "163": {
            "loss": 0.26294805712997915,
            "acc": 0.9329
        },
        "165": {
            "loss": 0.2602674479782581,
            "acc": 0.9319
        },
        "167": {
            "loss": 0.26585618369281294,
            "acc": 0.9327
        },
        "169": {
            "loss": 0.2599127738177776,
            "acc": 0.9348
        },
        "171": {
            "loss": 0.2652433267235756,
            "acc": 0.9336
        },
        "173": {
            "loss": 0.26615710720419883,
            "acc": 0.9349
        },
        "175": {
            "loss": 0.2710588143765926,
            "acc": 0.9326
        },
        "177": {
            "loss": 0.27304360568523406,
            "acc": 0.9336
        },
        "179": {
            "loss": 0.2708735066652298,
            "acc": 0.9325
        },
        "181": {
            "loss": 0.26917664483189585,
            "acc": 0.9344
        },
        "183": {
            "loss": 0.26778092041611673,
            "acc": 0.9356
        },
        "185": {
            "loss": 0.2717349836230278,
            "acc": 0.9361
        },
        "187": {
            "loss": 0.28699166655540465,
            "acc": 0.9328
        },
        "189": {
            "loss": 0.2726552739739418,
            "acc": 0.9343
        },
        "191": {
            "loss": 0.2733158801496029,
            "acc": 0.9324
        },
        "193": {
            "loss": 0.2847760535776615,
            "acc": 0.9331
        },
        "195": {
            "loss": 0.2755545301735401,
            "acc": 0.9363
        },
        "197": {
            "loss": 0.2715299062430859,
            "acc": 0.9349
        },
        "199": {
            "loss": 0.28281895488500597,
            "acc": 0.9345
        },
        "201": {
            "loss": 0.27271100908517837,
            "acc": 0.934
        },
        "203": {
            "loss": 0.2865316015481949,
            "acc": 0.9315
        },
        "205": {
            "loss": 0.2853201743960381,
            "acc": 0.933
        },
        "207": {
            "loss": 0.2795179609954357,
            "acc": 0.9329
        },
        "209": {
            "loss": 0.2919651748239994,
            "acc": 0.9326
        },
        "211": {
            "loss": 0.28617736548185346,
            "acc": 0.9326
        },
        "213": {
            "loss": 0.2771139584481716,
            "acc": 0.9342
        },
        "215": {
            "loss": 0.2851704776287079,
            "acc": 0.9357
        },
        "217": {
            "loss": 0.28228773042559624,
            "acc": 0.935
        },
        "219": {
            "loss": 0.27652775719761846,
            "acc": 0.934
        },
        "221": {
            "loss": 0.2841227003931999,
            "acc": 0.9354
        },
        "223": {
            "loss": 0.27917096465826036,
            "acc": 0.9348
        },
        "225": {
            "loss": 0.28075863301754,
            "acc": 0.9357
        },
        "227": {
            "loss": 0.2745732243359089,
            "acc": 0.9361
        },
        "229": {
            "loss": 0.2733574368059635,
            "acc": 0.9365
        },
        "231": {
            "loss": 0.27234513849020003,
            "acc": 0.9368
        },
        "233": {
            "loss": 0.2796867476403713,
            "acc": 0.9363
        },
        "235": {
            "loss": 0.27165506333112716,
            "acc": 0.9381
        },
        "237": {
            "loss": 0.2793184295296669,
            "acc": 0.9366
        },
        "239": {
            "loss": 0.27663175746798513,
            "acc": 0.9344
        },
        "241": {
            "loss": 0.2725145791471004,
            "acc": 0.9354
        },
        "243": {
            "loss": 0.2765575397014618,
            "acc": 0.9372
        },
        "245": {
            "loss": 0.2713362291455269,
            "acc": 0.9373
        },
        "247": {
            "loss": 0.27164328381419184,
            "acc": 0.9374
        },
        "249": {
            "loss": 0.2717913842201233,
            "acc": 0.939
        }
    },
    "best": {
        "best_epoch": 249,
        "best_acc": 93.9
    }
}