{
    "train": {
        "0": {
            "loss": 1.798958593927076,
            "acc": 0.33404
        },
        "1": {
            "loss": 1.5367625128582616,
            "acc": 0.43692
        },
        "2": {
            "loss": 1.4433058067355924,
            "acc": 0.4738
        },
        "3": {
            "loss": 1.3848246726233635,
            "acc": 0.49594
        },
        "4": {
            "loss": 1.3384410237412319,
            "acc": 0.51566
        },
        "5": {
            "loss": 1.3087944615527491,
            "acc": 0.5267
        },
        "6": {
            "loss": 1.2748374954208999,
            "acc": 0.5421
        },
        "7": {
            "loss": 1.25647837883981,
            "acc": 0.5489
        },
        "8": {
            "loss": 1.2355682894092082,
            "acc": 0.55862
        },
        "9": {
            "loss": 1.2113669648804628,
            "acc": 0.56634
        },
        "10": {
            "loss": 1.192634523677094,
            "acc": 0.57248
        },
        "11": {
            "loss": 1.1810862604919297,
            "acc": 0.57422
        },
        "12": {
            "loss": 1.1663117591682297,
            "acc": 0.58338
        },
        "13": {
            "loss": 1.1523171487976522,
            "acc": 0.59064
        },
        "14": {
            "loss": 1.1373779798102805,
            "acc": 0.59398
        },
        "15": {
            "loss": 1.1285546478408073,
            "acc": 0.59908
        },
        "16": {
            "loss": 1.116514265537262,
            "acc": 0.60228
        },
        "17": {
            "loss": 1.1093325337485584,
            "acc": 0.60604
        },
        "18": {
            "loss": 1.0972024097162134,
            "acc": 0.60956
        },
        "19": {
            "loss": 1.0882104837985904,
            "acc": 0.61222
        },
        "20": {
            "loss": 1.080169210196151,
            "acc": 0.61528
        },
        "21": {
            "loss": 1.0653186711813787,
            "acc": 0.62188
        },
        "22": {
            "loss": 1.0604498201928785,
            "acc": 0.62434
        },
        "23": {
            "loss": 1.0558746168985391,
            "acc": 0.62518
        },
        "24": {
            "loss": 1.0464063455991428,
            "acc": 0.62782
        },
        "25": {
            "loss": 1.0380535336101757,
            "acc": 0.63234
        },
        "26": {
            "loss": 1.0313795673877686,
            "acc": 0.63532
        },
        "27": {
            "loss": 1.0308210246093439,
            "acc": 0.63342
        },
        "28": {
            "loss": 1.0276234395363752,
            "acc": 0.6336
        },
        "29": {
            "loss": 1.0131997740482126,
            "acc": 0.6396
        },
        "30": {
            "loss": 1.0111458955518424,
            "acc": 0.6391
        },
        "31": {
            "loss": 1.0089743538280886,
            "acc": 0.6435
        },
        "32": {
            "loss": 0.9993808254256578,
            "acc": 0.64424
        },
        "33": {
            "loss": 0.9971290884725273,
            "acc": 0.6431
        },
        "34": {
            "loss": 1.0021219820622593,
            "acc": 0.64732
        },
        "35": {
            "loss": 0.9877753082443687,
            "acc": 0.64896
        },
        "36": {
            "loss": 0.9799336019684287,
            "acc": 0.65372
        },
        "37": {
            "loss": 0.9840556366364365,
            "acc": 0.6513
        },
        "38": {
            "loss": 0.9697897668994601,
            "acc": 0.65712
        },
        "39": {
            "loss": 0.9714429067528766,
            "acc": 0.65448
        },
        "40": {
            "loss": 0.967889726771723,
            "acc": 0.6586
        },
        "41": {
            "loss": 0.9671311337319787,
            "acc": 0.6588
        },
        "42": {
            "loss": 0.9657584497385927,
            "acc": 0.65996
        },
        "43": {
            "loss": 0.9624984854322565,
            "acc": 0.65692
        },
        "44": {
            "loss": 0.9585338166302733,
            "acc": 0.66138
        },
        "45": {
            "loss": 0.9551564095270298,
            "acc": 0.6613
        },
        "46": {
            "loss": 0.9570605209111558,
            "acc": 0.66204
        },
        "47": {
            "loss": 0.946778645295926,
            "acc": 0.66824
        },
        "48": {
            "loss": 0.947661880641947,
            "acc": 0.6674
        },
        "49": {
            "loss": 0.9460174607498871,
            "acc": 0.66568
        },
        "50": {
            "loss": 0.946601878499131,
            "acc": 0.66712
        },
        "51": {
            "loss": 0.9390093389984286,
            "acc": 0.66826
        },
        "52": {
            "loss": 0.937344003821273,
            "acc": 0.66872
        },
        "53": {
            "loss": 0.9428323252731577,
            "acc": 0.6663
        },
        "54": {
            "loss": 0.927414620623869,
            "acc": 0.67256
        },
        "55": {
            "loss": 0.9298134045222836,
            "acc": 0.67062
        },
        "56": {
            "loss": 0.927549253949119,
            "acc": 0.67294
        },
        "57": {
            "loss": 0.9277730875307947,
            "acc": 0.67324
        },
        "58": {
            "loss": 0.925223951297038,
            "acc": 0.67174
        },
        "59": {
            "loss": 0.9186848002626463,
            "acc": 0.67588
        },
        "60": {
            "loss": 0.9204085469245911,
            "acc": 0.67308
        },
        "61": {
            "loss": 0.9248004420029233,
            "acc": 0.67314
        },
        "62": {
            "loss": 0.917949381844162,
            "acc": 0.67624
        },
        "63": {
            "loss": 0.9152123819836571,
            "acc": 0.67692
        },
        "64": {
            "loss": 0.915860548653566,
            "acc": 0.67752
        },
        "65": {
            "loss": 0.9152632381605066,
            "acc": 0.67662
        },
        "66": {
            "loss": 0.9117357393969661,
            "acc": 0.6775
        },
        "67": {
            "loss": 0.9046625764778508,
            "acc": 0.68038
        },
        "68": {
            "loss": 0.9049975757708635,
            "acc": 0.68026
        },
        "69": {
            "loss": 0.9041129747010253,
            "acc": 0.67834
        },
        "70": {
            "loss": 0.9036902039862045,
            "acc": 0.68164
        },
        "71": {
            "loss": 0.9072739869127493,
            "acc": 0.67902
        },
        "72": {
            "loss": 0.8998104865898562,
            "acc": 0.68292
        },
        "73": {
            "loss": 0.9044250457183175,
            "acc": 0.68062
        },
        "74": {
            "loss": 0.8956247284589216,
            "acc": 0.6856
        },
        "75": {
            "loss": 0.8984943177084179,
            "acc": 0.68334
        },
        "76": {
            "loss": 0.8990190388906337,
            "acc": 0.68396
        },
        "77": {
            "loss": 0.8921855197233313,
            "acc": 0.68574
        },
        "78": {
            "loss": 0.8946901149761951,
            "acc": 0.68548
        },
        "79": {
            "loss": 0.893168195281797,
            "acc": 0.68754
        },
        "80": {
            "loss": 0.8904745170222524,
            "acc": 0.6863
        },
        "81": {
            "loss": 0.8900223006982633,
            "acc": 0.68666
        },
        "82": {
            "loss": 0.8829391741996531,
            "acc": 0.68828
        },
        "83": {
            "loss": 0.8897508366028671,
            "acc": 0.68552
        },
        "84": {
            "loss": 0.8863921069428135,
            "acc": 0.6881
        },
        "85": {
            "loss": 0.8885035723676462,
            "acc": 0.68906
        },
        "86": {
            "loss": 0.8893866025273452,
            "acc": 0.68464
        },
        "87": {
            "loss": 0.880845049000762,
            "acc": 0.68898
        },
        "88": {
            "loss": 0.8885757586230403,
            "acc": 0.68626
        },
        "89": {
            "loss": 0.8719678813844081,
            "acc": 0.69398
        },
        "90": {
            "loss": 0.8733492882355399,
            "acc": 0.69166
        },
        "91": {
            "loss": 0.8804319700621583,
            "acc": 0.69064
        },
        "92": {
            "loss": 0.8737943170930419,
            "acc": 0.69088
        },
        "93": {
            "loss": 0.879306430859334,
            "acc": 0.69108
        },
        "94": {
            "loss": 0.8783488804117188,
            "acc": 0.68912
        },
        "95": {
            "loss": 0.8708703706941336,
            "acc": 0.6936
        },
        "96": {
            "loss": 0.8735288709325864,
            "acc": 0.68848
        },
        "97": {
            "loss": 0.8718597215154896,
            "acc": 0.69304
        },
        "98": {
            "loss": 0.8756379386043305,
            "acc": 0.69298
        },
        "99": {
            "loss": 0.8638871969164484,
            "acc": 0.69388
        },
        "100": {
            "loss": 0.8231125877946234,
            "acc": 0.71104
        },
        "101": {
            "loss": 0.8170970858210493,
            "acc": 0.71126
        },
        "102": {
            "loss": 0.8135658926366235,
            "acc": 0.71236
        },
        "103": {
            "loss": 0.8119996420257841,
            "acc": 0.71376
        },
        "104": {
            "loss": 0.8094399967766783,
            "acc": 0.71664
        },
        "105": {
            "loss": 0.8094871617339151,
            "acc": 0.71512
        },
        "106": {
            "loss": 0.8088441699971933,
            "acc": 0.71466
        },
        "107": {
            "loss": 0.8026779957134705,
            "acc": 0.71896
        },
        "108": {
            "loss": 0.8049046814899006,
            "acc": 0.71688
        },
        "109": {
            "loss": 0.8001236188442201,
            "acc": 0.71564
        },
        "110": {
            "loss": 0.8028479841968897,
            "acc": 0.71842
        },
        "111": {
            "loss": 0.8027049995139431,
            "acc": 0.71676
        },
        "112": {
            "loss": 0.8017951394895764,
            "acc": 0.71758
        },
        "113": {
            "loss": 0.803834659821542,
            "acc": 0.71732
        },
        "114": {
            "loss": 0.8041416524011461,
            "acc": 0.71564
        },
        "115": {
            "loss": 0.7989411709253745,
            "acc": 0.71812
        },
        "116": {
            "loss": 0.7958968996696765,
            "acc": 0.72038
        },
        "117": {
            "loss": 0.7987388896820186,
            "acc": 0.71906
        },
        "118": {
            "loss": 0.7997635070930051,
            "acc": 0.71706
        },
        "119": {
            "loss": 0.7971306927978535,
            "acc": 0.72122
        },
        "120": {
            "loss": 0.7970621750482818,
            "acc": 0.7188
        },
        "121": {
            "loss": 0.7982762297401038,
            "acc": 0.7183
        },
        "122": {
            "loss": 0.7981162447758647,
            "acc": 0.72086
        },
        "123": {
            "loss": 0.7935832659606739,
            "acc": 0.72084
        },
        "124": {
            "loss": 0.7912425115285322,
            "acc": 0.71974
        },
        "125": {
            "loss": 0.7935512719861687,
            "acc": 0.71918
        },
        "126": {
            "loss": 0.7937708050393693,
            "acc": 0.71948
        },
        "127": {
            "loss": 0.790121101357443,
            "acc": 0.72298
        },
        "128": {
            "loss": 0.7928021237673357,
            "acc": 0.72196
        },
        "129": {
            "loss": 0.7918136632046127,
            "acc": 0.7191
        },
        "130": {
            "loss": 0.7923775588155098,
            "acc": 0.72066
        },
        "131": {
            "loss": 0.7940457257468377,
            "acc": 0.71822
        },
        "132": {
            "loss": 0.7924088341805636,
            "acc": 0.7205
        },
        "133": {
            "loss": 0.792154793086869,
            "acc": 0.72158
        },
        "134": {
            "loss": 0.7925273239460138,
            "acc": 0.72082
        },
        "135": {
            "loss": 0.7935321823410366,
            "acc": 0.72026
        },
        "136": {
            "loss": 0.7938779764772986,
            "acc": 0.72052
        },
        "137": {
            "loss": 0.7919501311638776,
            "acc": 0.7221
        },
        "138": {
            "loss": 0.7949669217819448,
            "acc": 0.71978
        },
        "139": {
            "loss": 0.7956546622773876,
            "acc": 0.71846
        },
        "140": {
            "loss": 0.7879276947901986,
            "acc": 0.72296
        },
        "141": {
            "loss": 0.78736395375503,
            "acc": 0.72272
        },
        "142": {
            "loss": 0.7884818361238446,
            "acc": 0.72316
        },
        "143": {
            "loss": 0.7918953075433326,
            "acc": 0.72192
        },
        "144": {
            "loss": 0.7918046034510483,
            "acc": 0.721
        },
        "145": {
            "loss": 0.7885584139915378,
            "acc": 0.72334
        },
        "146": {
            "loss": 0.7893116231769552,
            "acc": 0.72246
        },
        "147": {
            "loss": 0.7909517510772666,
            "acc": 0.72254
        },
        "148": {
            "loss": 0.7909156181623259,
            "acc": 0.72204
        },
        "149": {
            "loss": 0.7912193486452712,
            "acc": 0.72062
        },
        "150": {
            "loss": 0.7809242363780966,
            "acc": 0.72602
        },
        "151": {
            "loss": 0.7780651924250376,
            "acc": 0.72556
        },
        "152": {
            "loss": 0.780410800748469,
            "acc": 0.72528
        },
        "153": {
            "loss": 0.7839773882685415,
            "acc": 0.72466
        },
        "154": {
            "loss": 0.7817830836681454,
            "acc": 0.72528
        },
        "155": {
            "loss": 0.781106834521379,
            "acc": 0.723
        },
        "156": {
            "loss": 0.7799542601151235,
            "acc": 0.72522
        },
        "157": {
            "loss": 0.7836700622992747,
            "acc": 0.72384
        },
        "158": {
            "loss": 0.7806550935101326,
            "acc": 0.7266
        },
        "159": {
            "loss": 0.7766698101902252,
            "acc": 0.72666
        },
        "160": {
            "loss": 0.7800132679512434,
            "acc": 0.72472
        },
        "161": {
            "loss": 0.7750839449255668,
            "acc": 0.7252
        },
        "162": {
            "loss": 0.7800421359593911,
            "acc": 0.72634
        },
        "163": {
            "loss": 0.7770837269475698,
            "acc": 0.72812
        },
        "164": {
            "loss": 0.7824905528436841,
            "acc": 0.72582
        },
        "165": {
            "loss": 0.7811715414609446,
            "acc": 0.72448
        },
        "166": {
            "loss": 0.780846978544884,
            "acc": 0.72464
        },
        "167": {
            "loss": 0.7854705087059294,
            "acc": 0.72312
        },
        "168": {
            "loss": 0.7823234749267168,
            "acc": 0.7258
        },
        "169": {
            "loss": 0.7811839877796904,
            "acc": 0.72396
        },
        "170": {
            "loss": 0.7798009921827584,
            "acc": 0.72434
        },
        "171": {
            "loss": 0.7792164110161764,
            "acc": 0.72488
        },
        "172": {
            "loss": 0.7786910204631289,
            "acc": 0.72444
        },
        "173": {
            "loss": 0.779045405900082,
            "acc": 0.72296
        },
        "174": {
            "loss": 0.7744113112349644,
            "acc": 0.72748
        },
        "175": {
            "loss": 0.785723284534786,
            "acc": 0.72294
        },
        "176": {
            "loss": 0.7738891214970738,
            "acc": 0.72728
        },
        "177": {
            "loss": 0.7787105974638858,
            "acc": 0.72624
        },
        "178": {
            "loss": 0.7707398606993049,
            "acc": 0.72888
        },
        "179": {
            "loss": 0.7825230927113682,
            "acc": 0.72276
        },
        "180": {
            "loss": 0.780804422962696,
            "acc": 0.72456
        },
        "181": {
            "loss": 0.7780301576989996,
            "acc": 0.72488
        },
        "182": {
            "loss": 0.7819773210284046,
            "acc": 0.72384
        },
        "183": {
            "loss": 0.7776402462169033,
            "acc": 0.72634
        },
        "184": {
            "loss": 0.7820328260626634,
            "acc": 0.72346
        },
        "185": {
            "loss": 0.7758856245014064,
            "acc": 0.72454
        },
        "186": {
            "loss": 0.7774679227863126,
            "acc": 0.72478
        },
        "187": {
            "loss": 0.7784556214461851,
            "acc": 0.72532
        },
        "188": {
            "loss": 0.7784576899255328,
            "acc": 0.72494
        },
        "189": {
            "loss": 0.7803475303418191,
            "acc": 0.72306
        },
        "190": {
            "loss": 0.7766320066683737,
            "acc": 0.72596
        },
        "191": {
            "loss": 0.7782767431815262,
            "acc": 0.72646
        },
        "192": {
            "loss": 0.7775678598057584,
            "acc": 0.72686
        },
        "193": {
            "loss": 0.7791662899124653,
            "acc": 0.72488
        },
        "194": {
            "loss": 0.7816983647358692,
            "acc": 0.7236
        },
        "195": {
            "loss": 0.7759394583189884,
            "acc": 0.72724
        },
        "196": {
            "loss": 0.778155895450231,
            "acc": 0.72688
        },
        "197": {
            "loss": 0.7786985150993327,
            "acc": 0.72514
        },
        "198": {
            "loss": 0.7811148970023446,
            "acc": 0.72414
        },
        "199": {
            "loss": 0.7801796377772261,
            "acc": 0.72486
        },
        "200": {
            "loss": 0.776487299091066,
            "acc": 0.72668
        },
        "201": {
            "loss": 0.7734819746688198,
            "acc": 0.72718
        },
        "202": {
            "loss": 0.7770626974837554,
            "acc": 0.72452
        },
        "203": {
            "loss": 0.7816795848519601,
            "acc": 0.72354
        },
        "204": {
            "loss": 0.7829115619439908,
            "acc": 0.72432
        },
        "205": {
            "loss": 0.78027648191013,
            "acc": 0.72276
        },
        "206": {
            "loss": 0.7724943516199546,
            "acc": 0.72758
        },
        "207": {
            "loss": 0.7802510712762623,
            "acc": 0.72424
        },
        "208": {
            "loss": 0.7805760118662549,
            "acc": 0.72324
        },
        "209": {
            "loss": 0.7820480238751072,
            "acc": 0.72438
        },
        "210": {
            "loss": 0.7772104819412426,
            "acc": 0.7265
        },
        "211": {
            "loss": 0.7727146436796164,
            "acc": 0.72796
        },
        "212": {
            "loss": 0.781397521190936,
            "acc": 0.72408
        },
        "213": {
            "loss": 0.7787088137453474,
            "acc": 0.72642
        },
        "214": {
            "loss": 0.7770182581813744,
            "acc": 0.72524
        },
        "215": {
            "loss": 0.7748145659256469,
            "acc": 0.72902
        },
        "216": {
            "loss": 0.776042676185403,
            "acc": 0.72678
        },
        "217": {
            "loss": 0.7829214839069435,
            "acc": 0.72312
        },
        "218": {
            "loss": 0.7761690220259645,
            "acc": 0.72662
        },
        "219": {
            "loss": 0.780784107382645,
            "acc": 0.7247
        },
        "220": {
            "loss": 0.7779878563893116,
            "acc": 0.72614
        },
        "221": {
            "loss": 0.7787813845345432,
            "acc": 0.72586
        },
        "222": {
            "loss": 0.7751421326261652,
            "acc": 0.72754
        },
        "223": {
            "loss": 0.7771616593346267,
            "acc": 0.72692
        },
        "224": {
            "loss": 0.7788827792762796,
            "acc": 0.72282
        },
        "225": {
            "loss": 0.777466731760508,
            "acc": 0.7254
        },
        "226": {
            "loss": 0.7808765393998617,
            "acc": 0.72546
        },
        "227": {
            "loss": 0.7817511142367293,
            "acc": 0.72488
        },
        "228": {
            "loss": 0.7744192459699138,
            "acc": 0.72866
        },
        "229": {
            "loss": 0.7775839668558077,
            "acc": 0.72742
        },
        "230": {
            "loss": 0.7785864236104824,
            "acc": 0.725
        },
        "231": {
            "loss": 0.7803298404149692,
            "acc": 0.72458
        },
        "232": {
            "loss": 0.7772374462593546,
            "acc": 0.72464
        },
        "233": {
            "loss": 0.7763725206675127,
            "acc": 0.72574
        },
        "234": {
            "loss": 0.7754448655316287,
            "acc": 0.72762
        },
        "235": {
            "loss": 0.776116316733153,
            "acc": 0.72644
        },
        "236": {
            "loss": 0.7792992783934259,
            "acc": 0.72612
        },
        "237": {
            "loss": 0.7777022502916243,
            "acc": 0.725
        },
        "238": {
            "loss": 0.7792169863305738,
            "acc": 0.72596
        },
        "239": {
            "loss": 0.7754983596332238,
            "acc": 0.72608
        },
        "240": {
            "loss": 0.778229862222891,
            "acc": 0.72514
        },
        "241": {
            "loss": 0.7769333064708563,
            "acc": 0.72536
        },
        "242": {
            "loss": 0.7747583159095491,
            "acc": 0.727
        },
        "243": {
            "loss": 0.7737405708683726,
            "acc": 0.72896
        },
        "244": {
            "loss": 0.7810929772798972,
            "acc": 0.7248
        },
        "245": {
            "loss": 0.776691971227641,
            "acc": 0.72682
        },
        "246": {
            "loss": 0.7719937825141965,
            "acc": 0.72634
        },
        "247": {
            "loss": 0.7770811909299982,
            "acc": 0.7257
        },
        "248": {
            "loss": 0.7813108104574101,
            "acc": 0.725
        },
        "249": {
            "loss": 0.7761308268055587,
            "acc": 0.72728
        }
    },
    "test": {
        "0": {
            "loss": 1.5071246457099914,
            "acc": 0.4491
        },
        "1": {
            "loss": 1.377568392753601,
            "acc": 0.5079
        },
        "3": {
            "loss": 1.2649724578857422,
            "acc": 0.5465
        },
        "5": {
            "loss": 1.1904992818832398,
            "acc": 0.5765
        },
        "7": {
            "loss": 1.1665975785255431,
            "acc": 0.5831
        },
        "9": {
            "loss": 1.1302668142318726,
            "acc": 0.5973
        },
        "11": {
            "loss": 1.0957471680641175,
            "acc": 0.6108
        },
        "13": {
            "loss": 1.1239063465595245,
            "acc": 0.6048
        },
        "15": {
            "loss": 1.0419622159004212,
            "acc": 0.6313
        },
        "17": {
            "loss": 1.068315362930298,
            "acc": 0.6227
        },
        "19": {
            "loss": 1.0170265078544616,
            "acc": 0.6431
        },
        "21": {
            "loss": 1.0118844258785247,
            "acc": 0.6397
        },
        "23": {
            "loss": 0.9926701056957244,
            "acc": 0.6483
        },
        "25": {
            "loss": 0.9722722852230072,
            "acc": 0.656
        },
        "27": {
            "loss": 0.9692596244812012,
            "acc": 0.6641
        },
        "29": {
            "loss": 0.9858561909198761,
            "acc": 0.6558
        },
        "31": {
            "loss": 0.9400436818599701,
            "acc": 0.669
        },
        "33": {
            "loss": 0.984240608215332,
            "acc": 0.6602
        },
        "35": {
            "loss": 0.9246187269687652,
            "acc": 0.6764
        },
        "37": {
            "loss": 0.9304084873199463,
            "acc": 0.6725
        },
        "39": {
            "loss": 0.934892531633377,
            "acc": 0.6728
        },
        "41": {
            "loss": 0.917417106628418,
            "acc": 0.6817
        },
        "43": {
            "loss": 0.8993804097175598,
            "acc": 0.6846
        },
        "45": {
            "loss": 0.9010202741622925,
            "acc": 0.6858
        },
        "47": {
            "loss": 0.9262142241001129,
            "acc": 0.6772
        },
        "49": {
            "loss": 0.8973280549049377,
            "acc": 0.6863
        },
        "51": {
            "loss": 0.8907806622982025,
            "acc": 0.6901
        },
        "53": {
            "loss": 0.8791093480587006,
            "acc": 0.6922
        },
        "55": {
            "loss": 0.8653673243522644,
            "acc": 0.6994
        },
        "57": {
            "loss": 0.8818627071380615,
            "acc": 0.6921
        },
        "59": {
            "loss": 0.8796296274662018,
            "acc": 0.692
        },
        "61": {
            "loss": 0.8705846929550171,
            "acc": 0.6929
        },
        "63": {
            "loss": 0.854790130853653,
            "acc": 0.7006
        },
        "65": {
            "loss": 0.8598463582992554,
            "acc": 0.6994
        },
        "67": {
            "loss": 0.8471089076995849,
            "acc": 0.7054
        },
        "69": {
            "loss": 0.8821436166763306,
            "acc": 0.6931
        },
        "71": {
            "loss": 0.8527566993236542,
            "acc": 0.7008
        },
        "73": {
            "loss": 0.8556005275249481,
            "acc": 0.7036
        },
        "75": {
            "loss": 0.8363237726688385,
            "acc": 0.7011
        },
        "77": {
            "loss": 0.8558965456485749,
            "acc": 0.701
        },
        "79": {
            "loss": 0.8465570211410522,
            "acc": 0.7062
        },
        "81": {
            "loss": 0.8372432148456573,
            "acc": 0.7113
        },
        "83": {
            "loss": 0.8871082198619843,
            "acc": 0.6945
        },
        "85": {
            "loss": 0.8513725697994232,
            "acc": 0.7045
        },
        "87": {
            "loss": 0.840973072052002,
            "acc": 0.7058
        },
        "89": {
            "loss": 0.849479386806488,
            "acc": 0.7012
        },
        "91": {
            "loss": 0.8402107095718384,
            "acc": 0.7081
        },
        "93": {
            "loss": 0.8231494843959808,
            "acc": 0.7122
        },
        "95": {
            "loss": 0.8370163929462433,
            "acc": 0.7107
        },
        "97": {
            "loss": 0.8371208536624909,
            "acc": 0.7126
        },
        "99": {
            "loss": 0.8316359198093415,
            "acc": 0.7113
        },
        "101": {
            "loss": 0.7936468267440796,
            "acc": 0.7255
        },
        "103": {
            "loss": 0.7877338898181915,
            "acc": 0.725
        },
        "105": {
            "loss": 0.7860261285305024,
            "acc": 0.7232
        },
        "107": {
            "loss": 0.7876907122135163,
            "acc": 0.7257
        },
        "109": {
            "loss": 0.7907014238834381,
            "acc": 0.7239
        },
        "111": {
            "loss": 0.7897546815872193,
            "acc": 0.7242
        },
        "113": {
            "loss": 0.7833126401901245,
            "acc": 0.7292
        },
        "115": {
            "loss": 0.7804511392116547,
            "acc": 0.7286
        },
        "117": {
            "loss": 0.7832578563690186,
            "acc": 0.7265
        },
        "119": {
            "loss": 0.7811036944389343,
            "acc": 0.729
        },
        "121": {
            "loss": 0.7830304515361786,
            "acc": 0.7238
        },
        "123": {
            "loss": 0.7822982442378997,
            "acc": 0.7281
        },
        "125": {
            "loss": 0.7773025858402253,
            "acc": 0.7281
        },
        "127": {
            "loss": 0.7819838690757751,
            "acc": 0.7296
        },
        "129": {
            "loss": 0.7792666149139404,
            "acc": 0.7271
        },
        "131": {
            "loss": 0.777602870464325,
            "acc": 0.7272
        },
        "133": {
            "loss": 0.7810419023036956,
            "acc": 0.7249
        },
        "135": {
            "loss": 0.7802559423446656,
            "acc": 0.7277
        },
        "137": {
            "loss": 0.7753624749183655,
            "acc": 0.7302
        },
        "139": {
            "loss": 0.7771215832233429,
            "acc": 0.7292
        },
        "141": {
            "loss": 0.7762661921977997,
            "acc": 0.731
        },
        "143": {
            "loss": 0.7766255271434784,
            "acc": 0.73
        },
        "145": {
            "loss": 0.7803263080120086,
            "acc": 0.7267
        },
        "147": {
            "loss": 0.777135409116745,
            "acc": 0.7283
        },
        "149": {
            "loss": 0.7788869202136993,
            "acc": 0.728
        },
        "151": {
            "loss": 0.7731192147731781,
            "acc": 0.7285
        },
        "153": {
            "loss": 0.7723562359809876,
            "acc": 0.7299
        },
        "155": {
            "loss": 0.7718000400066376,
            "acc": 0.7291
        },
        "157": {
            "loss": 0.7715110301971435,
            "acc": 0.7301
        },
        "159": {
            "loss": 0.772398122549057,
            "acc": 0.7292
        },
        "161": {
            "loss": 0.7712594783306121,
            "acc": 0.7293
        },
        "163": {
            "loss": 0.7720312106609345,
            "acc": 0.7302
        },
        "165": {
            "loss": 0.7716358697414398,
            "acc": 0.731
        },
        "167": {
            "loss": 0.7715300810337067,
            "acc": 0.7301
        },
        "169": {
            "loss": 0.7715093302726745,
            "acc": 0.7301
        },
        "171": {
            "loss": 0.7712611436843873,
            "acc": 0.7293
        },
        "173": {
            "loss": 0.7713711440563202,
            "acc": 0.7312
        },
        "175": {
            "loss": 0.770738205909729,
            "acc": 0.7321
        },
        "177": {
            "loss": 0.771004775762558,
            "acc": 0.7293
        },
        "179": {
            "loss": 0.7709940600395203,
            "acc": 0.729
        },
        "181": {
            "loss": 0.771286016702652,
            "acc": 0.7294
        },
        "183": {
            "loss": 0.7717606675624847,
            "acc": 0.7292
        },
        "185": {
            "loss": 0.771307270526886,
            "acc": 0.7296
        },
        "187": {
            "loss": 0.7712484896183014,
            "acc": 0.731
        },
        "189": {
            "loss": 0.7714123523235321,
            "acc": 0.7308
        },
        "191": {
            "loss": 0.7713974916934967,
            "acc": 0.7296
        },
        "193": {
            "loss": 0.7715451991558075,
            "acc": 0.7306
        },
        "195": {
            "loss": 0.7714047801494598,
            "acc": 0.7297
        },
        "197": {
            "loss": 0.770953938961029,
            "acc": 0.7316
        },
        "199": {
            "loss": 0.7712027144432068,
            "acc": 0.7309
        },
        "201": {
            "loss": 0.7706379306316375,
            "acc": 0.7308
        },
        "203": {
            "loss": 0.7704623091220856,
            "acc": 0.7302
        },
        "205": {
            "loss": 0.7704103755950927,
            "acc": 0.7305
        },
        "207": {
            "loss": 0.7704190611839294,
            "acc": 0.7303
        },
        "209": {
            "loss": 0.7704132068157196,
            "acc": 0.7298
        },
        "211": {
            "loss": 0.7704537618160248,
            "acc": 0.7299
        },
        "213": {
            "loss": 0.7704937875270843,
            "acc": 0.7298
        },
        "215": {
            "loss": 0.7705368053913116,
            "acc": 0.7301
        },
        "217": {
            "loss": 0.7706241381168365,
            "acc": 0.7298
        },
        "219": {
            "loss": 0.7705488121509552,
            "acc": 0.7299
        },
        "221": {
            "loss": 0.7705076026916504,
            "acc": 0.73
        },
        "223": {
            "loss": 0.7704378747940064,
            "acc": 0.73
        },
        "225": {
            "loss": 0.7703826069831848,
            "acc": 0.7297
        },
        "227": {
            "loss": 0.770415813922882,
            "acc": 0.7299
        },
        "229": {
            "loss": 0.7704155945777893,
            "acc": 0.7299
        },
        "231": {
            "loss": 0.7703541111946106,
            "acc": 0.7302
        },
        "233": {
            "loss": 0.7704652774333954,
            "acc": 0.73
        },
        "235": {
            "loss": 0.7702889323234559,
            "acc": 0.7301
        },
        "237": {
            "loss": 0.7703438556194305,
            "acc": 0.7303
        },
        "239": {
            "loss": 0.7705049967765808,
            "acc": 0.7304
        },
        "241": {
            "loss": 0.7704221522808075,
            "acc": 0.73
        },
        "243": {
            "loss": 0.770441323518753,
            "acc": 0.7303
        },
        "245": {
            "loss": 0.7703537058830261,
            "acc": 0.7307
        },
        "247": {
            "loss": 0.7703439962863922,
            "acc": 0.7306
        },
        "249": {
            "loss": 0.7704679584503173,
            "acc": 0.7307
        }
    },
    "best": {
        "best_epoch": 175,
        "best_acc": 73.21
    }
}