{
    "train": {
        "0": {
            "loss": 1.998792721182489,
            "acc": 0.20656
        },
        "1": {
            "loss": 1.6568283056054274,
            "acc": 0.34064
        },
        "2": {
            "loss": 1.4430092149378393,
            "acc": 0.45558
        },
        "3": {
            "loss": 1.2251256809515112,
            "acc": 0.55892
        },
        "4": {
            "loss": 1.0471939558873091,
            "acc": 0.63324
        },
        "5": {
            "loss": 0.9503456297737863,
            "acc": 0.67872
        },
        "6": {
            "loss": 0.8515358141925938,
            "acc": 0.71868
        },
        "7": {
            "loss": 0.7732927872396796,
            "acc": 0.7506
        },
        "8": {
            "loss": 0.7123686659823903,
            "acc": 0.77346
        },
        "9": {
            "loss": 0.661491618284484,
            "acc": 0.79224
        },
        "10": {
            "loss": 0.6156663054700398,
            "acc": 0.8056
        },
        "11": {
            "loss": 0.5691875188856783,
            "acc": 0.82006
        },
        "12": {
            "loss": 0.5492898639663101,
            "acc": 0.82984
        },
        "13": {
            "loss": 0.5045432711348814,
            "acc": 0.8416
        },
        "14": {
            "loss": 0.4817156659062866,
            "acc": 0.85026
        },
        "15": {
            "loss": 0.4588659771568025,
            "acc": 0.85724
        },
        "16": {
            "loss": 0.43635989485494314,
            "acc": 0.86576
        },
        "17": {
            "loss": 0.41138492223551815,
            "acc": 0.87102
        },
        "18": {
            "loss": 0.3912827694583732,
            "acc": 0.87912
        },
        "19": {
            "loss": 0.3779607671682182,
            "acc": 0.88096
        },
        "20": {
            "loss": 0.3586128994327067,
            "acc": 0.88708
        },
        "21": {
            "loss": 0.34725707068162803,
            "acc": 0.89048
        },
        "22": {
            "loss": 0.33552791035312524,
            "acc": 0.8938
        },
        "23": {
            "loss": 0.32542512415315183,
            "acc": 0.89838
        },
        "24": {
            "loss": 0.320238240310908,
            "acc": 0.90012
        },
        "25": {
            "loss": 0.30131822807328473,
            "acc": 0.90554
        },
        "26": {
            "loss": 0.2948912541236719,
            "acc": 0.90654
        },
        "27": {
            "loss": 0.28442208030644583,
            "acc": 0.90998
        },
        "28": {
            "loss": 0.2718423607061281,
            "acc": 0.91606
        },
        "29": {
            "loss": 0.2716468567471675,
            "acc": 0.91442
        },
        "30": {
            "loss": 0.2632578605847895,
            "acc": 0.91828
        },
        "31": {
            "loss": 0.25503253889129596,
            "acc": 0.9199
        },
        "32": {
            "loss": 0.2446923955055454,
            "acc": 0.92306
        },
        "33": {
            "loss": 0.24116492341927556,
            "acc": 0.92478
        },
        "34": {
            "loss": 0.23840750073609146,
            "acc": 0.92668
        },
        "35": {
            "loss": 0.23881873383622645,
            "acc": 0.92638
        },
        "36": {
            "loss": 0.22609862457493993,
            "acc": 0.92906
        },
        "37": {
            "loss": 0.22372990246395322,
            "acc": 0.9303
        },
        "38": {
            "loss": 0.2200138316777966,
            "acc": 0.93148
        },
        "39": {
            "loss": 0.21232706742823276,
            "acc": 0.93322
        },
        "40": {
            "loss": 0.20721392175349432,
            "acc": 0.9349
        },
        "41": {
            "loss": 0.20460930258950308,
            "acc": 0.9354
        },
        "42": {
            "loss": 0.20495109458256255,
            "acc": 0.93508
        },
        "43": {
            "loss": 0.2013231743403408,
            "acc": 0.93726
        },
        "44": {
            "loss": 0.1985734438290224,
            "acc": 0.93738
        },
        "45": {
            "loss": 0.19334298255079238,
            "acc": 0.93886
        },
        "46": {
            "loss": 0.19272198326066328,
            "acc": 0.94034
        },
        "47": {
            "loss": 0.18820912110836,
            "acc": 0.94182
        },
        "48": {
            "loss": 0.1832564294414447,
            "acc": 0.94366
        },
        "49": {
            "loss": 0.17875007766744364,
            "acc": 0.9437
        },
        "50": {
            "loss": 0.11317071631607954,
            "acc": 0.96446
        },
        "51": {
            "loss": 0.08524672683719021,
            "acc": 0.97294
        },
        "52": {
            "loss": 0.07435179345519341,
            "acc": 0.9765
        },
        "53": {
            "loss": 0.06662837347692198,
            "acc": 0.97932
        },
        "54": {
            "loss": 0.06382691372862405,
            "acc": 0.9799
        },
        "55": {
            "loss": 0.05689322025231693,
            "acc": 0.98148
        },
        "56": {
            "loss": 0.05521524960920691,
            "acc": 0.98268
        },
        "57": {
            "loss": 0.0499336453984775,
            "acc": 0.9842
        },
        "58": {
            "loss": 0.048381512669031804,
            "acc": 0.98472
        },
        "59": {
            "loss": 0.04301959699462823,
            "acc": 0.98614
        },
        "60": {
            "loss": 0.04292784851161129,
            "acc": 0.98596
        },
        "61": {
            "loss": 0.03950015506635675,
            "acc": 0.98766
        },
        "62": {
            "loss": 0.038447091688194775,
            "acc": 0.98812
        },
        "63": {
            "loss": 0.03873385816200367,
            "acc": 0.98814
        },
        "64": {
            "loss": 0.037935072891390344,
            "acc": 0.9878
        },
        "65": {
            "loss": 0.03381364788238407,
            "acc": 0.98934
        },
        "66": {
            "loss": 0.03588681580776306,
            "acc": 0.989
        },
        "67": {
            "loss": 0.03361478825891748,
            "acc": 0.98974
        },
        "68": {
            "loss": 0.030661239355738223,
            "acc": 0.99072
        },
        "69": {
            "loss": 0.028280390665004186,
            "acc": 0.99096
        },
        "70": {
            "loss": 0.027004359585805878,
            "acc": 0.99094
        },
        "71": {
            "loss": 0.027103002203385466,
            "acc": 0.9911
        },
        "72": {
            "loss": 0.027461317608721288,
            "acc": 0.99156
        },
        "73": {
            "loss": 0.02598202210547917,
            "acc": 0.99216
        },
        "74": {
            "loss": 0.02525772788482087,
            "acc": 0.99184
        },
        "75": {
            "loss": 0.022864528096375077,
            "acc": 0.99282
        },
        "76": {
            "loss": 0.02481195883220419,
            "acc": 0.99214
        },
        "77": {
            "loss": 0.02356208641694792,
            "acc": 0.99258
        },
        "78": {
            "loss": 0.022510913987745247,
            "acc": 0.99274
        },
        "79": {
            "loss": 0.0216220779805337,
            "acc": 0.99342
        },
        "80": {
            "loss": 0.021370954147023162,
            "acc": 0.9933
        },
        "81": {
            "loss": 0.02193454044107038,
            "acc": 0.99316
        },
        "82": {
            "loss": 0.018879003315607844,
            "acc": 0.99424
        },
        "83": {
            "loss": 0.018498152865560207,
            "acc": 0.99402
        },
        "84": {
            "loss": 0.020306606641095227,
            "acc": 0.99352
        },
        "85": {
            "loss": 0.021012881762244504,
            "acc": 0.99364
        },
        "86": {
            "loss": 0.01967638106930339,
            "acc": 0.99376
        },
        "87": {
            "loss": 0.019565209808439028,
            "acc": 0.99378
        },
        "88": {
            "loss": 0.01838786183583105,
            "acc": 0.99404
        },
        "89": {
            "loss": 0.019587735710379757,
            "acc": 0.99414
        },
        "90": {
            "loss": 0.018089124859046297,
            "acc": 0.99422
        },
        "91": {
            "loss": 0.017622264003029207,
            "acc": 0.9942
        },
        "92": {
            "loss": 0.018090472020872196,
            "acc": 0.99432
        },
        "93": {
            "loss": 0.017719719941249056,
            "acc": 0.99456
        },
        "94": {
            "loss": 0.016736676952059684,
            "acc": 0.9949
        },
        "95": {
            "loss": 0.01637901626738703,
            "acc": 0.99504
        },
        "96": {
            "loss": 0.01524878179852772,
            "acc": 0.99522
        },
        "97": {
            "loss": 0.0172325104453882,
            "acc": 0.99446
        },
        "98": {
            "loss": 0.016358338930296337,
            "acc": 0.99484
        },
        "99": {
            "loss": 0.014276366860098432,
            "acc": 0.99528
        },
        "100": {
            "loss": 0.01287146665133855,
            "acc": 0.99602
        },
        "101": {
            "loss": 0.011418924701999743,
            "acc": 0.99656
        },
        "102": {
            "loss": 0.009935807354938504,
            "acc": 0.9971
        },
        "103": {
            "loss": 0.009927380640093056,
            "acc": 0.99718
        },
        "104": {
            "loss": 0.011121789543398791,
            "acc": 0.99664
        },
        "105": {
            "loss": 0.008699071625961572,
            "acc": 0.9972
        },
        "106": {
            "loss": 0.009249200925791918,
            "acc": 0.99738
        },
        "107": {
            "loss": 0.00997035936763584,
            "acc": 0.99682
        },
        "108": {
            "loss": 0.007475465889904015,
            "acc": 0.99774
        },
        "109": {
            "loss": 0.008832131606771413,
            "acc": 0.99746
        },
        "110": {
            "loss": 0.008341401729442756,
            "acc": 0.99746
        },
        "111": {
            "loss": 0.008036336396596648,
            "acc": 0.99764
        },
        "112": {
            "loss": 0.008757268715262188,
            "acc": 0.99726
        },
        "113": {
            "loss": 0.0078697398903317,
            "acc": 0.99756
        },
        "114": {
            "loss": 0.007502116210138797,
            "acc": 0.9977
        },
        "115": {
            "loss": 0.007558949225831686,
            "acc": 0.99764
        },
        "116": {
            "loss": 0.007576720096128326,
            "acc": 0.99752
        },
        "117": {
            "loss": 0.008040447051346879,
            "acc": 0.99754
        },
        "118": {
            "loss": 0.007165677774542124,
            "acc": 0.99774
        },
        "119": {
            "loss": 0.007347694943253192,
            "acc": 0.99754
        },
        "120": {
            "loss": 0.007656277666646092,
            "acc": 0.99752
        },
        "121": {
            "loss": 0.006280860627669117,
            "acc": 0.99812
        },
        "122": {
            "loss": 0.0068517834645734094,
            "acc": 0.99796
        },
        "123": {
            "loss": 0.0071042345389333746,
            "acc": 0.998
        },
        "124": {
            "loss": 0.005805331723527242,
            "acc": 0.99828
        },
        "125": {
            "loss": 0.006041776037851201,
            "acc": 0.99806
        },
        "126": {
            "loss": 0.0061271333840111145,
            "acc": 0.99812
        },
        "127": {
            "loss": 0.005840790896144126,
            "acc": 0.99816
        },
        "128": {
            "loss": 0.005634389753049851,
            "acc": 0.99834
        },
        "129": {
            "loss": 0.005980331121217114,
            "acc": 0.99808
        },
        "130": {
            "loss": 0.006703605089829984,
            "acc": 0.9978
        },
        "131": {
            "loss": 0.005930011801439804,
            "acc": 0.9983
        },
        "132": {
            "loss": 0.006176596383236366,
            "acc": 0.99806
        },
        "133": {
            "loss": 0.006239786053590281,
            "acc": 0.99794
        },
        "134": {
            "loss": 0.006040651761532804,
            "acc": 0.99832
        },
        "135": {
            "loss": 0.006287316125860769,
            "acc": 0.9982
        },
        "136": {
            "loss": 0.0057074829218182665,
            "acc": 0.99826
        },
        "137": {
            "loss": 0.005773648814111531,
            "acc": 0.99842
        },
        "138": {
            "loss": 0.006021439659280007,
            "acc": 0.99802
        },
        "139": {
            "loss": 0.0061229818627935575,
            "acc": 0.9983
        },
        "140": {
            "loss": 0.005400115790021549,
            "acc": 0.99818
        },
        "141": {
            "loss": 0.005497237904310075,
            "acc": 0.99816
        },
        "142": {
            "loss": 0.004826592943852034,
            "acc": 0.9985
        },
        "143": {
            "loss": 0.005662495211996299,
            "acc": 0.99816
        },
        "144": {
            "loss": 0.00589332188730595,
            "acc": 0.99816
        },
        "145": {
            "loss": 0.005634491601848708,
            "acc": 0.99824
        },
        "146": {
            "loss": 0.005713948123346088,
            "acc": 0.9985
        },
        "147": {
            "loss": 0.005467524441555166,
            "acc": 0.99826
        },
        "148": {
            "loss": 0.00539260225028426,
            "acc": 0.99836
        },
        "149": {
            "loss": 0.00450868305911416,
            "acc": 0.99854
        },
        "150": {
            "loss": 0.0060334622617968766,
            "acc": 0.99812
        },
        "151": {
            "loss": 0.0048789029225537045,
            "acc": 0.99868
        },
        "152": {
            "loss": 0.004816489137040423,
            "acc": 0.99852
        },
        "153": {
            "loss": 0.004830601107267498,
            "acc": 0.9984
        },
        "154": {
            "loss": 0.004875891779869785,
            "acc": 0.99864
        },
        "155": {
            "loss": 0.004998389738844112,
            "acc": 0.9984
        },
        "156": {
            "loss": 0.004505490374086244,
            "acc": 0.9986
        },
        "157": {
            "loss": 0.005578799785458413,
            "acc": 0.99832
        },
        "158": {
            "loss": 0.004836654912921108,
            "acc": 0.99844
        },
        "159": {
            "loss": 0.004540220654648913,
            "acc": 0.99856
        },
        "160": {
            "loss": 0.005805078682152803,
            "acc": 0.99828
        },
        "161": {
            "loss": 0.00538335372961056,
            "acc": 0.99834
        },
        "162": {
            "loss": 0.004677193135104548,
            "acc": 0.9986
        },
        "163": {
            "loss": 0.005198238421116284,
            "acc": 0.99834
        },
        "164": {
            "loss": 0.0046717504385824235,
            "acc": 0.99868
        },
        "165": {
            "loss": 0.005090911877876751,
            "acc": 0.9984
        },
        "166": {
            "loss": 0.00485486736493733,
            "acc": 0.9985
        },
        "167": {
            "loss": 0.00446373063822627,
            "acc": 0.99844
        },
        "168": {
            "loss": 0.00490435070024081,
            "acc": 0.9985
        },
        "169": {
            "loss": 0.005673149199144768,
            "acc": 0.99826
        },
        "170": {
            "loss": 0.0047142133448699304,
            "acc": 0.99862
        },
        "171": {
            "loss": 0.004879830678104056,
            "acc": 0.99848
        },
        "172": {
            "loss": 0.004275067937564846,
            "acc": 0.99894
        },
        "173": {
            "loss": 0.003986983728507841,
            "acc": 0.99872
        },
        "174": {
            "loss": 0.004207747172416293,
            "acc": 0.9987
        },
        "175": {
            "loss": 0.004775121259024305,
            "acc": 0.99836
        },
        "176": {
            "loss": 0.005296924589228604,
            "acc": 0.99828
        },
        "177": {
            "loss": 0.005194837001183302,
            "acc": 0.99826
        },
        "178": {
            "loss": 0.004631896775010872,
            "acc": 0.99864
        },
        "179": {
            "loss": 0.004129724633248608,
            "acc": 0.9988
        },
        "180": {
            "loss": 0.005229808746829934,
            "acc": 0.9981
        },
        "181": {
            "loss": 0.004393824596640408,
            "acc": 0.99862
        },
        "182": {
            "loss": 0.005737203338062581,
            "acc": 0.99828
        },
        "183": {
            "loss": 0.004688410267806696,
            "acc": 0.9986
        },
        "184": {
            "loss": 0.005709037970928082,
            "acc": 0.99826
        },
        "185": {
            "loss": 0.004880088092775627,
            "acc": 0.99836
        },
        "186": {
            "loss": 0.005365986341272321,
            "acc": 0.99836
        },
        "187": {
            "loss": 0.004516361471362468,
            "acc": 0.9988
        },
        "188": {
            "loss": 0.004746618931890493,
            "acc": 0.9984
        },
        "189": {
            "loss": 0.005107061745224657,
            "acc": 0.99854
        },
        "190": {
            "loss": 0.005336457331653844,
            "acc": 0.99838
        },
        "191": {
            "loss": 0.00543530949971566,
            "acc": 0.99832
        },
        "192": {
            "loss": 0.0037227568104672617,
            "acc": 0.99894
        },
        "193": {
            "loss": 0.004625290499568698,
            "acc": 0.99852
        },
        "194": {
            "loss": 0.00424794407050504,
            "acc": 0.99874
        },
        "195": {
            "loss": 0.0047420571281877166,
            "acc": 0.99844
        },
        "196": {
            "loss": 0.0054003218743938815,
            "acc": 0.99816
        },
        "197": {
            "loss": 0.0038316306281302487,
            "acc": 0.9989
        },
        "198": {
            "loss": 0.004481156421465028,
            "acc": 0.9987
        },
        "199": {
            "loss": 0.005029854245709858,
            "acc": 0.99828
        }
    },
    "test": {
        "0": {
            "loss": 1.9115669012069703,
            "acc": 0.2432
        },
        "1": {
            "loss": 1.9664488339424133,
            "acc": 0.2769
        },
        "3": {
            "loss": 1.2541306281089784,
            "acc": 0.5476
        },
        "5": {
            "loss": 1.1786119151115417,
            "acc": 0.6361
        },
        "7": {
            "loss": 0.759894825220108,
            "acc": 0.752
        },
        "9": {
            "loss": 0.7670582556724548,
            "acc": 0.7666
        },
        "11": {
            "loss": 0.5742771601676941,
            "acc": 0.8197
        },
        "13": {
            "loss": 0.5343987035751343,
            "acc": 0.8318
        },
        "15": {
            "loss": 0.5175088411569595,
            "acc": 0.8416
        },
        "17": {
            "loss": 0.4941667085886002,
            "acc": 0.8519
        },
        "19": {
            "loss": 0.5025826334953308,
            "acc": 0.8505
        },
        "21": {
            "loss": 0.5024720272421836,
            "acc": 0.8463
        },
        "23": {
            "loss": 0.4132064747810364,
            "acc": 0.8766
        },
        "25": {
            "loss": 0.4151772725582123,
            "acc": 0.8715
        },
        "27": {
            "loss": 0.4224694362282753,
            "acc": 0.8712
        },
        "29": {
            "loss": 0.4354225009679794,
            "acc": 0.8727
        },
        "31": {
            "loss": 0.37681561142206194,
            "acc": 0.8833
        },
        "33": {
            "loss": 0.38137606739997865,
            "acc": 0.8859
        },
        "35": {
            "loss": 0.4844970679283142,
            "acc": 0.8629
        },
        "37": {
            "loss": 0.4477590328454971,
            "acc": 0.8784
        },
        "39": {
            "loss": 0.4401077777147293,
            "acc": 0.8708
        },
        "41": {
            "loss": 0.3960034453868866,
            "acc": 0.8852
        },
        "43": {
            "loss": 0.4373628506064415,
            "acc": 0.8794
        },
        "45": {
            "loss": 0.3848067066073418,
            "acc": 0.8938
        },
        "47": {
            "loss": 0.3600847139954567,
            "acc": 0.8975
        },
        "49": {
            "loss": 0.40320061713457106,
            "acc": 0.8852
        },
        "51": {
            "loss": 0.33478578448295593,
            "acc": 0.9132
        },
        "53": {
            "loss": 0.32349060982465744,
            "acc": 0.9169
        },
        "55": {
            "loss": 0.3341230684518814,
            "acc": 0.9197
        },
        "57": {
            "loss": 0.3414777061343193,
            "acc": 0.9177
        },
        "59": {
            "loss": 0.3659616383910179,
            "acc": 0.9181
        },
        "61": {
            "loss": 0.36973949283361435,
            "acc": 0.9195
        },
        "63": {
            "loss": 0.3612657871842384,
            "acc": 0.9206
        },
        "65": {
            "loss": 0.37442400217056276,
            "acc": 0.9183
        },
        "67": {
            "loss": 0.3724671989679337,
            "acc": 0.9168
        },
        "69": {
            "loss": 0.3903736454248428,
            "acc": 0.9173
        },
        "71": {
            "loss": 0.4023049598932266,
            "acc": 0.9189
        },
        "73": {
            "loss": 0.3968347427248955,
            "acc": 0.9189
        },
        "75": {
            "loss": 0.39509968250989913,
            "acc": 0.9181
        },
        "77": {
            "loss": 0.388017235994339,
            "acc": 0.9194
        },
        "79": {
            "loss": 0.4097069805860519,
            "acc": 0.9185
        },
        "81": {
            "loss": 0.40716855764389037,
            "acc": 0.9187
        },
        "83": {
            "loss": 0.4172657123208046,
            "acc": 0.9172
        },
        "85": {
            "loss": 0.4050215512514114,
            "acc": 0.9168
        },
        "87": {
            "loss": 0.41561906099319457,
            "acc": 0.9189
        },
        "89": {
            "loss": 0.42148893475532534,
            "acc": 0.9179
        },
        "91": {
            "loss": 0.4123455840349197,
            "acc": 0.9185
        },
        "93": {
            "loss": 0.4177128264307976,
            "acc": 0.9179
        },
        "95": {
            "loss": 0.42482747584581376,
            "acc": 0.9179
        },
        "97": {
            "loss": 0.4267529875040054,
            "acc": 0.918
        },
        "99": {
            "loss": 0.4147550645470619,
            "acc": 0.9215
        },
        "101": {
            "loss": 0.41281553357839584,
            "acc": 0.923
        },
        "103": {
            "loss": 0.42080326795578005,
            "acc": 0.9233
        },
        "105": {
            "loss": 0.4209227740764618,
            "acc": 0.923
        },
        "107": {
            "loss": 0.41875469624996187,
            "acc": 0.9238
        },
        "109": {
            "loss": 0.4197408562898636,
            "acc": 0.9227
        },
        "111": {
            "loss": 0.42846194207668303,
            "acc": 0.9222
        },
        "113": {
            "loss": 0.4249303391575813,
            "acc": 0.9236
        },
        "115": {
            "loss": 0.42609319627285,
            "acc": 0.9232
        },
        "117": {
            "loss": 0.43248187959194184,
            "acc": 0.923
        },
        "119": {
            "loss": 0.43001797020435334,
            "acc": 0.9241
        },
        "121": {
            "loss": 0.43763712257146836,
            "acc": 0.9238
        },
        "123": {
            "loss": 0.434345645904541,
            "acc": 0.9231
        },
        "125": {
            "loss": 0.43942408084869383,
            "acc": 0.9228
        },
        "127": {
            "loss": 0.44172513782978057,
            "acc": 0.9229
        },
        "129": {
            "loss": 0.4394243547320366,
            "acc": 0.923
        },
        "131": {
            "loss": 0.4404505121707916,
            "acc": 0.9237
        },
        "133": {
            "loss": 0.4373499095439911,
            "acc": 0.9238
        },
        "135": {
            "loss": 0.4419557186961174,
            "acc": 0.9241
        },
        "137": {
            "loss": 0.45043695747852325,
            "acc": 0.923
        },
        "139": {
            "loss": 0.44267788380384443,
            "acc": 0.9241
        },
        "141": {
            "loss": 0.44562232464551926,
            "acc": 0.9238
        },
        "143": {
            "loss": 0.4465915685892105,
            "acc": 0.9228
        },
        "145": {
            "loss": 0.4442386689782143,
            "acc": 0.9241
        },
        "147": {
            "loss": 0.44603620171546937,
            "acc": 0.9225
        },
        "149": {
            "loss": 0.45015750378370284,
            "acc": 0.9218
        },
        "151": {
            "loss": 0.45141593635082244,
            "acc": 0.9223
        },
        "153": {
            "loss": 0.44646615386009214,
            "acc": 0.9229
        },
        "155": {
            "loss": 0.44849664479494095,
            "acc": 0.9223
        },
        "157": {
            "loss": 0.44501291543245314,
            "acc": 0.9232
        },
        "159": {
            "loss": 0.45001823306083677,
            "acc": 0.9233
        },
        "161": {
            "loss": 0.4491917896270752,
            "acc": 0.9231
        },
        "163": {
            "loss": 0.44876417100429533,
            "acc": 0.9232
        },
        "165": {
            "loss": 0.45137366980314253,
            "acc": 0.9227
        },
        "167": {
            "loss": 0.4483902087807655,
            "acc": 0.9233
        },
        "169": {
            "loss": 0.4511042732000351,
            "acc": 0.9239
        },
        "171": {
            "loss": 0.44489491283893584,
            "acc": 0.924
        },
        "173": {
            "loss": 0.45305603206157685,
            "acc": 0.9231
        },
        "175": {
            "loss": 0.4435609382390976,
            "acc": 0.9235
        },
        "177": {
            "loss": 0.4470062831044197,
            "acc": 0.9239
        },
        "179": {
            "loss": 0.45399994611740113,
            "acc": 0.9228
        },
        "181": {
            "loss": 0.45252526700496676,
            "acc": 0.9234
        },
        "183": {
            "loss": 0.4490628299117088,
            "acc": 0.9227
        },
        "185": {
            "loss": 0.4464207884669304,
            "acc": 0.9227
        },
        "187": {
            "loss": 0.4464994892477989,
            "acc": 0.9235
        },
        "189": {
            "loss": 0.44616596460342406,
            "acc": 0.9232
        },
        "191": {
            "loss": 0.4444372284412384,
            "acc": 0.9238
        },
        "193": {
            "loss": 0.4510017877817154,
            "acc": 0.9239
        },
        "195": {
            "loss": 0.45409539073705674,
            "acc": 0.924
        },
        "197": {
            "loss": 0.45122882157564165,
            "acc": 0.9238
        },
        "199": {
            "loss": 0.44623676836490633,
            "acc": 0.9238
        }
    },
    "best": {
        "best_epoch": 119,
        "best_acc": 92.41
    }
}