{
    "train": {
        "0": {
            "loss": 2.0276556813808355,
            "acc": 0.20696
        },
        "1": {
            "loss": 1.6267833417029027,
            "acc": 0.39206
        },
        "2": {
            "loss": 1.455138318374029,
            "acc": 0.47714
        },
        "3": {
            "loss": 1.3690116481707835,
            "acc": 0.51284
        },
        "4": {
            "loss": 1.313651344355415,
            "acc": 0.5394
        },
        "5": {
            "loss": 1.2606624195642788,
            "acc": 0.55918
        },
        "6": {
            "loss": 1.2329680973001758,
            "acc": 0.57302
        },
        "7": {
            "loss": 1.2269168537291115,
            "acc": 0.57724
        },
        "8": {
            "loss": 1.2064622884516216,
            "acc": 0.58464
        },
        "9": {
            "loss": 1.1875347812157457,
            "acc": 0.59274
        },
        "10": {
            "loss": 1.183863576263418,
            "acc": 0.59458
        },
        "11": {
            "loss": 1.1795681178417352,
            "acc": 0.59698
        },
        "12": {
            "loss": 1.1656757641936202,
            "acc": 0.60072
        },
        "13": {
            "loss": 1.164987934062548,
            "acc": 0.6022
        },
        "14": {
            "loss": 1.1625158954459383,
            "acc": 0.60722
        },
        "15": {
            "loss": 1.1573986162614944,
            "acc": 0.60694
        },
        "16": {
            "loss": 1.1401865549404602,
            "acc": 0.61722
        },
        "17": {
            "loss": 1.1559593128731183,
            "acc": 0.61028
        },
        "18": {
            "loss": 1.1425790500153057,
            "acc": 0.618
        },
        "19": {
            "loss": 1.1234925573744128,
            "acc": 0.6216
        },
        "20": {
            "loss": 1.1279588558179947,
            "acc": 0.62052
        },
        "21": {
            "loss": 1.1329931208239796,
            "acc": 0.62086
        },
        "22": {
            "loss": 1.1322747135101376,
            "acc": 0.61948
        },
        "23": {
            "loss": 1.139765379221543,
            "acc": 0.6165
        },
        "24": {
            "loss": 1.135515131761351,
            "acc": 0.6203
        },
        "25": {
            "loss": 1.1289202517560681,
            "acc": 0.61982
        },
        "26": {
            "loss": 1.1195000089952707,
            "acc": 0.6234
        },
        "27": {
            "loss": 1.1250459361259284,
            "acc": 0.62464
        },
        "28": {
            "loss": 1.1248266616135911,
            "acc": 0.6223
        },
        "29": {
            "loss": 1.1159819925532621,
            "acc": 0.62846
        },
        "30": {
            "loss": 1.1187645835644753,
            "acc": 0.62676
        },
        "31": {
            "loss": 1.1183342890971153,
            "acc": 0.625
        },
        "32": {
            "loss": 1.1218330204639289,
            "acc": 0.62736
        },
        "33": {
            "loss": 1.1180577698875875,
            "acc": 0.62686
        },
        "34": {
            "loss": 1.1111992743923842,
            "acc": 0.6267
        },
        "35": {
            "loss": 1.1197180802864797,
            "acc": 0.62798
        },
        "36": {
            "loss": 1.1156667772766269,
            "acc": 0.6293
        },
        "37": {
            "loss": 1.1050608167258065,
            "acc": 0.63254
        },
        "38": {
            "loss": 1.119533361071516,
            "acc": 0.62814
        },
        "39": {
            "loss": 1.121649562092998,
            "acc": 0.62724
        },
        "40": {
            "loss": 1.1025631026843625,
            "acc": 0.63494
        },
        "41": {
            "loss": 1.1087468557650475,
            "acc": 0.62842
        },
        "42": {
            "loss": 1.1266842518011322,
            "acc": 0.62744
        },
        "43": {
            "loss": 1.117755204515384,
            "acc": 0.62922
        },
        "44": {
            "loss": 1.1155906473584187,
            "acc": 0.63002
        },
        "45": {
            "loss": 1.117099505556209,
            "acc": 0.62798
        },
        "46": {
            "loss": 1.1223775148391724,
            "acc": 0.62722
        },
        "47": {
            "loss": 1.1156444445900295,
            "acc": 0.62882
        },
        "48": {
            "loss": 1.11230045252139,
            "acc": 0.63094
        },
        "49": {
            "loss": 1.1186799646338539,
            "acc": 0.6291
        },
        "50": {
            "loss": 1.114911970427579,
            "acc": 0.6299
        },
        "51": {
            "loss": 1.1117261154267488,
            "acc": 0.63164
        },
        "52": {
            "loss": 1.1126799978258666,
            "acc": 0.632
        },
        "53": {
            "loss": 1.1045224608667672,
            "acc": 0.63694
        },
        "54": {
            "loss": 1.1035082614635263,
            "acc": 0.6349
        },
        "55": {
            "loss": 1.1077744703158698,
            "acc": 0.6368
        },
        "56": {
            "loss": 1.113577807803288,
            "acc": 0.63042
        },
        "57": {
            "loss": 1.1075805645159749,
            "acc": 0.6389
        },
        "58": {
            "loss": 1.1085580026402193,
            "acc": 0.63444
        },
        "59": {
            "loss": 1.0958953114116894,
            "acc": 0.63754
        },
        "60": {
            "loss": 1.0945173219951523,
            "acc": 0.64098
        },
        "61": {
            "loss": 1.099461898931762,
            "acc": 0.63452
        },
        "62": {
            "loss": 1.0951172160675458,
            "acc": 0.6398
        },
        "63": {
            "loss": 1.1009973218983702,
            "acc": 0.63722
        },
        "64": {
            "loss": 1.0917038670586199,
            "acc": 0.64024
        },
        "65": {
            "loss": 1.1010220899911183,
            "acc": 0.63714
        },
        "66": {
            "loss": 1.0922562486070502,
            "acc": 0.63856
        },
        "67": {
            "loss": 1.0973108281259951,
            "acc": 0.63826
        },
        "68": {
            "loss": 1.0817017686336547,
            "acc": 0.64306
        },
        "69": {
            "loss": 1.1057304467081719,
            "acc": 0.632
        },
        "70": {
            "loss": 1.0931940461363634,
            "acc": 0.63892
        },
        "71": {
            "loss": 1.098252644166922,
            "acc": 0.63612
        },
        "72": {
            "loss": 1.0969837990868123,
            "acc": 0.63798
        },
        "73": {
            "loss": 1.099432713082989,
            "acc": 0.6363
        },
        "74": {
            "loss": 1.0892973519347209,
            "acc": 0.64258
        },
        "75": {
            "loss": 1.087489338634569,
            "acc": 0.6427
        },
        "76": {
            "loss": 1.0941783407764971,
            "acc": 0.63968
        },
        "77": {
            "loss": 1.0820441037187796,
            "acc": 0.644
        },
        "78": {
            "loss": 1.0921034067488082,
            "acc": 0.63826
        },
        "79": {
            "loss": 1.0859211011006094,
            "acc": 0.64126
        },
        "80": {
            "loss": 1.080560801126768,
            "acc": 0.64432
        },
        "81": {
            "loss": 1.081540033335576,
            "acc": 0.6409
        },
        "82": {
            "loss": 1.0769518554363104,
            "acc": 0.64504
        },
        "83": {
            "loss": 1.0875185119831348,
            "acc": 0.64372
        },
        "84": {
            "loss": 1.0846431514491206,
            "acc": 0.6426
        },
        "85": {
            "loss": 1.0795238835122578,
            "acc": 0.64316
        },
        "86": {
            "loss": 1.0836327832068324,
            "acc": 0.64268
        },
        "87": {
            "loss": 1.0819376396096272,
            "acc": 0.64566
        },
        "88": {
            "loss": 1.0812689552221761,
            "acc": 0.6425
        },
        "89": {
            "loss": 1.0781133408131807,
            "acc": 0.64584
        },
        "90": {
            "loss": 1.0775741873799687,
            "acc": 0.6471
        },
        "91": {
            "loss": 1.0790337772320604,
            "acc": 0.64348
        },
        "92": {
            "loss": 1.0761544132781455,
            "acc": 0.64532
        },
        "93": {
            "loss": 1.0748770651610002,
            "acc": 0.64814
        },
        "94": {
            "loss": 1.076576535354185,
            "acc": 0.64506
        },
        "95": {
            "loss": 1.0822787347352107,
            "acc": 0.6439
        },
        "96": {
            "loss": 1.0773216755798711,
            "acc": 0.64438
        },
        "97": {
            "loss": 1.0674126215298156,
            "acc": 0.6493
        },
        "98": {
            "loss": 1.070227428927751,
            "acc": 0.64904
        },
        "99": {
            "loss": 1.0748220584581576,
            "acc": 0.64694
        },
        "100": {
            "loss": 0.8910862769922028,
            "acc": 0.70334
        },
        "101": {
            "loss": 0.8219428583789055,
            "acc": 0.72136
        },
        "102": {
            "loss": 0.7978370477781271,
            "acc": 0.72752
        },
        "103": {
            "loss": 0.7821681635154177,
            "acc": 0.73438
        },
        "104": {
            "loss": 0.7680959802149506,
            "acc": 0.73768
        },
        "105": {
            "loss": 0.7581840664376993,
            "acc": 0.73834
        },
        "106": {
            "loss": 0.7418952274048115,
            "acc": 0.74392
        },
        "107": {
            "loss": 0.7298192869671776,
            "acc": 0.74736
        },
        "108": {
            "loss": 0.718887866381794,
            "acc": 0.74898
        },
        "109": {
            "loss": 0.7111188923306477,
            "acc": 0.75362
        },
        "110": {
            "loss": 0.7089177518701919,
            "acc": 0.75338
        },
        "111": {
            "loss": 0.6961804085680287,
            "acc": 0.75612
        },
        "112": {
            "loss": 0.6942113517495372,
            "acc": 0.75576
        },
        "113": {
            "loss": 0.6894490201302501,
            "acc": 0.75982
        },
        "114": {
            "loss": 0.6780517023542653,
            "acc": 0.76248
        },
        "115": {
            "loss": 0.673446920445508,
            "acc": 0.76146
        },
        "116": {
            "loss": 0.6617763383919016,
            "acc": 0.76748
        },
        "117": {
            "loss": 0.6636674994855281,
            "acc": 0.76672
        },
        "118": {
            "loss": 0.6540281445626408,
            "acc": 0.76958
        },
        "119": {
            "loss": 0.6465582754605871,
            "acc": 0.77236
        },
        "120": {
            "loss": 0.6443018020723786,
            "acc": 0.77522
        },
        "121": {
            "loss": 0.635062617033034,
            "acc": 0.7748
        },
        "122": {
            "loss": 0.632057083765869,
            "acc": 0.77774
        },
        "123": {
            "loss": 0.625531621143946,
            "acc": 0.77994
        },
        "124": {
            "loss": 0.6182347232728358,
            "acc": 0.78144
        },
        "125": {
            "loss": 0.617767532768152,
            "acc": 0.78398
        },
        "126": {
            "loss": 0.6122017673519261,
            "acc": 0.78386
        },
        "127": {
            "loss": 0.6043753918936795,
            "acc": 0.78622
        },
        "128": {
            "loss": 0.5985203688711767,
            "acc": 0.788
        },
        "129": {
            "loss": 0.5958907915960492,
            "acc": 0.7886
        },
        "130": {
            "loss": 0.5950574823810012,
            "acc": 0.788
        },
        "131": {
            "loss": 0.5867172668657035,
            "acc": 0.7917
        },
        "132": {
            "loss": 0.5849797410885696,
            "acc": 0.7897
        },
        "133": {
            "loss": 0.5781927508923709,
            "acc": 0.7945
        },
        "134": {
            "loss": 0.5714135814048446,
            "acc": 0.79718
        },
        "135": {
            "loss": 0.5667156333203816,
            "acc": 0.79982
        },
        "136": {
            "loss": 0.559525554366124,
            "acc": 0.79972
        },
        "137": {
            "loss": 0.5532532011151619,
            "acc": 0.80176
        },
        "138": {
            "loss": 0.5509936035898946,
            "acc": 0.8043
        },
        "139": {
            "loss": 0.5456056687837977,
            "acc": 0.80482
        },
        "140": {
            "loss": 0.5428946015170163,
            "acc": 0.8042
        },
        "141": {
            "loss": 0.537291369246095,
            "acc": 0.80826
        },
        "142": {
            "loss": 0.5283810154098989,
            "acc": 0.80958
        },
        "143": {
            "loss": 0.5275381184599893,
            "acc": 0.8119
        },
        "144": {
            "loss": 0.5306301601707478,
            "acc": 0.80938
        },
        "145": {
            "loss": 0.5192859465508814,
            "acc": 0.81478
        },
        "146": {
            "loss": 0.5162315245174691,
            "acc": 0.8153
        },
        "147": {
            "loss": 0.5075979438584174,
            "acc": 0.81958
        },
        "148": {
            "loss": 0.5029628080175356,
            "acc": 0.8188
        },
        "149": {
            "loss": 0.4990493234466104,
            "acc": 0.82202
        },
        "150": {
            "loss": 0.4638143546898347,
            "acc": 0.83336
        },
        "151": {
            "loss": 0.4569257022932057,
            "acc": 0.83504
        },
        "152": {
            "loss": 0.4460167931321332,
            "acc": 0.83996
        },
        "153": {
            "loss": 0.44637420293315294,
            "acc": 0.83832
        },
        "154": {
            "loss": 0.4433466123650446,
            "acc": 0.83982
        },
        "155": {
            "loss": 0.43846848279313966,
            "acc": 0.84268
        },
        "156": {
            "loss": 0.43816363053096224,
            "acc": 0.84222
        },
        "157": {
            "loss": 0.4334909630096172,
            "acc": 0.8452
        },
        "158": {
            "loss": 0.4359321005051703,
            "acc": 0.8433
        },
        "159": {
            "loss": 0.43135003726500687,
            "acc": 0.84302
        },
        "160": {
            "loss": 0.4294056223938837,
            "acc": 0.84562
        },
        "161": {
            "loss": 0.4268287770126177,
            "acc": 0.84816
        },
        "162": {
            "loss": 0.4232836870281288,
            "acc": 0.84526
        },
        "163": {
            "loss": 0.42421811110223345,
            "acc": 0.84836
        },
        "164": {
            "loss": 0.42349410365762,
            "acc": 0.84692
        },
        "165": {
            "loss": 0.41656076763292105,
            "acc": 0.84888
        },
        "166": {
            "loss": 0.41875502901613865,
            "acc": 0.85008
        },
        "167": {
            "loss": 0.41895409446695575,
            "acc": 0.84744
        },
        "168": {
            "loss": 0.4132207054692461,
            "acc": 0.8519
        },
        "169": {
            "loss": 0.41157007648054594,
            "acc": 0.85238
        },
        "170": {
            "loss": 0.41047565711428746,
            "acc": 0.85122
        },
        "171": {
            "loss": 0.415276589181722,
            "acc": 0.84852
        },
        "172": {
            "loss": 0.4058803749816192,
            "acc": 0.85336
        },
        "173": {
            "loss": 0.4072898098117555,
            "acc": 0.85388
        },
        "174": {
            "loss": 0.40951587819992125,
            "acc": 0.85338
        },
        "175": {
            "loss": 0.4068669363894426,
            "acc": 0.85176
        },
        "176": {
            "loss": 0.40530295018344886,
            "acc": 0.85398
        },
        "177": {
            "loss": 0.40132001343438084,
            "acc": 0.85498
        },
        "178": {
            "loss": 0.4032364036039928,
            "acc": 0.8535
        },
        "179": {
            "loss": 0.3980665217198984,
            "acc": 0.85526
        },
        "180": {
            "loss": 0.39970297722712805,
            "acc": 0.85572
        },
        "181": {
            "loss": 0.40107013479523035,
            "acc": 0.85558
        },
        "182": {
            "loss": 0.3972162224752519,
            "acc": 0.85718
        },
        "183": {
            "loss": 0.3959214547101189,
            "acc": 0.85694
        },
        "184": {
            "loss": 0.3958128075999067,
            "acc": 0.85738
        },
        "185": {
            "loss": 0.396246479028631,
            "acc": 0.8565
        },
        "186": {
            "loss": 0.39216015261152515,
            "acc": 0.85982
        },
        "187": {
            "loss": 0.3949198906531419,
            "acc": 0.85704
        },
        "188": {
            "loss": 0.39084141840562797,
            "acc": 0.8584
        },
        "189": {
            "loss": 0.39006391251483535,
            "acc": 0.85894
        },
        "190": {
            "loss": 0.3843930849943624,
            "acc": 0.86162
        },
        "191": {
            "loss": 0.3866198516029226,
            "acc": 0.86158
        },
        "192": {
            "loss": 0.388239077899767,
            "acc": 0.86028
        },
        "193": {
            "loss": 0.3870300764927779,
            "acc": 0.86066
        },
        "194": {
            "loss": 0.3834240514680248,
            "acc": 0.86094
        },
        "195": {
            "loss": 0.3782987400622624,
            "acc": 0.8641
        },
        "196": {
            "loss": 0.3786745286353714,
            "acc": 0.86368
        },
        "197": {
            "loss": 0.37364775472132444,
            "acc": 0.86462
        },
        "198": {
            "loss": 0.38035236085619767,
            "acc": 0.8633
        },
        "199": {
            "loss": 0.3728873884052877,
            "acc": 0.86544
        },
        "200": {
            "loss": 0.3752287640367323,
            "acc": 0.86584
        },
        "201": {
            "loss": 0.372738264024715,
            "acc": 0.86544
        },
        "202": {
            "loss": 0.37082100535750084,
            "acc": 0.8681
        },
        "203": {
            "loss": 0.3698174361987492,
            "acc": 0.86614
        },
        "204": {
            "loss": 0.36952736828943045,
            "acc": 0.8674
        },
        "205": {
            "loss": 0.36954981698404493,
            "acc": 0.86826
        },
        "206": {
            "loss": 0.36901857660097237,
            "acc": 0.86584
        },
        "207": {
            "loss": 0.3731691113975652,
            "acc": 0.86518
        },
        "208": {
            "loss": 0.37024009970905225,
            "acc": 0.86616
        },
        "209": {
            "loss": 0.36967270438323546,
            "acc": 0.86698
        },
        "210": {
            "loss": 0.3696057054087939,
            "acc": 0.8658
        },
        "211": {
            "loss": 0.3630905250454193,
            "acc": 0.86836
        },
        "212": {
            "loss": 0.3692390668346449,
            "acc": 0.86624
        },
        "213": {
            "loss": 0.36594165046044325,
            "acc": 0.86758
        },
        "214": {
            "loss": 0.36602419229876965,
            "acc": 0.86546
        },
        "215": {
            "loss": 0.3666132041026869,
            "acc": 0.86698
        },
        "216": {
            "loss": 0.36850480834388977,
            "acc": 0.86834
        },
        "217": {
            "loss": 0.36552503998474695,
            "acc": 0.86796
        },
        "218": {
            "loss": 0.3642210432559328,
            "acc": 0.86858
        },
        "219": {
            "loss": 0.3677899835969481,
            "acc": 0.86734
        },
        "220": {
            "loss": 0.367141619705788,
            "acc": 0.86778
        },
        "221": {
            "loss": 0.3623340387097405,
            "acc": 0.8685
        },
        "222": {
            "loss": 0.3668808934405027,
            "acc": 0.86732
        },
        "223": {
            "loss": 0.364344035191914,
            "acc": 0.86826
        },
        "224": {
            "loss": 0.36912795436351803,
            "acc": 0.8668
        },
        "225": {
            "loss": 0.366380693662502,
            "acc": 0.86874
        },
        "226": {
            "loss": 0.36087245888569774,
            "acc": 0.87074
        },
        "227": {
            "loss": 0.3665001054706476,
            "acc": 0.86944
        },
        "228": {
            "loss": 0.3601478383974041,
            "acc": 0.86888
        },
        "229": {
            "loss": 0.3707559995562829,
            "acc": 0.86664
        },
        "230": {
            "loss": 0.3642367347884361,
            "acc": 0.8681
        },
        "231": {
            "loss": 0.35999757969928214,
            "acc": 0.87042
        },
        "232": {
            "loss": 0.36719754071491756,
            "acc": 0.867
        },
        "233": {
            "loss": 0.3652359618783912,
            "acc": 0.86774
        },
        "234": {
            "loss": 0.36484142101329303,
            "acc": 0.86862
        },
        "235": {
            "loss": 0.36490354387808943,
            "acc": 0.86912
        },
        "236": {
            "loss": 0.3601373775535837,
            "acc": 0.86992
        },
        "237": {
            "loss": 0.36316485935464843,
            "acc": 0.86802
        },
        "238": {
            "loss": 0.36131599332060654,
            "acc": 0.87004
        },
        "239": {
            "loss": 0.35962352941713066,
            "acc": 0.87088
        },
        "240": {
            "loss": 0.3645927894984365,
            "acc": 0.86878
        },
        "241": {
            "loss": 0.36331783334160095,
            "acc": 0.86806
        },
        "242": {
            "loss": 0.36392963801503486,
            "acc": 0.86868
        },
        "243": {
            "loss": 0.3645655159526469,
            "acc": 0.86926
        },
        "244": {
            "loss": 0.3622769974839047,
            "acc": 0.86932
        },
        "245": {
            "loss": 0.36359723251493997,
            "acc": 0.86854
        },
        "246": {
            "loss": 0.36325976656525943,
            "acc": 0.87018
        },
        "247": {
            "loss": 0.36514569327349555,
            "acc": 0.86922
        },
        "248": {
            "loss": 0.36426849152578417,
            "acc": 0.86932
        },
        "249": {
            "loss": 0.3637742058319204,
            "acc": 0.86882
        }
    },
    "test": {
        "0": {
            "loss": 1.8081678652763367,
            "acc": 0.3132
        },
        "1": {
            "loss": 1.4724338126182557,
            "acc": 0.4679
        },
        "3": {
            "loss": 1.3400999236106872,
            "acc": 0.5261
        },
        "5": {
            "loss": 1.2149568438529967,
            "acc": 0.5764
        },
        "7": {
            "loss": 1.201359474658966,
            "acc": 0.5802
        },
        "9": {
            "loss": 1.1859938931465148,
            "acc": 0.5966
        },
        "11": {
            "loss": 1.1597245526313782,
            "acc": 0.6164
        },
        "13": {
            "loss": 1.1208229422569276,
            "acc": 0.6227
        },
        "15": {
            "loss": 1.1116109907627105,
            "acc": 0.6245
        },
        "17": {
            "loss": 1.0967742264270783,
            "acc": 0.6315
        },
        "19": {
            "loss": 1.10177677154541,
            "acc": 0.6339
        },
        "21": {
            "loss": 1.0862384724617005,
            "acc": 0.636
        },
        "23": {
            "loss": 1.1229814326763152,
            "acc": 0.6213
        },
        "25": {
            "loss": 1.1378922033309937,
            "acc": 0.6092
        },
        "27": {
            "loss": 1.097224841117859,
            "acc": 0.634
        },
        "29": {
            "loss": 1.0824355697631836,
            "acc": 0.6478
        },
        "31": {
            "loss": 1.0817143797874451,
            "acc": 0.6371
        },
        "33": {
            "loss": 1.1008054864406587,
            "acc": 0.6268
        },
        "35": {
            "loss": 1.1193896913528443,
            "acc": 0.644
        },
        "37": {
            "loss": 1.1819344460964203,
            "acc": 0.6085
        },
        "39": {
            "loss": 1.1230272960662842,
            "acc": 0.624
        },
        "41": {
            "loss": 1.0977382910251618,
            "acc": 0.6349
        },
        "43": {
            "loss": 1.1242967772483825,
            "acc": 0.6395
        },
        "45": {
            "loss": 1.1198459625244142,
            "acc": 0.6415
        },
        "47": {
            "loss": 1.0906436717510224,
            "acc": 0.6333
        },
        "49": {
            "loss": 1.0950711238384248,
            "acc": 0.6386
        },
        "51": {
            "loss": 1.1083456647396088,
            "acc": 0.6408
        },
        "53": {
            "loss": 1.1157317018508912,
            "acc": 0.6379
        },
        "55": {
            "loss": 1.1299292361736297,
            "acc": 0.632
        },
        "57": {
            "loss": 1.1226020979881286,
            "acc": 0.6319
        },
        "59": {
            "loss": 1.0799147284030914,
            "acc": 0.6611
        },
        "61": {
            "loss": 1.0607755374908447,
            "acc": 0.6558
        },
        "63": {
            "loss": 1.1330002105236054,
            "acc": 0.6357
        },
        "65": {
            "loss": 1.0621470403671265,
            "acc": 0.6539
        },
        "67": {
            "loss": 1.0856263482570647,
            "acc": 0.6408
        },
        "69": {
            "loss": 1.1109755408763886,
            "acc": 0.6386
        },
        "71": {
            "loss": 1.074876080751419,
            "acc": 0.6408
        },
        "73": {
            "loss": 1.0898727011680602,
            "acc": 0.6407
        },
        "75": {
            "loss": 1.078375804424286,
            "acc": 0.65
        },
        "77": {
            "loss": 1.1429053843021393,
            "acc": 0.6218
        },
        "79": {
            "loss": 1.0954438185691833,
            "acc": 0.6412
        },
        "81": {
            "loss": 1.106546642780304,
            "acc": 0.6433
        },
        "83": {
            "loss": 1.069040459394455,
            "acc": 0.6499
        },
        "85": {
            "loss": 1.0615645933151245,
            "acc": 0.6545
        },
        "87": {
            "loss": 1.1404701375961304,
            "acc": 0.6295
        },
        "89": {
            "loss": 1.158594331741333,
            "acc": 0.6303
        },
        "91": {
            "loss": 1.066928244829178,
            "acc": 0.6421
        },
        "93": {
            "loss": 1.0659562599658967,
            "acc": 0.6502
        },
        "95": {
            "loss": 1.077723159790039,
            "acc": 0.6544
        },
        "97": {
            "loss": 1.0434697365760803,
            "acc": 0.6533
        },
        "99": {
            "loss": 1.063080416917801,
            "acc": 0.6616
        },
        "101": {
            "loss": 0.8373949384689331,
            "acc": 0.7188
        },
        "103": {
            "loss": 0.8191932547092438,
            "acc": 0.7222
        },
        "105": {
            "loss": 0.8006006550788879,
            "acc": 0.7288
        },
        "107": {
            "loss": 0.7943505215644836,
            "acc": 0.732
        },
        "109": {
            "loss": 0.775052969455719,
            "acc": 0.7417
        },
        "111": {
            "loss": 0.7761984264850617,
            "acc": 0.7398
        },
        "113": {
            "loss": 0.7695960426330566,
            "acc": 0.7393
        },
        "115": {
            "loss": 0.7615528726577758,
            "acc": 0.7406
        },
        "117": {
            "loss": 0.765934044122696,
            "acc": 0.7412
        },
        "119": {
            "loss": 0.7630545973777771,
            "acc": 0.744
        },
        "121": {
            "loss": 0.7613772690296173,
            "acc": 0.7466
        },
        "123": {
            "loss": 0.7545792460441589,
            "acc": 0.7439
        },
        "125": {
            "loss": 0.7518557858467102,
            "acc": 0.7451
        },
        "127": {
            "loss": 0.7514864754676819,
            "acc": 0.7472
        },
        "129": {
            "loss": 0.7525461554527283,
            "acc": 0.7482
        },
        "131": {
            "loss": 0.7428065931797028,
            "acc": 0.7494
        },
        "133": {
            "loss": 0.7486394464969635,
            "acc": 0.7498
        },
        "135": {
            "loss": 0.7527551853656769,
            "acc": 0.7514
        },
        "137": {
            "loss": 0.7563014960289002,
            "acc": 0.7476
        },
        "139": {
            "loss": 0.7498716449737549,
            "acc": 0.7507
        },
        "141": {
            "loss": 0.7548111629486084,
            "acc": 0.7479
        },
        "143": {
            "loss": 0.7576136660575866,
            "acc": 0.7512
        },
        "145": {
            "loss": 0.7559295797348022,
            "acc": 0.7496
        },
        "147": {
            "loss": 0.7616298520565032,
            "acc": 0.7466
        },
        "149": {
            "loss": 0.7651433908939361,
            "acc": 0.747
        },
        "151": {
            "loss": 0.7526332890987396,
            "acc": 0.7511
        },
        "153": {
            "loss": 0.7590639698505401,
            "acc": 0.7527
        },
        "155": {
            "loss": 0.7589434027671814,
            "acc": 0.7525
        },
        "157": {
            "loss": 0.7635549938678742,
            "acc": 0.7522
        },
        "159": {
            "loss": 0.764496054649353,
            "acc": 0.7508
        },
        "161": {
            "loss": 0.7646270203590393,
            "acc": 0.7544
        },
        "163": {
            "loss": 0.7715466487407684,
            "acc": 0.7519
        },
        "165": {
            "loss": 0.7720668685436248,
            "acc": 0.7521
        },
        "167": {
            "loss": 0.7747825729846954,
            "acc": 0.7545
        },
        "169": {
            "loss": 0.7767468023300171,
            "acc": 0.7543
        },
        "171": {
            "loss": 0.7822996711730957,
            "acc": 0.7531
        },
        "173": {
            "loss": 0.7815016496181488,
            "acc": 0.7535
        },
        "175": {
            "loss": 0.7816241347789764,
            "acc": 0.7547
        },
        "177": {
            "loss": 0.7882188594341278,
            "acc": 0.7537
        },
        "179": {
            "loss": 0.7865147733688355,
            "acc": 0.7538
        },
        "181": {
            "loss": 0.7876386713981628,
            "acc": 0.7533
        },
        "183": {
            "loss": 0.7932631278038025,
            "acc": 0.7538
        },
        "185": {
            "loss": 0.7930301713943482,
            "acc": 0.7522
        },
        "187": {
            "loss": 0.7909641802310944,
            "acc": 0.7518
        },
        "189": {
            "loss": 0.7944999241828918,
            "acc": 0.7513
        },
        "191": {
            "loss": 0.7977338564395905,
            "acc": 0.7519
        },
        "193": {
            "loss": 0.7969009268283844,
            "acc": 0.7538
        },
        "195": {
            "loss": 0.8019760477542878,
            "acc": 0.7497
        },
        "197": {
            "loss": 0.8039527261257171,
            "acc": 0.7524
        },
        "199": {
            "loss": 0.8106114900112152,
            "acc": 0.7506
        },
        "201": {
            "loss": 0.8056392979621887,
            "acc": 0.7519
        },
        "203": {
            "loss": 0.8060921347141266,
            "acc": 0.7525
        },
        "205": {
            "loss": 0.8064283227920532,
            "acc": 0.7528
        },
        "207": {
            "loss": 0.8059442782402039,
            "acc": 0.7535
        },
        "209": {
            "loss": 0.805802377462387,
            "acc": 0.7528
        },
        "211": {
            "loss": 0.8063332629203797,
            "acc": 0.7528
        },
        "213": {
            "loss": 0.8072589719295502,
            "acc": 0.7541
        },
        "215": {
            "loss": 0.8076708173751831,
            "acc": 0.7529
        },
        "217": {
            "loss": 0.8080272459983826,
            "acc": 0.7529
        },
        "219": {
            "loss": 0.8076738035678863,
            "acc": 0.7531
        },
        "221": {
            "loss": 0.8082392585277557,
            "acc": 0.7539
        },
        "223": {
            "loss": 0.8086151814460755,
            "acc": 0.7531
        },
        "225": {
            "loss": 0.8092301905155181,
            "acc": 0.7524
        },
        "227": {
            "loss": 0.8092094266414642,
            "acc": 0.7535
        },
        "229": {
            "loss": 0.8098800694942474,
            "acc": 0.7528
        },
        "231": {
            "loss": 0.8102421379089355,
            "acc": 0.7537
        },
        "233": {
            "loss": 0.8103477001190186,
            "acc": 0.7536
        },
        "235": {
            "loss": 0.8104653978347778,
            "acc": 0.7538
        },
        "237": {
            "loss": 0.8109011292457581,
            "acc": 0.7532
        },
        "239": {
            "loss": 0.8111745941638947,
            "acc": 0.7534
        },
        "241": {
            "loss": 0.8112127733230591,
            "acc": 0.7536
        },
        "243": {
            "loss": 0.810899772644043,
            "acc": 0.7534
        },
        "245": {
            "loss": 0.8109139442443848,
            "acc": 0.7548
        },
        "247": {
            "loss": 0.8122663617134094,
            "acc": 0.754
        },
        "249": {
            "loss": 0.8125335240364074,
            "acc": 0.7538
        }
    },
    "info": {
        "best_epoch": 245,
        "best_acc": 75.48,
        "n_params": 6254922
    }
}