{
    "train": {
        "0": {
            "loss": 2.060841209138446,
            "acc": 0.21556
        },
        "1": {
            "loss": 1.605305318332389,
            "acc": 0.40468
        },
        "2": {
            "loss": 1.3982974400605692,
            "acc": 0.48822
        },
        "3": {
            "loss": 1.2763436628729485,
            "acc": 0.53926
        },
        "4": {
            "loss": 1.1887731218277036,
            "acc": 0.57436
        },
        "5": {
            "loss": 1.1201722501488902,
            "acc": 0.60232
        },
        "6": {
            "loss": 1.0648303611199263,
            "acc": 0.62208
        },
        "7": {
            "loss": 1.0177360936199003,
            "acc": 0.63862
        },
        "8": {
            "loss": 0.9758969466094776,
            "acc": 0.65364
        },
        "9": {
            "loss": 0.9420283549581953,
            "acc": 0.66538
        },
        "10": {
            "loss": 0.9071807637239051,
            "acc": 0.67924
        },
        "11": {
            "loss": 0.8753696577933133,
            "acc": 0.68956
        },
        "12": {
            "loss": 0.8508262562629817,
            "acc": 0.6988
        },
        "13": {
            "loss": 0.8271018885590536,
            "acc": 0.70926
        },
        "14": {
            "loss": 0.8038042820323154,
            "acc": 0.71654
        },
        "15": {
            "loss": 0.7889960479858281,
            "acc": 0.72068
        },
        "16": {
            "loss": 0.7639322338811577,
            "acc": 0.73042
        },
        "17": {
            "loss": 0.7477907558231403,
            "acc": 0.73728
        },
        "18": {
            "loss": 0.7284067658817067,
            "acc": 0.74196
        },
        "19": {
            "loss": 0.7142984538584414,
            "acc": 0.74674
        },
        "20": {
            "loss": 0.6961226643198897,
            "acc": 0.75298
        },
        "21": {
            "loss": 0.6848274310074194,
            "acc": 0.75794
        },
        "22": {
            "loss": 0.6682896338917715,
            "acc": 0.76282
        },
        "23": {
            "loss": 0.6484565259245656,
            "acc": 0.76858
        },
        "24": {
            "loss": 0.6422983059645309,
            "acc": 0.77002
        },
        "25": {
            "loss": 0.6264248968237807,
            "acc": 0.7777
        },
        "26": {
            "loss": 0.6131348321809793,
            "acc": 0.78314
        },
        "27": {
            "loss": 0.5978332453828943,
            "acc": 0.7878
        },
        "28": {
            "loss": 0.5910576222955114,
            "acc": 0.78974
        },
        "29": {
            "loss": 0.575564612894107,
            "acc": 0.7969
        },
        "30": {
            "loss": 0.5610770446717587,
            "acc": 0.80092
        },
        "31": {
            "loss": 0.5552388983766746,
            "acc": 0.8021
        },
        "32": {
            "loss": 0.5453720536378338,
            "acc": 0.8063
        },
        "33": {
            "loss": 0.5229634793518144,
            "acc": 0.81442
        },
        "34": {
            "loss": 0.5182656269244221,
            "acc": 0.81512
        },
        "35": {
            "loss": 0.5123161743668949,
            "acc": 0.8164
        },
        "36": {
            "loss": 0.4998400267737601,
            "acc": 0.82024
        },
        "37": {
            "loss": 0.4894891175467645,
            "acc": 0.82424
        },
        "38": {
            "loss": 0.4707460844760661,
            "acc": 0.83118
        },
        "39": {
            "loss": 0.4660948594970167,
            "acc": 0.83152
        },
        "40": {
            "loss": 0.4523449448673317,
            "acc": 0.8395
        },
        "41": {
            "loss": 0.445201214545828,
            "acc": 0.84
        },
        "42": {
            "loss": 0.4304002162897983,
            "acc": 0.84472
        },
        "43": {
            "loss": 0.42800206727231555,
            "acc": 0.84694
        },
        "44": {
            "loss": 0.4148477440904778,
            "acc": 0.85024
        },
        "45": {
            "loss": 0.40868770531223864,
            "acc": 0.85178
        },
        "46": {
            "loss": 0.39727733579590496,
            "acc": 0.85756
        },
        "47": {
            "loss": 0.3945921375547224,
            "acc": 0.85802
        },
        "48": {
            "loss": 0.377651095504651,
            "acc": 0.8657
        },
        "49": {
            "loss": 0.3728987542183503,
            "acc": 0.86444
        },
        "50": {
            "loss": 0.36594120624577603,
            "acc": 0.867
        },
        "51": {
            "loss": 0.35418098566629697,
            "acc": 0.87262
        },
        "52": {
            "loss": 0.345707990248185,
            "acc": 0.87468
        },
        "53": {
            "loss": 0.3424984533768481,
            "acc": 0.87842
        },
        "54": {
            "loss": 0.33696384137243873,
            "acc": 0.87792
        },
        "55": {
            "loss": 0.32896814649672157,
            "acc": 0.88226
        },
        "56": {
            "loss": 0.32549048258977775,
            "acc": 0.883
        },
        "57": {
            "loss": 0.314968043352332,
            "acc": 0.8857
        },
        "58": {
            "loss": 0.3073731291172145,
            "acc": 0.8894
        },
        "59": {
            "loss": 0.302052574389426,
            "acc": 0.89124
        },
        "60": {
            "loss": 0.29069680596708947,
            "acc": 0.89556
        },
        "61": {
            "loss": 0.2840478121091033,
            "acc": 0.89616
        },
        "62": {
            "loss": 0.2823550518592605,
            "acc": 0.90032
        },
        "63": {
            "loss": 0.27414214584376195,
            "acc": 0.90112
        },
        "64": {
            "loss": 0.27035489308712124,
            "acc": 0.90252
        },
        "65": {
            "loss": 0.26656443566617455,
            "acc": 0.9049
        },
        "66": {
            "loss": 0.2592194308062344,
            "acc": 0.906
        },
        "67": {
            "loss": 0.25825127850636803,
            "acc": 0.90806
        },
        "68": {
            "loss": 0.24996656158467387,
            "acc": 0.91062
        },
        "69": {
            "loss": 0.23739084690961693,
            "acc": 0.91474
        },
        "70": {
            "loss": 0.24128693568965662,
            "acc": 0.91362
        },
        "71": {
            "loss": 0.2287552873877918,
            "acc": 0.91846
        },
        "72": {
            "loss": 0.23371833764836,
            "acc": 0.91778
        },
        "73": {
            "loss": 0.22747475101286188,
            "acc": 0.91848
        },
        "74": {
            "loss": 0.22486724468219615,
            "acc": 0.91808
        },
        "75": {
            "loss": 0.21803911638153178,
            "acc": 0.9222
        },
        "76": {
            "loss": 0.2118916701897026,
            "acc": 0.92392
        },
        "77": {
            "loss": 0.20663393860506585,
            "acc": 0.9265
        },
        "78": {
            "loss": 0.20588204039789526,
            "acc": 0.92694
        },
        "79": {
            "loss": 0.19909781122299106,
            "acc": 0.92948
        },
        "80": {
            "loss": 0.20588480934615025,
            "acc": 0.9265
        },
        "81": {
            "loss": 0.19768880603029904,
            "acc": 0.92976
        },
        "82": {
            "loss": 0.1903758499761829,
            "acc": 0.93296
        },
        "83": {
            "loss": 0.19160150887106386,
            "acc": 0.93174
        },
        "84": {
            "loss": 0.18729007314614324,
            "acc": 0.93264
        },
        "85": {
            "loss": 0.18481634433388405,
            "acc": 0.93516
        },
        "86": {
            "loss": 0.17493773223189138,
            "acc": 0.93736
        },
        "87": {
            "loss": 0.17593118757047616,
            "acc": 0.93718
        },
        "88": {
            "loss": 0.1771116205741225,
            "acc": 0.93768
        },
        "89": {
            "loss": 0.17196530039848573,
            "acc": 0.94016
        },
        "90": {
            "loss": 0.17024357941792445,
            "acc": 0.94048
        },
        "91": {
            "loss": 0.16752669813535404,
            "acc": 0.94048
        },
        "92": {
            "loss": 0.16628989237158195,
            "acc": 0.9409
        },
        "93": {
            "loss": 0.16539810057681845,
            "acc": 0.94196
        },
        "94": {
            "loss": 0.1511808354550463,
            "acc": 0.94656
        },
        "95": {
            "loss": 0.15530704611154925,
            "acc": 0.94562
        },
        "96": {
            "loss": 0.15688994174342022,
            "acc": 0.94486
        },
        "97": {
            "loss": 0.15125477981879887,
            "acc": 0.94622
        },
        "98": {
            "loss": 0.1491328375723661,
            "acc": 0.94678
        },
        "99": {
            "loss": 0.14440290304019932,
            "acc": 0.94924
        },
        "100": {
            "loss": 0.0902662989004608,
            "acc": 0.96914
        },
        "101": {
            "loss": 0.06473875460226822,
            "acc": 0.97926
        },
        "102": {
            "loss": 0.058314575835147785,
            "acc": 0.98026
        },
        "103": {
            "loss": 0.053323181031648154,
            "acc": 0.98256
        },
        "104": {
            "loss": 0.047714871032844726,
            "acc": 0.98392
        },
        "105": {
            "loss": 0.04483698902751707,
            "acc": 0.98536
        },
        "106": {
            "loss": 0.04299762758457333,
            "acc": 0.9858
        },
        "107": {
            "loss": 0.04194134949108638,
            "acc": 0.9868
        },
        "108": {
            "loss": 0.04065075564815108,
            "acc": 0.98712
        },
        "109": {
            "loss": 0.03849767788630122,
            "acc": 0.9874
        },
        "110": {
            "loss": 0.037839782991163105,
            "acc": 0.98786
        },
        "111": {
            "loss": 0.03601644887610355,
            "acc": 0.98812
        },
        "112": {
            "loss": 0.035503995438675634,
            "acc": 0.9884
        },
        "113": {
            "loss": 0.033370626930747646,
            "acc": 0.98924
        },
        "114": {
            "loss": 0.032726869332458816,
            "acc": 0.98956
        },
        "115": {
            "loss": 0.030076237100050272,
            "acc": 0.99084
        },
        "116": {
            "loss": 0.029508330437647716,
            "acc": 0.99078
        },
        "117": {
            "loss": 0.02853420692022004,
            "acc": 0.99036
        },
        "118": {
            "loss": 0.02932869810718195,
            "acc": 0.99056
        },
        "119": {
            "loss": 0.02842828169967646,
            "acc": 0.99078
        },
        "120": {
            "loss": 0.025512969584616324,
            "acc": 0.99222
        },
        "121": {
            "loss": 0.02640210572913613,
            "acc": 0.99146
        },
        "122": {
            "loss": 0.026251306587025104,
            "acc": 0.99166
        },
        "123": {
            "loss": 0.025767162585716763,
            "acc": 0.99184
        },
        "124": {
            "loss": 0.025724218059938565,
            "acc": 0.99172
        },
        "125": {
            "loss": 0.023665509907805058,
            "acc": 0.99276
        },
        "126": {
            "loss": 0.02501377713201982,
            "acc": 0.99198
        },
        "127": {
            "loss": 0.022831408181906584,
            "acc": 0.99266
        },
        "128": {
            "loss": 0.02262326370200614,
            "acc": 0.99316
        },
        "129": {
            "loss": 0.024283533879255643,
            "acc": 0.9922
        },
        "130": {
            "loss": 0.022025794754295475,
            "acc": 0.99318
        },
        "131": {
            "loss": 0.021666455607804114,
            "acc": 0.99316
        },
        "132": {
            "loss": 0.023023568227460794,
            "acc": 0.9929
        },
        "133": {
            "loss": 0.02196987483101418,
            "acc": 0.99318
        },
        "134": {
            "loss": 0.021005476984526494,
            "acc": 0.99334
        },
        "135": {
            "loss": 0.0216962787866964,
            "acc": 0.99294
        },
        "136": {
            "loss": 0.021460106705918032,
            "acc": 0.99338
        },
        "137": {
            "loss": 0.019666584162756115,
            "acc": 0.99412
        },
        "138": {
            "loss": 0.02007125439884527,
            "acc": 0.99354
        },
        "139": {
            "loss": 0.019248752939917357,
            "acc": 0.99432
        },
        "140": {
            "loss": 0.019740282638889294,
            "acc": 0.99388
        },
        "141": {
            "loss": 0.017701699619379153,
            "acc": 0.9949
        },
        "142": {
            "loss": 0.019135266510279053,
            "acc": 0.9937
        },
        "143": {
            "loss": 0.01747060626747606,
            "acc": 0.99492
        },
        "144": {
            "loss": 0.017288027636711594,
            "acc": 0.99468
        },
        "145": {
            "loss": 0.017717148398246875,
            "acc": 0.99444
        },
        "146": {
            "loss": 0.016464478273154295,
            "acc": 0.995
        },
        "147": {
            "loss": 0.018973244287435662,
            "acc": 0.99396
        },
        "148": {
            "loss": 0.017242913018278492,
            "acc": 0.99492
        },
        "149": {
            "loss": 0.01629982880659668,
            "acc": 0.99518
        },
        "150": {
            "loss": 0.016713891995212067,
            "acc": 0.99472
        },
        "151": {
            "loss": 0.015691573214282512,
            "acc": 0.99512
        },
        "152": {
            "loss": 0.015314003093289617,
            "acc": 0.99548
        },
        "153": {
            "loss": 0.015349122230856754,
            "acc": 0.9952
        },
        "154": {
            "loss": 0.014485263580973249,
            "acc": 0.99578
        },
        "155": {
            "loss": 0.016670094984893205,
            "acc": 0.99494
        },
        "156": {
            "loss": 0.015152218288627674,
            "acc": 0.99544
        },
        "157": {
            "loss": 0.014510542828389598,
            "acc": 0.996
        },
        "158": {
            "loss": 0.01425600610167274,
            "acc": 0.99592
        },
        "159": {
            "loss": 0.015295890647598811,
            "acc": 0.99582
        },
        "160": {
            "loss": 0.014748808385058761,
            "acc": 0.99552
        },
        "161": {
            "loss": 0.015100467315925013,
            "acc": 0.99576
        },
        "162": {
            "loss": 0.01594566352649942,
            "acc": 0.9951
        },
        "163": {
            "loss": 0.014690238404828493,
            "acc": 0.9958
        },
        "164": {
            "loss": 0.014488375389322048,
            "acc": 0.99572
        },
        "165": {
            "loss": 0.013161743461699855,
            "acc": 0.99642
        },
        "166": {
            "loss": 0.015405169203746445,
            "acc": 0.99518
        },
        "167": {
            "loss": 0.015275982121015183,
            "acc": 0.99542
        },
        "168": {
            "loss": 0.015399334300488062,
            "acc": 0.99542
        },
        "169": {
            "loss": 0.013889131683479909,
            "acc": 0.99604
        },
        "170": {
            "loss": 0.015158053946352619,
            "acc": 0.99544
        },
        "171": {
            "loss": 0.014240788314920252,
            "acc": 0.99598
        },
        "172": {
            "loss": 0.014558979530420983,
            "acc": 0.9958
        },
        "173": {
            "loss": 0.013721672903217585,
            "acc": 0.99586
        },
        "174": {
            "loss": 0.01500720990067848,
            "acc": 0.99536
        },
        "175": {
            "loss": 0.013548232536986851,
            "acc": 0.99596
        },
        "176": {
            "loss": 0.013921666555130458,
            "acc": 0.9961
        },
        "177": {
            "loss": 0.013636710341362393,
            "acc": 0.9962
        },
        "178": {
            "loss": 0.01424676195010924,
            "acc": 0.99602
        },
        "179": {
            "loss": 0.01431128779358333,
            "acc": 0.99584
        },
        "180": {
            "loss": 0.014507605949841925,
            "acc": 0.9958
        },
        "181": {
            "loss": 0.013372191557270067,
            "acc": 0.99616
        },
        "182": {
            "loss": 0.014737623107745824,
            "acc": 0.99566
        },
        "183": {
            "loss": 0.013842701206288641,
            "acc": 0.99612
        },
        "184": {
            "loss": 0.013478753768214884,
            "acc": 0.99612
        },
        "185": {
            "loss": 0.013665492706241377,
            "acc": 0.99574
        },
        "186": {
            "loss": 0.014317306861414782,
            "acc": 0.99624
        },
        "187": {
            "loss": 0.01401195994577111,
            "acc": 0.9961
        },
        "188": {
            "loss": 0.014212935956021118,
            "acc": 0.99584
        },
        "189": {
            "loss": 0.014510459150187671,
            "acc": 0.99604
        },
        "190": {
            "loss": 0.013034898522452872,
            "acc": 0.99658
        },
        "191": {
            "loss": 0.013718624432842769,
            "acc": 0.9964
        },
        "192": {
            "loss": 0.013103278198986865,
            "acc": 0.9964
        },
        "193": {
            "loss": 0.013467935933088383,
            "acc": 0.9962
        },
        "194": {
            "loss": 0.014018306172514797,
            "acc": 0.99602
        },
        "195": {
            "loss": 0.011912004019537478,
            "acc": 0.99688
        },
        "196": {
            "loss": 0.013674906330228404,
            "acc": 0.99574
        },
        "197": {
            "loss": 0.012520634162518413,
            "acc": 0.99642
        },
        "198": {
            "loss": 0.013879430857236924,
            "acc": 0.99606
        },
        "199": {
            "loss": 0.014094737436100745,
            "acc": 0.99562
        },
        "200": {
            "loss": 0.012713153987987173,
            "acc": 0.99624
        },
        "201": {
            "loss": 0.013241353861289695,
            "acc": 0.99622
        },
        "202": {
            "loss": 0.012449692140983614,
            "acc": 0.99662
        },
        "203": {
            "loss": 0.014236589063309095,
            "acc": 0.99592
        },
        "204": {
            "loss": 0.01297611539142535,
            "acc": 0.99594
        },
        "205": {
            "loss": 0.014500313231845379,
            "acc": 0.99552
        },
        "206": {
            "loss": 0.014364290707226595,
            "acc": 0.99586
        },
        "207": {
            "loss": 0.013054765840692211,
            "acc": 0.99622
        },
        "208": {
            "loss": 0.01242382484494144,
            "acc": 0.99664
        },
        "209": {
            "loss": 0.01316106335803047,
            "acc": 0.99632
        },
        "210": {
            "loss": 0.012876204951592456,
            "acc": 0.99644
        },
        "211": {
            "loss": 0.013446832448928891,
            "acc": 0.99604
        },
        "212": {
            "loss": 0.013511454093429591,
            "acc": 0.9963
        },
        "213": {
            "loss": 0.013998110200721494,
            "acc": 0.99592
        },
        "214": {
            "loss": 0.013072513358440022,
            "acc": 0.9961
        },
        "215": {
            "loss": 0.012925631208273837,
            "acc": 0.99638
        },
        "216": {
            "loss": 0.013468190598006234,
            "acc": 0.99594
        },
        "217": {
            "loss": 0.013130120083015612,
            "acc": 0.9963
        },
        "218": {
            "loss": 0.013414577536923272,
            "acc": 0.99572
        },
        "219": {
            "loss": 0.013577763747145205,
            "acc": 0.99626
        },
        "220": {
            "loss": 0.012986681568483963,
            "acc": 0.99654
        },
        "221": {
            "loss": 0.012680050713615134,
            "acc": 0.99644
        },
        "222": {
            "loss": 0.012374320019231846,
            "acc": 0.99668
        },
        "223": {
            "loss": 0.012545612103114015,
            "acc": 0.99636
        },
        "224": {
            "loss": 0.013242080426879722,
            "acc": 0.99626
        },
        "225": {
            "loss": 0.012073429707197181,
            "acc": 0.99652
        },
        "226": {
            "loss": 0.01330852287861964,
            "acc": 0.99638
        },
        "227": {
            "loss": 0.012060738715600422,
            "acc": 0.99668
        },
        "228": {
            "loss": 0.012628974341203832,
            "acc": 0.99644
        },
        "229": {
            "loss": 0.013763465089997387,
            "acc": 0.99584
        },
        "230": {
            "loss": 0.012810999350122098,
            "acc": 0.99604
        },
        "231": {
            "loss": 0.013635041906445971,
            "acc": 0.99622
        },
        "232": {
            "loss": 0.012951149246143297,
            "acc": 0.9961
        },
        "233": {
            "loss": 0.012759946730307035,
            "acc": 0.99612
        },
        "234": {
            "loss": 0.0128334997635087,
            "acc": 0.99618
        },
        "235": {
            "loss": 0.01309493508415006,
            "acc": 0.99594
        },
        "236": {
            "loss": 0.012689907231804012,
            "acc": 0.99656
        },
        "237": {
            "loss": 0.013208788137792436,
            "acc": 0.99638
        },
        "238": {
            "loss": 0.013181870540781447,
            "acc": 0.99604
        },
        "239": {
            "loss": 0.013725698358067275,
            "acc": 0.99608
        },
        "240": {
            "loss": 0.012495548210387853,
            "acc": 0.9964
        },
        "241": {
            "loss": 0.012390512633351777,
            "acc": 0.99656
        },
        "242": {
            "loss": 0.013788844950621009,
            "acc": 0.9959
        },
        "243": {
            "loss": 0.012301636001397677,
            "acc": 0.99646
        },
        "244": {
            "loss": 0.012636701617499484,
            "acc": 0.99648
        },
        "245": {
            "loss": 0.013881383121937818,
            "acc": 0.99586
        },
        "246": {
            "loss": 0.013639299755158556,
            "acc": 0.99626
        },
        "247": {
            "loss": 0.012952899799713164,
            "acc": 0.9958
        },
        "248": {
            "loss": 0.012330319421589755,
            "acc": 0.99666
        },
        "249": {
            "loss": 0.012834168362902845,
            "acc": 0.99634
        }
    },
    "test": {
        "0": {
            "loss": 1.7656161832809447,
            "acc": 0.3457
        },
        "1": {
            "loss": 1.4838573789596559,
            "acc": 0.4487
        },
        "3": {
            "loss": 1.2519427514076233,
            "acc": 0.5544
        },
        "5": {
            "loss": 1.1003729224205017,
            "acc": 0.6154
        },
        "7": {
            "loss": 1.003700029850006,
            "acc": 0.6479
        },
        "9": {
            "loss": 0.9290270960330963,
            "acc": 0.6733
        },
        "11": {
            "loss": 0.9411873590946197,
            "acc": 0.6752
        },
        "13": {
            "loss": 0.8585478031635284,
            "acc": 0.7016
        },
        "15": {
            "loss": 0.8226645827293396,
            "acc": 0.7086
        },
        "17": {
            "loss": 0.8101232755184173,
            "acc": 0.7147
        },
        "19": {
            "loss": 0.8158651173114777,
            "acc": 0.7098
        },
        "21": {
            "loss": 0.7811427879333496,
            "acc": 0.729
        },
        "23": {
            "loss": 0.7696053171157837,
            "acc": 0.7288
        },
        "25": {
            "loss": 0.7373138582706451,
            "acc": 0.7428
        },
        "27": {
            "loss": 0.7636093544960022,
            "acc": 0.7346
        },
        "29": {
            "loss": 0.7418051183223724,
            "acc": 0.7408
        },
        "31": {
            "loss": 0.7562597990036011,
            "acc": 0.7383
        },
        "33": {
            "loss": 0.7348408353328705,
            "acc": 0.7484
        },
        "35": {
            "loss": 0.7464741384983062,
            "acc": 0.748
        },
        "37": {
            "loss": 0.7662254643440246,
            "acc": 0.7432
        },
        "39": {
            "loss": 0.7853712582588196,
            "acc": 0.7409
        },
        "41": {
            "loss": 0.7993174910545349,
            "acc": 0.7431
        },
        "43": {
            "loss": 0.7901309823989868,
            "acc": 0.7459
        },
        "45": {
            "loss": 0.8116305768489838,
            "acc": 0.7444
        },
        "47": {
            "loss": 0.7928331112861633,
            "acc": 0.7492
        },
        "49": {
            "loss": 0.8261301267147064,
            "acc": 0.7454
        },
        "51": {
            "loss": 0.850417959690094,
            "acc": 0.7483
        },
        "53": {
            "loss": 0.8737551057338715,
            "acc": 0.7446
        },
        "55": {
            "loss": 0.8749641168117523,
            "acc": 0.7423
        },
        "57": {
            "loss": 0.8903417241573334,
            "acc": 0.7476
        },
        "59": {
            "loss": 0.8671955263614655,
            "acc": 0.7461
        },
        "61": {
            "loss": 0.9128317630290985,
            "acc": 0.7463
        },
        "63": {
            "loss": 0.9201476538181305,
            "acc": 0.7465
        },
        "65": {
            "loss": 0.9476100480556489,
            "acc": 0.7441
        },
        "67": {
            "loss": 0.9611246037483215,
            "acc": 0.742
        },
        "69": {
            "loss": 1.0136700809001922,
            "acc": 0.7425
        },
        "71": {
            "loss": 1.0558816969394684,
            "acc": 0.7393
        },
        "73": {
            "loss": 1.009323036670685,
            "acc": 0.7469
        },
        "75": {
            "loss": 1.0607646417617798,
            "acc": 0.7453
        },
        "77": {
            "loss": 1.0595342564582824,
            "acc": 0.7431
        },
        "79": {
            "loss": 1.041041715145111,
            "acc": 0.744
        },
        "81": {
            "loss": 1.102523558139801,
            "acc": 0.7414
        },
        "83": {
            "loss": 1.0700276732444762,
            "acc": 0.7483
        },
        "85": {
            "loss": 1.099226267337799,
            "acc": 0.7427
        },
        "87": {
            "loss": 1.1174561560153962,
            "acc": 0.7468
        },
        "89": {
            "loss": 1.1612086069583893,
            "acc": 0.7372
        },
        "91": {
            "loss": 1.1158290767669679,
            "acc": 0.7409
        },
        "93": {
            "loss": 1.1759545516967773,
            "acc": 0.74
        },
        "95": {
            "loss": 1.1911260735988618,
            "acc": 0.739
        },
        "97": {
            "loss": 1.166386934518814,
            "acc": 0.7408
        },
        "99": {
            "loss": 1.2076223170757294,
            "acc": 0.7439
        },
        "101": {
            "loss": 1.157222743034363,
            "acc": 0.7638
        },
        "103": {
            "loss": 1.2045063078403473,
            "acc": 0.7642
        },
        "105": {
            "loss": 1.2365336966514588,
            "acc": 0.764
        },
        "107": {
            "loss": 1.2581634962558745,
            "acc": 0.7618
        },
        "109": {
            "loss": 1.2734389555454255,
            "acc": 0.7626
        },
        "111": {
            "loss": 1.2901941621303559,
            "acc": 0.7646
        },
        "113": {
            "loss": 1.313080986738205,
            "acc": 0.7612
        },
        "115": {
            "loss": 1.3239884352684022,
            "acc": 0.7635
        },
        "117": {
            "loss": 1.3531209063529968,
            "acc": 0.7633
        },
        "119": {
            "loss": 1.3545794582366943,
            "acc": 0.7645
        },
        "121": {
            "loss": 1.373153018951416,
            "acc": 0.7632
        },
        "123": {
            "loss": 1.3691308391094208,
            "acc": 0.7659
        },
        "125": {
            "loss": 1.3966293609142304,
            "acc": 0.7651
        },
        "127": {
            "loss": 1.3957650363445282,
            "acc": 0.7642
        },
        "129": {
            "loss": 1.412707815170288,
            "acc": 0.7638
        },
        "131": {
            "loss": 1.4173226022720338,
            "acc": 0.767
        },
        "133": {
            "loss": 1.4255207514762878,
            "acc": 0.7643
        },
        "135": {
            "loss": 1.4421090829372405,
            "acc": 0.7623
        },
        "137": {
            "loss": 1.4538596439361573,
            "acc": 0.7642
        },
        "139": {
            "loss": 1.472915723323822,
            "acc": 0.7637
        },
        "141": {
            "loss": 1.4770231521129609,
            "acc": 0.7628
        },
        "143": {
            "loss": 1.4924382090568542,
            "acc": 0.7654
        },
        "145": {
            "loss": 1.4829359543323517,
            "acc": 0.7644
        },
        "147": {
            "loss": 1.486615128517151,
            "acc": 0.7661
        },
        "149": {
            "loss": 1.495208159685135,
            "acc": 0.7647
        },
        "151": {
            "loss": 1.4955684435367584,
            "acc": 0.7664
        },
        "153": {
            "loss": 1.4935249042510987,
            "acc": 0.7662
        },
        "155": {
            "loss": 1.494281953573227,
            "acc": 0.7667
        },
        "157": {
            "loss": 1.493433837890625,
            "acc": 0.7655
        },
        "159": {
            "loss": 1.4951994550228118,
            "acc": 0.7667
        },
        "161": {
            "loss": 1.4938544869422912,
            "acc": 0.7677
        },
        "163": {
            "loss": 1.4929538321495057,
            "acc": 0.7669
        },
        "165": {
            "loss": 1.49511892080307,
            "acc": 0.7663
        },
        "167": {
            "loss": 1.494868097305298,
            "acc": 0.7655
        },
        "169": {
            "loss": 1.496317845582962,
            "acc": 0.7672
        },
        "171": {
            "loss": 1.4969714987277984,
            "acc": 0.7668
        },
        "173": {
            "loss": 1.497805290222168,
            "acc": 0.7663
        },
        "175": {
            "loss": 1.4999047994613648,
            "acc": 0.7655
        },
        "177": {
            "loss": 1.4993208181858062,
            "acc": 0.7667
        },
        "179": {
            "loss": 1.5013446986675263,
            "acc": 0.766
        },
        "181": {
            "loss": 1.500466184616089,
            "acc": 0.766
        },
        "183": {
            "loss": 1.5019415497779847,
            "acc": 0.766
        },
        "185": {
            "loss": 1.5042579793930053,
            "acc": 0.7661
        },
        "187": {
            "loss": 1.5048314905166627,
            "acc": 0.7656
        },
        "189": {
            "loss": 1.5032831418514252,
            "acc": 0.7668
        },
        "191": {
            "loss": 1.5052973532676697,
            "acc": 0.7664
        },
        "193": {
            "loss": 1.5054379868507386,
            "acc": 0.7657
        },
        "195": {
            "loss": 1.5094683003425597,
            "acc": 0.765
        },
        "197": {
            "loss": 1.5099906766414641,
            "acc": 0.766
        },
        "199": {
            "loss": 1.5098657429218292,
            "acc": 0.7659
        },
        "201": {
            "loss": 1.5102808213233947,
            "acc": 0.7659
        },
        "203": {
            "loss": 1.5106879377365112,
            "acc": 0.766
        },
        "205": {
            "loss": 1.5108547985553742,
            "acc": 0.7656
        },
        "207": {
            "loss": 1.5107517778873443,
            "acc": 0.7657
        },
        "209": {
            "loss": 1.511105967760086,
            "acc": 0.7661
        },
        "211": {
            "loss": 1.5110615289211273,
            "acc": 0.7664
        },
        "213": {
            "loss": 1.5111206805706023,
            "acc": 0.7665
        },
        "215": {
            "loss": 1.5112356925010682,
            "acc": 0.7659
        },
        "217": {
            "loss": 1.5117164218425752,
            "acc": 0.7661
        },
        "219": {
            "loss": 1.5114694917201996,
            "acc": 0.7661
        },
        "221": {
            "loss": 1.512010293006897,
            "acc": 0.7661
        },
        "223": {
            "loss": 1.5123670148849486,
            "acc": 0.7664
        },
        "225": {
            "loss": 1.5123632645606995,
            "acc": 0.7664
        },
        "227": {
            "loss": 1.512500501871109,
            "acc": 0.7663
        },
        "229": {
            "loss": 1.5123843145370484,
            "acc": 0.7664
        },
        "231": {
            "loss": 1.5122680735588074,
            "acc": 0.7663
        },
        "233": {
            "loss": 1.5122414886951447,
            "acc": 0.7662
        },
        "235": {
            "loss": 1.512054169178009,
            "acc": 0.7663
        },
        "237": {
            "loss": 1.51169184923172,
            "acc": 0.766
        },
        "239": {
            "loss": 1.511734288930893,
            "acc": 0.7666
        },
        "241": {
            "loss": 1.511814239025116,
            "acc": 0.7668
        },
        "243": {
            "loss": 1.5117680096626283,
            "acc": 0.7663
        },
        "245": {
            "loss": 1.511742787361145,
            "acc": 0.7659
        },
        "247": {
            "loss": 1.5115117609500885,
            "acc": 0.766
        },
        "249": {
            "loss": 1.5116623878479003,
            "acc": 0.7661
        }
    },
    "info": {
        "best_epoch": 161,
        "best_acc": 76.77,
        "n_params": 2472266
    }
}