{
    "train": {
        "0": {
            "loss": 1.5620660303193894,
            "acc": 0.43102
        },
        "1": {
            "loss": 1.1658174624223538,
            "acc": 0.58308
        },
        "2": {
            "loss": 1.0297095046933655,
            "acc": 0.63422
        },
        "3": {
            "loss": 0.9294295181398806,
            "acc": 0.67366
        },
        "4": {
            "loss": 0.8344446525854223,
            "acc": 0.7088
        },
        "5": {
            "loss": 0.7597985360628504,
            "acc": 0.73632
        },
        "6": {
            "loss": 0.6936456869782694,
            "acc": 0.7607
        },
        "7": {
            "loss": 0.6454494668699592,
            "acc": 0.7769
        },
        "8": {
            "loss": 0.6040049311907395,
            "acc": 0.7931
        },
        "9": {
            "loss": 0.5724368157136775,
            "acc": 0.80158
        },
        "10": {
            "loss": 0.5365584408078352,
            "acc": 0.8163
        },
        "11": {
            "loss": 0.5100749333953614,
            "acc": 0.82652
        },
        "12": {
            "loss": 0.4843040650610424,
            "acc": 0.83522
        },
        "13": {
            "loss": 0.46602100183439377,
            "acc": 0.84098
        },
        "14": {
            "loss": 0.44013268483416806,
            "acc": 0.84968
        },
        "15": {
            "loss": 0.420531454369845,
            "acc": 0.85584
        },
        "16": {
            "loss": 0.40509257299820783,
            "acc": 0.85908
        },
        "17": {
            "loss": 0.38914817194347184,
            "acc": 0.8668
        },
        "18": {
            "loss": 0.3723156750202179,
            "acc": 0.8715
        },
        "19": {
            "loss": 0.360516356042279,
            "acc": 0.8763
        },
        "20": {
            "loss": 0.35224752627370304,
            "acc": 0.87828
        },
        "21": {
            "loss": 0.33402469315949607,
            "acc": 0.88684
        },
        "22": {
            "loss": 0.32712927578812667,
            "acc": 0.88758
        },
        "23": {
            "loss": 0.3187013260848687,
            "acc": 0.89028
        },
        "24": {
            "loss": 0.307897940049391,
            "acc": 0.89482
        },
        "25": {
            "loss": 0.2996296755340703,
            "acc": 0.89592
        },
        "26": {
            "loss": 0.2876490113299216,
            "acc": 0.90072
        },
        "27": {
            "loss": 0.286093509086715,
            "acc": 0.90042
        },
        "28": {
            "loss": 0.2753615982620917,
            "acc": 0.90514
        },
        "29": {
            "loss": 0.2689294181287746,
            "acc": 0.90766
        },
        "30": {
            "loss": 0.26501513308728747,
            "acc": 0.90822
        },
        "31": {
            "loss": 0.2558850030155133,
            "acc": 0.91136
        },
        "32": {
            "loss": 0.25387699785820966,
            "acc": 0.91214
        },
        "33": {
            "loss": 0.24475620088674832,
            "acc": 0.91564
        },
        "34": {
            "loss": 0.23963789108311734,
            "acc": 0.9168
        },
        "35": {
            "loss": 0.23505945555160723,
            "acc": 0.91784
        },
        "36": {
            "loss": 0.23140064889893813,
            "acc": 0.91982
        },
        "37": {
            "loss": 0.22416334509697106,
            "acc": 0.92292
        },
        "38": {
            "loss": 0.22335497941583624,
            "acc": 0.92194
        },
        "39": {
            "loss": 0.21750604955817732,
            "acc": 0.92462
        },
        "40": {
            "loss": 0.2138509729786602,
            "acc": 0.92652
        },
        "41": {
            "loss": 0.21132227517378604,
            "acc": 0.9267
        },
        "42": {
            "loss": 0.20751198545060195,
            "acc": 0.9283
        },
        "43": {
            "loss": 0.20699702275683507,
            "acc": 0.92898
        },
        "44": {
            "loss": 0.1979027457744874,
            "acc": 0.9301
        },
        "45": {
            "loss": 0.19965254620213033,
            "acc": 0.93128
        },
        "46": {
            "loss": 0.19512456826999058,
            "acc": 0.93224
        },
        "47": {
            "loss": 0.19563008461843062,
            "acc": 0.93116
        },
        "48": {
            "loss": 0.19278931531988447,
            "acc": 0.93342
        },
        "49": {
            "loss": 0.1901741990309847,
            "acc": 0.93302
        },
        "50": {
            "loss": 0.18439143111028938,
            "acc": 0.93682
        },
        "51": {
            "loss": 0.18769542977709294,
            "acc": 0.9349
        },
        "52": {
            "loss": 0.18639006096002697,
            "acc": 0.9351
        },
        "53": {
            "loss": 0.18298956187789703,
            "acc": 0.9363
        },
        "54": {
            "loss": 0.1805152948517019,
            "acc": 0.93698
        },
        "55": {
            "loss": 0.17647489060259536,
            "acc": 0.93852
        },
        "56": {
            "loss": 0.17810651555161952,
            "acc": 0.9378
        },
        "57": {
            "loss": 0.17671100187408345,
            "acc": 0.938
        },
        "58": {
            "loss": 0.16816586700013225,
            "acc": 0.94068
        },
        "59": {
            "loss": 0.16664563414766964,
            "acc": 0.94112
        },
        "60": {
            "loss": 0.16754757534817358,
            "acc": 0.9416
        },
        "61": {
            "loss": 0.16523920855177637,
            "acc": 0.94274
        },
        "62": {
            "loss": 0.16652052591333305,
            "acc": 0.94192
        },
        "63": {
            "loss": 0.16134902594796838,
            "acc": 0.94442
        },
        "64": {
            "loss": 0.16468773209644705,
            "acc": 0.94322
        },
        "65": {
            "loss": 0.1619929578869849,
            "acc": 0.94278
        },
        "66": {
            "loss": 0.16411785328822673,
            "acc": 0.94256
        },
        "67": {
            "loss": 0.15711413941267507,
            "acc": 0.94454
        },
        "68": {
            "loss": 0.1601976453972137,
            "acc": 0.94404
        },
        "69": {
            "loss": 0.15380379849154016,
            "acc": 0.94664
        },
        "70": {
            "loss": 0.15465321287970105,
            "acc": 0.94686
        },
        "71": {
            "loss": 0.15073314661641254,
            "acc": 0.94754
        },
        "72": {
            "loss": 0.1594977841886413,
            "acc": 0.94366
        },
        "73": {
            "loss": 0.14831871345944111,
            "acc": 0.94762
        },
        "74": {
            "loss": 0.15456154555692087,
            "acc": 0.945
        },
        "75": {
            "loss": 0.14921999260630753,
            "acc": 0.94774
        },
        "76": {
            "loss": 0.145917308833593,
            "acc": 0.94908
        },
        "77": {
            "loss": 0.14983102532527637,
            "acc": 0.94694
        },
        "78": {
            "loss": 0.14916551986809276,
            "acc": 0.948
        },
        "79": {
            "loss": 0.14892754702807387,
            "acc": 0.94792
        },
        "80": {
            "loss": 0.14441806592447373,
            "acc": 0.94992
        },
        "81": {
            "loss": 0.14656452112414342,
            "acc": 0.94816
        },
        "82": {
            "loss": 0.1469051813816323,
            "acc": 0.94938
        },
        "83": {
            "loss": 0.1412608559479189,
            "acc": 0.94936
        },
        "84": {
            "loss": 0.14482285785476876,
            "acc": 0.94914
        },
        "85": {
            "loss": 0.14011970125234036,
            "acc": 0.95118
        },
        "86": {
            "loss": 0.1445558610588998,
            "acc": 0.94916
        },
        "87": {
            "loss": 0.13464374781188454,
            "acc": 0.95338
        },
        "88": {
            "loss": 0.13788561564882088,
            "acc": 0.95216
        },
        "89": {
            "loss": 0.14124714788954582,
            "acc": 0.9504
        },
        "90": {
            "loss": 0.13907022430273272,
            "acc": 0.95122
        },
        "91": {
            "loss": 0.1440403549586568,
            "acc": 0.9499
        },
        "92": {
            "loss": 0.13574743042211704,
            "acc": 0.95138
        },
        "93": {
            "loss": 0.13404010008553716,
            "acc": 0.9527
        },
        "94": {
            "loss": 0.13536584822227582,
            "acc": 0.95288
        },
        "95": {
            "loss": 0.13374269317330606,
            "acc": 0.95368
        },
        "96": {
            "loss": 0.13435606297362795,
            "acc": 0.95226
        },
        "97": {
            "loss": 0.13415276302058068,
            "acc": 0.95244
        },
        "98": {
            "loss": 0.1293428286033518,
            "acc": 0.95466
        },
        "99": {
            "loss": 0.1311389050062965,
            "acc": 0.95388
        },
        "100": {
            "loss": 0.07825600595482628,
            "acc": 0.9742
        },
        "101": {
            "loss": 0.056771587399418094,
            "acc": 0.98228
        },
        "102": {
            "loss": 0.04772019705704182,
            "acc": 0.98528
        },
        "103": {
            "loss": 0.04457330113024358,
            "acc": 0.98592
        },
        "104": {
            "loss": 0.03940727321616829,
            "acc": 0.98784
        },
        "105": {
            "loss": 0.034975115783855586,
            "acc": 0.98942
        },
        "106": {
            "loss": 0.034081477657570254,
            "acc": 0.98952
        },
        "107": {
            "loss": 0.03285731844213384,
            "acc": 0.99012
        },
        "108": {
            "loss": 0.03032035057259071,
            "acc": 0.99066
        },
        "109": {
            "loss": 0.029373885917208156,
            "acc": 0.99106
        },
        "110": {
            "loss": 0.02763639177050432,
            "acc": 0.99194
        },
        "111": {
            "loss": 0.0274371049400238,
            "acc": 0.99156
        },
        "112": {
            "loss": 0.025994321333763698,
            "acc": 0.99254
        },
        "113": {
            "loss": 0.025380606638015155,
            "acc": 0.99248
        },
        "114": {
            "loss": 0.02273918490897378,
            "acc": 0.99384
        },
        "115": {
            "loss": 0.022558838004589347,
            "acc": 0.99296
        },
        "116": {
            "loss": 0.022659784071552364,
            "acc": 0.9931
        },
        "117": {
            "loss": 0.022231773088050202,
            "acc": 0.99352
        },
        "118": {
            "loss": 0.01968225555749291,
            "acc": 0.99446
        },
        "119": {
            "loss": 0.021362771740411898,
            "acc": 0.99392
        },
        "120": {
            "loss": 0.01956847324714903,
            "acc": 0.99422
        },
        "121": {
            "loss": 0.018097972141845567,
            "acc": 0.99482
        },
        "122": {
            "loss": 0.01756683154962957,
            "acc": 0.9948
        },
        "123": {
            "loss": 0.01785946800194852,
            "acc": 0.99486
        },
        "124": {
            "loss": 0.01882857670370356,
            "acc": 0.99436
        },
        "125": {
            "loss": 0.01663213406119,
            "acc": 0.9951
        },
        "126": {
            "loss": 0.015702945592901325,
            "acc": 0.99548
        },
        "127": {
            "loss": 0.01675617441748176,
            "acc": 0.99526
        },
        "128": {
            "loss": 0.016200156356005566,
            "acc": 0.99534
        },
        "129": {
            "loss": 0.016394623116080358,
            "acc": 0.99544
        },
        "130": {
            "loss": 0.016189557204530348,
            "acc": 0.99544
        },
        "131": {
            "loss": 0.016306894876317733,
            "acc": 0.99546
        },
        "132": {
            "loss": 0.016088655722849166,
            "acc": 0.99546
        },
        "133": {
            "loss": 0.01509009897583843,
            "acc": 0.99554
        },
        "134": {
            "loss": 0.014916494859399183,
            "acc": 0.99558
        },
        "135": {
            "loss": 0.015019332232010905,
            "acc": 0.99578
        },
        "136": {
            "loss": 0.014725223797864145,
            "acc": 0.99584
        },
        "137": {
            "loss": 0.014040088933973533,
            "acc": 0.9962
        },
        "138": {
            "loss": 0.013427215258536093,
            "acc": 0.99622
        },
        "139": {
            "loss": 0.01491660814073718,
            "acc": 0.99552
        },
        "140": {
            "loss": 0.014705936012067891,
            "acc": 0.99586
        },
        "141": {
            "loss": 0.014249145656543049,
            "acc": 0.99596
        },
        "142": {
            "loss": 0.013852779805610229,
            "acc": 0.99594
        },
        "143": {
            "loss": 0.013960904546577455,
            "acc": 0.99594
        },
        "144": {
            "loss": 0.013129336109487315,
            "acc": 0.99646
        },
        "145": {
            "loss": 0.0131014627675452,
            "acc": 0.9961
        },
        "146": {
            "loss": 0.014365758200216553,
            "acc": 0.9959
        },
        "147": {
            "loss": 0.013737473548735347,
            "acc": 0.99614
        },
        "148": {
            "loss": 0.013225186544427614,
            "acc": 0.99592
        },
        "149": {
            "loss": 0.01362202714805913,
            "acc": 0.99614
        },
        "150": {
            "loss": 0.010839721157282229,
            "acc": 0.99732
        },
        "151": {
            "loss": 0.009747565781716686,
            "acc": 0.9974
        },
        "152": {
            "loss": 0.009760160492036415,
            "acc": 0.99742
        },
        "153": {
            "loss": 0.008695565112431764,
            "acc": 0.9977
        },
        "154": {
            "loss": 0.00867468270215937,
            "acc": 0.99786
        },
        "155": {
            "loss": 0.009207816677950465,
            "acc": 0.9979
        },
        "156": {
            "loss": 0.008237658405725313,
            "acc": 0.99814
        },
        "157": {
            "loss": 0.007892255115595496,
            "acc": 0.9981
        },
        "158": {
            "loss": 0.008286662999263077,
            "acc": 0.99794
        },
        "159": {
            "loss": 0.007801010267739958,
            "acc": 0.99828
        },
        "160": {
            "loss": 0.007662783012441967,
            "acc": 0.998
        },
        "161": {
            "loss": 0.00885228040735916,
            "acc": 0.99744
        },
        "162": {
            "loss": 0.008055815665090643,
            "acc": 0.9977
        },
        "163": {
            "loss": 0.007615727799125206,
            "acc": 0.998
        },
        "164": {
            "loss": 0.007483990518632285,
            "acc": 0.99828
        },
        "165": {
            "loss": 0.007415986228960535,
            "acc": 0.99816
        },
        "166": {
            "loss": 0.00737245681414576,
            "acc": 0.9984
        },
        "167": {
            "loss": 0.00759254982511875,
            "acc": 0.99834
        },
        "168": {
            "loss": 0.007775187654637486,
            "acc": 0.99814
        },
        "169": {
            "loss": 0.00684473430172152,
            "acc": 0.99852
        },
        "170": {
            "loss": 0.006488497931268447,
            "acc": 0.99876
        },
        "171": {
            "loss": 0.006625421005664417,
            "acc": 0.99856
        },
        "172": {
            "loss": 0.006861257681916671,
            "acc": 0.99852
        },
        "173": {
            "loss": 0.0069709634083821,
            "acc": 0.99828
        },
        "174": {
            "loss": 0.006568890765456416,
            "acc": 0.99846
        },
        "175": {
            "loss": 0.006893868910034409,
            "acc": 0.9983
        },
        "176": {
            "loss": 0.006055736605895569,
            "acc": 0.99872
        },
        "177": {
            "loss": 0.007100923916103456,
            "acc": 0.99826
        },
        "178": {
            "loss": 0.006490834722774165,
            "acc": 0.99858
        },
        "179": {
            "loss": 0.006550714754990166,
            "acc": 0.9984
        },
        "180": {
            "loss": 0.007249601560322058,
            "acc": 0.99858
        },
        "181": {
            "loss": 0.006712489164299796,
            "acc": 0.99852
        },
        "182": {
            "loss": 0.005933652422629068,
            "acc": 0.99872
        },
        "183": {
            "loss": 0.006702277194628197,
            "acc": 0.9984
        },
        "184": {
            "loss": 0.006460799908716841,
            "acc": 0.99842
        },
        "185": {
            "loss": 0.006279157224686488,
            "acc": 0.99854
        },
        "186": {
            "loss": 0.005982772321225909,
            "acc": 0.9988
        },
        "187": {
            "loss": 0.0062804137930617,
            "acc": 0.9987
        },
        "188": {
            "loss": 0.005576157198964006,
            "acc": 0.99906
        },
        "189": {
            "loss": 0.006240457563218601,
            "acc": 0.99862
        },
        "190": {
            "loss": 0.006985384189491601,
            "acc": 0.99844
        },
        "191": {
            "loss": 0.006283212370207043,
            "acc": 0.99876
        },
        "192": {
            "loss": 0.005623639135024823,
            "acc": 0.99904
        },
        "193": {
            "loss": 0.00572696919975769,
            "acc": 0.99876
        },
        "194": {
            "loss": 0.0064054241822556115,
            "acc": 0.9985
        },
        "195": {
            "loss": 0.005894682911487268,
            "acc": 0.99866
        },
        "196": {
            "loss": 0.005786651022606613,
            "acc": 0.9987
        },
        "197": {
            "loss": 0.005877333817511673,
            "acc": 0.99868
        },
        "198": {
            "loss": 0.00629623624806702,
            "acc": 0.99852
        },
        "199": {
            "loss": 0.006335863011681935,
            "acc": 0.99862
        },
        "200": {
            "loss": 0.005684767614530823,
            "acc": 0.99894
        },
        "201": {
            "loss": 0.005677855850118176,
            "acc": 0.9988
        },
        "202": {
            "loss": 0.005708286819337626,
            "acc": 0.99884
        },
        "203": {
            "loss": 0.005802360508004989,
            "acc": 0.99868
        },
        "204": {
            "loss": 0.0055328034408017755,
            "acc": 0.999
        },
        "205": {
            "loss": 0.006368125195476844,
            "acc": 0.99844
        },
        "206": {
            "loss": 0.005384707449139822,
            "acc": 0.99896
        },
        "207": {
            "loss": 0.00584321874988806,
            "acc": 0.99864
        },
        "208": {
            "loss": 0.005781998484641971,
            "acc": 0.9987
        },
        "209": {
            "loss": 0.0061111300454243945,
            "acc": 0.9985
        },
        "210": {
            "loss": 0.005383324143631608,
            "acc": 0.99908
        },
        "211": {
            "loss": 0.006183751506138119,
            "acc": 0.99852
        },
        "212": {
            "loss": 0.005482557507188957,
            "acc": 0.99884
        },
        "213": {
            "loss": 0.005572992144301391,
            "acc": 0.99894
        },
        "214": {
            "loss": 0.005932600398505073,
            "acc": 0.99848
        },
        "215": {
            "loss": 0.005777200290044803,
            "acc": 0.99872
        },
        "216": {
            "loss": 0.005874841529078058,
            "acc": 0.9988
        },
        "217": {
            "loss": 0.005754559800219949,
            "acc": 0.99874
        },
        "218": {
            "loss": 0.005427819416623639,
            "acc": 0.99898
        },
        "219": {
            "loss": 0.005346193693041125,
            "acc": 0.99894
        },
        "220": {
            "loss": 0.005670676033174538,
            "acc": 0.99878
        },
        "221": {
            "loss": 0.005777627897962137,
            "acc": 0.99864
        },
        "222": {
            "loss": 0.005699921798323045,
            "acc": 0.99894
        },
        "223": {
            "loss": 0.006009892906810222,
            "acc": 0.99878
        },
        "224": {
            "loss": 0.006188221126491123,
            "acc": 0.99858
        },
        "225": {
            "loss": 0.005813215721679656,
            "acc": 0.9988
        },
        "226": {
            "loss": 0.005624879130294494,
            "acc": 0.99874
        },
        "227": {
            "loss": 0.005480485515879786,
            "acc": 0.99902
        },
        "228": {
            "loss": 0.0057759697872387895,
            "acc": 0.99884
        },
        "229": {
            "loss": 0.0054173341252879165,
            "acc": 0.99884
        },
        "230": {
            "loss": 0.00555103859516418,
            "acc": 0.99896
        },
        "231": {
            "loss": 0.005579184972570347,
            "acc": 0.99878
        },
        "232": {
            "loss": 0.005552775454153652,
            "acc": 0.99886
        },
        "233": {
            "loss": 0.005663636981782353,
            "acc": 0.99886
        },
        "234": {
            "loss": 0.005776238183209868,
            "acc": 0.99876
        },
        "235": {
            "loss": 0.005427876231841186,
            "acc": 0.99884
        },
        "236": {
            "loss": 0.005566484200597867,
            "acc": 0.99884
        },
        "237": {
            "loss": 0.006175999167611075,
            "acc": 0.99854
        },
        "238": {
            "loss": 0.005782613907690587,
            "acc": 0.9988
        },
        "239": {
            "loss": 0.005458872286987532,
            "acc": 0.99878
        },
        "240": {
            "loss": 0.005986451941808505,
            "acc": 0.99876
        },
        "241": {
            "loss": 0.005809804164123295,
            "acc": 0.99866
        },
        "242": {
            "loss": 0.0050210886445227546,
            "acc": 0.99908
        },
        "243": {
            "loss": 0.00564699124886066,
            "acc": 0.99874
        },
        "244": {
            "loss": 0.005873597691507291,
            "acc": 0.99854
        },
        "245": {
            "loss": 0.005450298569103836,
            "acc": 0.99888
        },
        "246": {
            "loss": 0.005671329408809019,
            "acc": 0.9987
        },
        "247": {
            "loss": 0.005490575365953224,
            "acc": 0.99886
        },
        "248": {
            "loss": 0.005161391898377529,
            "acc": 0.99916
        },
        "249": {
            "loss": 0.005413905654088868,
            "acc": 0.99884
        }
    },
    "test": {
        "0": {
            "loss": 1.5837930154800415,
            "acc": 0.4567
        },
        "1": {
            "loss": 1.2653838086128235,
            "acc": 0.5632
        },
        "3": {
            "loss": 1.1645516073703766,
            "acc": 0.5859
        },
        "5": {
            "loss": 0.7786440753936767,
            "acc": 0.7285
        },
        "7": {
            "loss": 0.826385782957077,
            "acc": 0.7194
        },
        "9": {
            "loss": 0.5566141152381897,
            "acc": 0.8074
        },
        "11": {
            "loss": 0.7290291810035705,
            "acc": 0.7712
        },
        "13": {
            "loss": 0.5261000579595566,
            "acc": 0.8198
        },
        "15": {
            "loss": 0.5028160691261292,
            "acc": 0.8345
        },
        "17": {
            "loss": 0.563052568435669,
            "acc": 0.8224
        },
        "19": {
            "loss": 0.5144428133964538,
            "acc": 0.8306
        },
        "21": {
            "loss": 0.5243202495574951,
            "acc": 0.8273
        },
        "23": {
            "loss": 0.47707013189792635,
            "acc": 0.845
        },
        "25": {
            "loss": 0.44129731357097624,
            "acc": 0.8547
        },
        "27": {
            "loss": 0.42031845569610593,
            "acc": 0.8623
        },
        "29": {
            "loss": 0.5720025318861007,
            "acc": 0.8179
        },
        "31": {
            "loss": 0.5123724752664566,
            "acc": 0.8489
        },
        "33": {
            "loss": 0.4471334654092789,
            "acc": 0.8613
        },
        "35": {
            "loss": 0.4360209941864014,
            "acc": 0.8637
        },
        "37": {
            "loss": 0.3649753549695015,
            "acc": 0.8827
        },
        "39": {
            "loss": 0.4257297801971436,
            "acc": 0.8655
        },
        "41": {
            "loss": 0.37683198511600496,
            "acc": 0.8797
        },
        "43": {
            "loss": 0.4751415240764618,
            "acc": 0.8604
        },
        "45": {
            "loss": 0.4097814816236496,
            "acc": 0.8758
        },
        "47": {
            "loss": 0.37698515474796296,
            "acc": 0.8816
        },
        "49": {
            "loss": 0.3821209108829498,
            "acc": 0.8862
        },
        "51": {
            "loss": 0.4245772361755371,
            "acc": 0.8706
        },
        "53": {
            "loss": 0.40359028220176696,
            "acc": 0.8799
        },
        "55": {
            "loss": 0.41864685118198397,
            "acc": 0.8767
        },
        "57": {
            "loss": 0.3974080219864845,
            "acc": 0.8817
        },
        "59": {
            "loss": 0.436352179646492,
            "acc": 0.8743
        },
        "61": {
            "loss": 0.39543003678321836,
            "acc": 0.8858
        },
        "63": {
            "loss": 0.38329854249954226,
            "acc": 0.8854
        },
        "65": {
            "loss": 0.44647900223731996,
            "acc": 0.8735
        },
        "67": {
            "loss": 0.37692016273736956,
            "acc": 0.886
        },
        "69": {
            "loss": 0.5275903183221817,
            "acc": 0.8506
        },
        "71": {
            "loss": 0.4087361058592796,
            "acc": 0.8794
        },
        "73": {
            "loss": 0.42952155143022536,
            "acc": 0.8758
        },
        "75": {
            "loss": 0.455846329331398,
            "acc": 0.8726
        },
        "77": {
            "loss": 0.45281797587871553,
            "acc": 0.868
        },
        "79": {
            "loss": 0.4043236804008484,
            "acc": 0.8788
        },
        "81": {
            "loss": 0.3689518088102341,
            "acc": 0.8958
        },
        "83": {
            "loss": 0.39712624579668043,
            "acc": 0.8903
        },
        "85": {
            "loss": 0.4310236656665802,
            "acc": 0.8841
        },
        "87": {
            "loss": 0.43228878796100617,
            "acc": 0.8796
        },
        "89": {
            "loss": 0.37564813524484636,
            "acc": 0.8894
        },
        "91": {
            "loss": 0.41897318452596666,
            "acc": 0.884
        },
        "93": {
            "loss": 0.38325415283441544,
            "acc": 0.886
        },
        "95": {
            "loss": 0.35583303987979886,
            "acc": 0.8988
        },
        "97": {
            "loss": 0.40193925201892855,
            "acc": 0.8864
        },
        "99": {
            "loss": 0.3628199741244316,
            "acc": 0.8947
        },
        "101": {
            "loss": 0.2846500054001808,
            "acc": 0.9198
        },
        "103": {
            "loss": 0.2997791454195976,
            "acc": 0.92
        },
        "105": {
            "loss": 0.30411115556955337,
            "acc": 0.9205
        },
        "107": {
            "loss": 0.3099420264363289,
            "acc": 0.9201
        },
        "109": {
            "loss": 0.31410520151257515,
            "acc": 0.9199
        },
        "111": {
            "loss": 0.3169261881709099,
            "acc": 0.9212
        },
        "113": {
            "loss": 0.3232320822775364,
            "acc": 0.9197
        },
        "115": {
            "loss": 0.3332837447524071,
            "acc": 0.9226
        },
        "117": {
            "loss": 0.3326804667711258,
            "acc": 0.9225
        },
        "119": {
            "loss": 0.34657820254564287,
            "acc": 0.9201
        },
        "121": {
            "loss": 0.34459770187735556,
            "acc": 0.9224
        },
        "123": {
            "loss": 0.3522913759946823,
            "acc": 0.9187
        },
        "125": {
            "loss": 0.3511137473583221,
            "acc": 0.92
        },
        "127": {
            "loss": 0.3597659373283386,
            "acc": 0.9211
        },
        "129": {
            "loss": 0.35419380620121954,
            "acc": 0.9217
        },
        "131": {
            "loss": 0.3637295234203339,
            "acc": 0.9191
        },
        "133": {
            "loss": 0.37136670455336573,
            "acc": 0.9183
        },
        "135": {
            "loss": 0.36667930901050566,
            "acc": 0.9195
        },
        "137": {
            "loss": 0.36868770539760587,
            "acc": 0.9196
        },
        "139": {
            "loss": 0.3683850158751011,
            "acc": 0.9193
        },
        "141": {
            "loss": 0.36735686093568803,
            "acc": 0.9209
        },
        "143": {
            "loss": 0.37417156875133517,
            "acc": 0.9192
        },
        "145": {
            "loss": 0.3827100646495819,
            "acc": 0.9188
        },
        "147": {
            "loss": 0.3789584884047508,
            "acc": 0.9191
        },
        "149": {
            "loss": 0.3705299070477486,
            "acc": 0.9204
        },
        "151": {
            "loss": 0.36921016216278074,
            "acc": 0.9213
        },
        "153": {
            "loss": 0.3690790578722954,
            "acc": 0.9211
        },
        "155": {
            "loss": 0.3712354180216789,
            "acc": 0.9207
        },
        "157": {
            "loss": 0.3706481233239174,
            "acc": 0.9215
        },
        "159": {
            "loss": 0.3707937254011631,
            "acc": 0.9219
        },
        "161": {
            "loss": 0.3656661818921566,
            "acc": 0.9239
        },
        "163": {
            "loss": 0.36702640280127524,
            "acc": 0.9225
        },
        "165": {
            "loss": 0.37411792531609533,
            "acc": 0.9226
        },
        "167": {
            "loss": 0.3734968011081219,
            "acc": 0.924
        },
        "169": {
            "loss": 0.37488741412758825,
            "acc": 0.9233
        },
        "171": {
            "loss": 0.36828304901719094,
            "acc": 0.924
        },
        "173": {
            "loss": 0.37299059122800826,
            "acc": 0.9233
        },
        "175": {
            "loss": 0.3693458460271358,
            "acc": 0.9246
        },
        "177": {
            "loss": 0.3726554462313652,
            "acc": 0.9224
        },
        "179": {
            "loss": 0.37264505445957186,
            "acc": 0.9226
        },
        "181": {
            "loss": 0.37199588894844055,
            "acc": 0.922
        },
        "183": {
            "loss": 0.3810704044997692,
            "acc": 0.9211
        },
        "185": {
            "loss": 0.367828371822834,
            "acc": 0.9234
        },
        "187": {
            "loss": 0.3789174200594425,
            "acc": 0.9216
        },
        "189": {
            "loss": 0.3828223200142384,
            "acc": 0.922
        },
        "191": {
            "loss": 0.38349671572446825,
            "acc": 0.924
        },
        "193": {
            "loss": 0.3758614826202393,
            "acc": 0.9227
        },
        "195": {
            "loss": 0.37387369602918624,
            "acc": 0.9224
        },
        "197": {
            "loss": 0.379776286482811,
            "acc": 0.9228
        },
        "199": {
            "loss": 0.3858583541214466,
            "acc": 0.9207
        },
        "201": {
            "loss": 0.3835573703050613,
            "acc": 0.9228
        },
        "203": {
            "loss": 0.37846594318747523,
            "acc": 0.9227
        },
        "205": {
            "loss": 0.374958516061306,
            "acc": 0.9239
        },
        "207": {
            "loss": 0.37940465956926345,
            "acc": 0.9226
        },
        "209": {
            "loss": 0.38491574555635455,
            "acc": 0.9222
        },
        "211": {
            "loss": 0.3808271144330502,
            "acc": 0.9238
        },
        "213": {
            "loss": 0.3832901266217232,
            "acc": 0.9222
        },
        "215": {
            "loss": 0.3780663637816906,
            "acc": 0.9233
        },
        "217": {
            "loss": 0.3741418522596359,
            "acc": 0.9239
        },
        "219": {
            "loss": 0.3807427051663399,
            "acc": 0.9223
        },
        "221": {
            "loss": 0.3748480899631977,
            "acc": 0.9243
        },
        "223": {
            "loss": 0.377936132401228,
            "acc": 0.9239
        },
        "225": {
            "loss": 0.3826751624047756,
            "acc": 0.9225
        },
        "227": {
            "loss": 0.37699933513998984,
            "acc": 0.9231
        },
        "229": {
            "loss": 0.38042527124285697,
            "acc": 0.9231
        },
        "231": {
            "loss": 0.3768878261744976,
            "acc": 0.9241
        },
        "233": {
            "loss": 0.3790551345050335,
            "acc": 0.9245
        },
        "235": {
            "loss": 0.3785487535595894,
            "acc": 0.9241
        },
        "237": {
            "loss": 0.38003451883792877,
            "acc": 0.9226
        },
        "239": {
            "loss": 0.37759662970900537,
            "acc": 0.9239
        },
        "241": {
            "loss": 0.3754710139334202,
            "acc": 0.9239
        },
        "243": {
            "loss": 0.3813752092421055,
            "acc": 0.9242
        },
        "245": {
            "loss": 0.3765319879353046,
            "acc": 0.9241
        },
        "247": {
            "loss": 0.3762211214005947,
            "acc": 0.9236
        },
        "249": {
            "loss": 0.38739707350730895,
            "acc": 0.924
        }
    },
    "best": {
        "best_epoch": 175,
        "best_acc": 92.46
    }
}