{
    "train": {
        "0": {
            "loss": 1.5535488082929645,
            "acc": 0.4276
        },
        "1": {
            "loss": 1.0912488182182507,
            "acc": 0.60616
        },
        "2": {
            "loss": 0.9265948582793135,
            "acc": 0.66798
        },
        "3": {
            "loss": 0.8197802128389363,
            "acc": 0.7101
        },
        "4": {
            "loss": 0.7341604455352744,
            "acc": 0.74096
        },
        "5": {
            "loss": 0.6662610612257057,
            "acc": 0.7692
        },
        "6": {
            "loss": 0.6181511512345366,
            "acc": 0.78514
        },
        "7": {
            "loss": 0.573561735012952,
            "acc": 0.80066
        },
        "8": {
            "loss": 0.5429790259322242,
            "acc": 0.81124
        },
        "9": {
            "loss": 0.5161583707917987,
            "acc": 0.82084
        },
        "10": {
            "loss": 0.489406964510603,
            "acc": 0.82986
        },
        "11": {
            "loss": 0.47431985664245724,
            "acc": 0.83546
        },
        "12": {
            "loss": 0.45372943625883067,
            "acc": 0.8415
        },
        "13": {
            "loss": 0.4321022168983279,
            "acc": 0.84944
        },
        "14": {
            "loss": 0.4226084525704079,
            "acc": 0.85356
        },
        "15": {
            "loss": 0.40398311005224047,
            "acc": 0.85888
        },
        "16": {
            "loss": 0.391616120896376,
            "acc": 0.86558
        },
        "17": {
            "loss": 0.38187715998086175,
            "acc": 0.86712
        },
        "18": {
            "loss": 0.3658062347289546,
            "acc": 0.8735
        },
        "19": {
            "loss": 0.3590544443910994,
            "acc": 0.87432
        },
        "20": {
            "loss": 0.35118102421388603,
            "acc": 0.87666
        },
        "21": {
            "loss": 0.3412190611710024,
            "acc": 0.88272
        },
        "22": {
            "loss": 0.3296336417307939,
            "acc": 0.88566
        },
        "23": {
            "loss": 0.3225656569842487,
            "acc": 0.88808
        },
        "24": {
            "loss": 0.3136590709314322,
            "acc": 0.89086
        },
        "25": {
            "loss": 0.3100513358174078,
            "acc": 0.89232
        },
        "26": {
            "loss": 0.30089391150590405,
            "acc": 0.89456
        },
        "27": {
            "loss": 0.29957055245214104,
            "acc": 0.89616
        },
        "28": {
            "loss": 0.28900805807403285,
            "acc": 0.89852
        },
        "29": {
            "loss": 0.2856986873290118,
            "acc": 0.9003
        },
        "30": {
            "loss": 0.2780036935416024,
            "acc": 0.90294
        },
        "31": {
            "loss": 0.2692452075383852,
            "acc": 0.90628
        },
        "32": {
            "loss": 0.2697390000266797,
            "acc": 0.90546
        },
        "33": {
            "loss": 0.25931771453994007,
            "acc": 0.90902
        },
        "34": {
            "loss": 0.2591508352733634,
            "acc": 0.90906
        },
        "35": {
            "loss": 0.2527780348954298,
            "acc": 0.91302
        },
        "36": {
            "loss": 0.24828337052898944,
            "acc": 0.91302
        },
        "37": {
            "loss": 0.24330175641323903,
            "acc": 0.91398
        },
        "38": {
            "loss": 0.24658869911947517,
            "acc": 0.9136
        },
        "39": {
            "loss": 0.23776182985824088,
            "acc": 0.91606
        },
        "40": {
            "loss": 0.232808447840726,
            "acc": 0.91776
        },
        "41": {
            "loss": 0.23373629995014356,
            "acc": 0.91826
        },
        "42": {
            "loss": 0.22631908244336657,
            "acc": 0.92142
        },
        "43": {
            "loss": 0.22646914372968552,
            "acc": 0.9202
        },
        "44": {
            "loss": 0.22083185470241415,
            "acc": 0.92258
        },
        "45": {
            "loss": 0.22066456757847916,
            "acc": 0.92218
        },
        "46": {
            "loss": 0.21762290518835684,
            "acc": 0.9249
        },
        "47": {
            "loss": 0.21188755390589195,
            "acc": 0.92424
        },
        "48": {
            "loss": 0.20733818751962288,
            "acc": 0.92664
        },
        "49": {
            "loss": 0.21098847283274316,
            "acc": 0.92534
        },
        "50": {
            "loss": 0.20372098169820693,
            "acc": 0.92858
        },
        "51": {
            "loss": 0.20446103083355652,
            "acc": 0.92714
        },
        "52": {
            "loss": 0.20319104383287528,
            "acc": 0.9296
        },
        "53": {
            "loss": 0.19855492100919908,
            "acc": 0.93024
        },
        "54": {
            "loss": 0.19198300274055632,
            "acc": 0.9323
        },
        "55": {
            "loss": 0.18957882702274395,
            "acc": 0.93362
        },
        "56": {
            "loss": 0.19203507341920872,
            "acc": 0.93116
        },
        "57": {
            "loss": 0.1873977737277365,
            "acc": 0.93378
        },
        "58": {
            "loss": 0.18528893265082402,
            "acc": 0.93588
        },
        "59": {
            "loss": 0.1849382124136171,
            "acc": 0.93464
        },
        "60": {
            "loss": 0.18477827884123454,
            "acc": 0.93426
        },
        "61": {
            "loss": 0.18333884418163154,
            "acc": 0.9349
        },
        "62": {
            "loss": 0.1842024091088101,
            "acc": 0.93508
        },
        "63": {
            "loss": 0.17783831267634317,
            "acc": 0.93514
        },
        "64": {
            "loss": 0.1811988239207536,
            "acc": 0.93426
        },
        "65": {
            "loss": 0.18278071427208079,
            "acc": 0.93466
        },
        "66": {
            "loss": 0.17504124160465376,
            "acc": 0.9376
        },
        "67": {
            "loss": 0.17305629041112597,
            "acc": 0.93936
        },
        "68": {
            "loss": 0.17001580229729338,
            "acc": 0.94054
        },
        "69": {
            "loss": 0.16865869730596653,
            "acc": 0.94106
        },
        "70": {
            "loss": 0.1701646329230055,
            "acc": 0.93848
        },
        "71": {
            "loss": 0.17469022541171145,
            "acc": 0.93794
        },
        "72": {
            "loss": 0.16948788357741387,
            "acc": 0.94026
        },
        "73": {
            "loss": 0.16277852682087124,
            "acc": 0.94322
        },
        "74": {
            "loss": 0.16192953092286655,
            "acc": 0.94202
        },
        "75": {
            "loss": 0.16480411957863653,
            "acc": 0.94132
        },
        "76": {
            "loss": 0.16265993692038005,
            "acc": 0.94198
        },
        "77": {
            "loss": 0.1626766338048841,
            "acc": 0.94184
        },
        "78": {
            "loss": 0.1591122659004253,
            "acc": 0.94396
        },
        "79": {
            "loss": 0.15743567880309756,
            "acc": 0.94348
        },
        "80": {
            "loss": 0.16350834123085223,
            "acc": 0.94188
        },
        "81": {
            "loss": 0.15710509198782086,
            "acc": 0.94446
        },
        "82": {
            "loss": 0.15301082352809894,
            "acc": 0.94586
        },
        "83": {
            "loss": 0.16075713149345744,
            "acc": 0.94354
        },
        "84": {
            "loss": 0.15014634774926375,
            "acc": 0.94702
        },
        "85": {
            "loss": 0.1562978863582739,
            "acc": 0.94586
        },
        "86": {
            "loss": 0.15047265895073067,
            "acc": 0.94696
        },
        "87": {
            "loss": 0.1501730924372173,
            "acc": 0.9466
        },
        "88": {
            "loss": 0.1559203473084113,
            "acc": 0.944
        },
        "89": {
            "loss": 0.14978723785342157,
            "acc": 0.94778
        },
        "90": {
            "loss": 0.14949466830210004,
            "acc": 0.94798
        },
        "91": {
            "loss": 0.15187145006435607,
            "acc": 0.94476
        },
        "92": {
            "loss": 0.1499376306048287,
            "acc": 0.94696
        },
        "93": {
            "loss": 0.14552487666382813,
            "acc": 0.94898
        },
        "94": {
            "loss": 0.1497637243069651,
            "acc": 0.94726
        },
        "95": {
            "loss": 0.15041358592679432,
            "acc": 0.94684
        },
        "96": {
            "loss": 0.14379554209501846,
            "acc": 0.94906
        },
        "97": {
            "loss": 0.14321747654691683,
            "acc": 0.94926
        },
        "98": {
            "loss": 0.14827629344542617,
            "acc": 0.94652
        },
        "99": {
            "loss": 0.14104599423725586,
            "acc": 0.9495
        },
        "100": {
            "loss": 0.0927277933663267,
            "acc": 0.96936
        },
        "101": {
            "loss": 0.07391368467694201,
            "acc": 0.9764
        },
        "102": {
            "loss": 0.06599391616709396,
            "acc": 0.97972
        },
        "103": {
            "loss": 0.0619366097590312,
            "acc": 0.9808
        },
        "104": {
            "loss": 0.05882635780745912,
            "acc": 0.98126
        },
        "105": {
            "loss": 0.054743120070461115,
            "acc": 0.98286
        },
        "106": {
            "loss": 0.052958524743061695,
            "acc": 0.98288
        },
        "107": {
            "loss": 0.0508728330773885,
            "acc": 0.98418
        },
        "108": {
            "loss": 0.050292961035028595,
            "acc": 0.9842
        },
        "109": {
            "loss": 0.048266701859986536,
            "acc": 0.9852
        },
        "110": {
            "loss": 0.04675086639116487,
            "acc": 0.9848
        },
        "111": {
            "loss": 0.04557071103835884,
            "acc": 0.9856
        },
        "112": {
            "loss": 0.04564028899745106,
            "acc": 0.98564
        },
        "113": {
            "loss": 0.042606186257470445,
            "acc": 0.98672
        },
        "114": {
            "loss": 0.04123603598312344,
            "acc": 0.9872
        },
        "115": {
            "loss": 0.04095107035192154,
            "acc": 0.98732
        },
        "116": {
            "loss": 0.04024941685711941,
            "acc": 0.98762
        },
        "117": {
            "loss": 0.03930856939881583,
            "acc": 0.98768
        },
        "118": {
            "loss": 0.03839112677470879,
            "acc": 0.9878
        },
        "119": {
            "loss": 0.03599099247285244,
            "acc": 0.9893
        },
        "120": {
            "loss": 0.036080560804156545,
            "acc": 0.98902
        },
        "121": {
            "loss": 0.036487045574009114,
            "acc": 0.98832
        },
        "122": {
            "loss": 0.03446033617834111,
            "acc": 0.98978
        },
        "123": {
            "loss": 0.03620320508885376,
            "acc": 0.98842
        },
        "124": {
            "loss": 0.033396315409580386,
            "acc": 0.98982
        },
        "125": {
            "loss": 0.03310939490013873,
            "acc": 0.98964
        },
        "126": {
            "loss": 0.033624171589017676,
            "acc": 0.99002
        },
        "127": {
            "loss": 0.0326046480873452,
            "acc": 0.98996
        },
        "128": {
            "loss": 0.032190943715612756,
            "acc": 0.9903
        },
        "129": {
            "loss": 0.03137296635081129,
            "acc": 0.9909
        },
        "130": {
            "loss": 0.030082598371464576,
            "acc": 0.99126
        },
        "131": {
            "loss": 0.03091424945241693,
            "acc": 0.99086
        },
        "132": {
            "loss": 0.0314358377333759,
            "acc": 0.99006
        },
        "133": {
            "loss": 0.030107935679757305,
            "acc": 0.991
        },
        "134": {
            "loss": 0.030765983099808627,
            "acc": 0.99066
        },
        "135": {
            "loss": 0.028367512316331077,
            "acc": 0.992
        },
        "136": {
            "loss": 0.030421835073815358,
            "acc": 0.9905
        },
        "137": {
            "loss": 0.029083786166661307,
            "acc": 0.99154
        },
        "138": {
            "loss": 0.0290458784879321,
            "acc": 0.99134
        },
        "139": {
            "loss": 0.028060381612776186,
            "acc": 0.99156
        },
        "140": {
            "loss": 0.02766772233488043,
            "acc": 0.99218
        },
        "141": {
            "loss": 0.027135478180197195,
            "acc": 0.99216
        },
        "142": {
            "loss": 0.026716773969876338,
            "acc": 0.99216
        },
        "143": {
            "loss": 0.028493574918116753,
            "acc": 0.9915
        },
        "144": {
            "loss": 0.026091044999139806,
            "acc": 0.99222
        },
        "145": {
            "loss": 0.026014856828610076,
            "acc": 0.99228
        },
        "146": {
            "loss": 0.026413160148779372,
            "acc": 0.99266
        },
        "147": {
            "loss": 0.025556534319720648,
            "acc": 0.99266
        },
        "148": {
            "loss": 0.02617000670724875,
            "acc": 0.99194
        },
        "149": {
            "loss": 0.027022172648059513,
            "acc": 0.9917
        },
        "150": {
            "loss": 0.022745367552837372,
            "acc": 0.99322
        },
        "151": {
            "loss": 0.021818281191251124,
            "acc": 0.99372
        },
        "152": {
            "loss": 0.02119340109186309,
            "acc": 0.99396
        },
        "153": {
            "loss": 0.021029602727302543,
            "acc": 0.99442
        },
        "154": {
            "loss": 0.020962762683891998,
            "acc": 0.9943
        },
        "155": {
            "loss": 0.021056862468200037,
            "acc": 0.99412
        },
        "156": {
            "loss": 0.02005190885497157,
            "acc": 0.99494
        },
        "157": {
            "loss": 0.019936046148638437,
            "acc": 0.9945
        },
        "158": {
            "loss": 0.020154685933080972,
            "acc": 0.99462
        },
        "159": {
            "loss": 0.019794733382051673,
            "acc": 0.99484
        },
        "160": {
            "loss": 0.019252456538260097,
            "acc": 0.99492
        },
        "161": {
            "loss": 0.0190656416944664,
            "acc": 0.99482
        },
        "162": {
            "loss": 0.019236097893560938,
            "acc": 0.99504
        },
        "163": {
            "loss": 0.01952520574685996,
            "acc": 0.995
        },
        "164": {
            "loss": 0.019502809794638736,
            "acc": 0.99496
        },
        "165": {
            "loss": 0.018053603186474546,
            "acc": 0.99538
        },
        "166": {
            "loss": 0.018312690009617858,
            "acc": 0.99546
        },
        "167": {
            "loss": 0.01877247224516614,
            "acc": 0.99536
        },
        "168": {
            "loss": 0.01853002921816276,
            "acc": 0.9952
        },
        "169": {
            "loss": 0.018397608204432727,
            "acc": 0.9952
        },
        "170": {
            "loss": 0.019702306807474673,
            "acc": 0.99472
        },
        "171": {
            "loss": 0.01844410794903822,
            "acc": 0.99534
        },
        "172": {
            "loss": 0.017601689107030097,
            "acc": 0.99524
        },
        "173": {
            "loss": 0.017465450646727325,
            "acc": 0.99548
        },
        "174": {
            "loss": 0.018175223862509363,
            "acc": 0.99544
        },
        "175": {
            "loss": 0.018672399499746577,
            "acc": 0.9953
        },
        "176": {
            "loss": 0.017695967247352347,
            "acc": 0.99514
        },
        "177": {
            "loss": 0.019239750734227887,
            "acc": 0.99472
        },
        "178": {
            "loss": 0.019236353644029335,
            "acc": 0.99448
        },
        "179": {
            "loss": 0.018137362894609266,
            "acc": 0.995
        },
        "180": {
            "loss": 0.018267542181555612,
            "acc": 0.99498
        },
        "181": {
            "loss": 0.017825981596713444,
            "acc": 0.9955
        },
        "182": {
            "loss": 0.017774862515361374,
            "acc": 0.99572
        },
        "183": {
            "loss": 0.018154384138400825,
            "acc": 0.99504
        },
        "184": {
            "loss": 0.01714984201075857,
            "acc": 0.99562
        },
        "185": {
            "loss": 0.017030550352752666,
            "acc": 0.99566
        },
        "186": {
            "loss": 0.017292985590198613,
            "acc": 0.99582
        },
        "187": {
            "loss": 0.01758330270571782,
            "acc": 0.99568
        },
        "188": {
            "loss": 0.019072717429636538,
            "acc": 0.99494
        },
        "189": {
            "loss": 0.017003448532960947,
            "acc": 0.99596
        },
        "190": {
            "loss": 0.017832195270172966,
            "acc": 0.9954
        },
        "191": {
            "loss": 0.016804246075303696,
            "acc": 0.99596
        },
        "192": {
            "loss": 0.01747978740857671,
            "acc": 0.9956
        },
        "193": {
            "loss": 0.017334906389112666,
            "acc": 0.99582
        },
        "194": {
            "loss": 0.01738643073572127,
            "acc": 0.99562
        },
        "195": {
            "loss": 0.01682379394900673,
            "acc": 0.99566
        },
        "196": {
            "loss": 0.01665443242610911,
            "acc": 0.99602
        },
        "197": {
            "loss": 0.018280354630954735,
            "acc": 0.99554
        },
        "198": {
            "loss": 0.017497902927810654,
            "acc": 0.99542
        },
        "199": {
            "loss": 0.017562609189725898,
            "acc": 0.9954
        },
        "200": {
            "loss": 0.017242568300898802,
            "acc": 0.99604
        },
        "201": {
            "loss": 0.017655117227636335,
            "acc": 0.99532
        },
        "202": {
            "loss": 0.01661138277074508,
            "acc": 0.9961
        },
        "203": {
            "loss": 0.01768926440564263,
            "acc": 0.99566
        },
        "204": {
            "loss": 0.0170548586002158,
            "acc": 0.99578
        },
        "205": {
            "loss": 0.017117385427965343,
            "acc": 0.9958
        },
        "206": {
            "loss": 0.017003540901819724,
            "acc": 0.9956
        },
        "207": {
            "loss": 0.01630692931947291,
            "acc": 0.99598
        },
        "208": {
            "loss": 0.017686640509092213,
            "acc": 0.99506
        },
        "209": {
            "loss": 0.01769666031391248,
            "acc": 0.99554
        },
        "210": {
            "loss": 0.017343217353967717,
            "acc": 0.99572
        },
        "211": {
            "loss": 0.016597068702142274,
            "acc": 0.9956
        },
        "212": {
            "loss": 0.017299536884764728,
            "acc": 0.99562
        },
        "213": {
            "loss": 0.016876127575631335,
            "acc": 0.99564
        },
        "214": {
            "loss": 0.01673300877449286,
            "acc": 0.996
        },
        "215": {
            "loss": 0.01685422946951445,
            "acc": 0.99584
        },
        "216": {
            "loss": 0.016987699847978058,
            "acc": 0.996
        },
        "217": {
            "loss": 0.01662676109839469,
            "acc": 0.99612
        },
        "218": {
            "loss": 0.016733539616450896,
            "acc": 0.99586
        },
        "219": {
            "loss": 0.017291103514111446,
            "acc": 0.99554
        },
        "220": {
            "loss": 0.01764346952038005,
            "acc": 0.99518
        },
        "221": {
            "loss": 0.01686633051143211,
            "acc": 0.99592
        },
        "222": {
            "loss": 0.01576127884480769,
            "acc": 0.99616
        },
        "223": {
            "loss": 0.0171247081845389,
            "acc": 0.99552
        },
        "224": {
            "loss": 0.017133418175265612,
            "acc": 0.99566
        },
        "225": {
            "loss": 0.016923434328516503,
            "acc": 0.9957
        },
        "226": {
            "loss": 0.017245026525643553,
            "acc": 0.99554
        },
        "227": {
            "loss": 0.016634177334387514,
            "acc": 0.99612
        },
        "228": {
            "loss": 0.01619302801956968,
            "acc": 0.99584
        },
        "229": {
            "loss": 0.016684492153789646,
            "acc": 0.99586
        },
        "230": {
            "loss": 0.016759815175667443,
            "acc": 0.99562
        },
        "231": {
            "loss": 0.016434537980448253,
            "acc": 0.99602
        },
        "232": {
            "loss": 0.016404888014454406,
            "acc": 0.9963
        },
        "233": {
            "loss": 0.01783968543197931,
            "acc": 0.99518
        },
        "234": {
            "loss": 0.01717986341665887,
            "acc": 0.99548
        },
        "235": {
            "loss": 0.01669903912240892,
            "acc": 0.99606
        },
        "236": {
            "loss": 0.01637610413915361,
            "acc": 0.996
        },
        "237": {
            "loss": 0.016667411007615915,
            "acc": 0.99606
        },
        "238": {
            "loss": 0.016522952487342098,
            "acc": 0.9962
        },
        "239": {
            "loss": 0.01669747571078608,
            "acc": 0.99572
        },
        "240": {
            "loss": 0.017822485653531103,
            "acc": 0.99572
        },
        "241": {
            "loss": 0.016357043496621274,
            "acc": 0.99612
        },
        "242": {
            "loss": 0.01707611666650504,
            "acc": 0.99576
        },
        "243": {
            "loss": 0.016141880337563357,
            "acc": 0.99618
        },
        "244": {
            "loss": 0.016600951653621767,
            "acc": 0.9957
        },
        "245": {
            "loss": 0.017139904586898395,
            "acc": 0.99568
        },
        "246": {
            "loss": 0.016762943041589484,
            "acc": 0.99576
        },
        "247": {
            "loss": 0.01684846969135582,
            "acc": 0.99574
        },
        "248": {
            "loss": 0.0166190677683305,
            "acc": 0.99582
        },
        "249": {
            "loss": 0.016750749297644894,
            "acc": 0.99582
        }
    },
    "test": {
        "0": {
            "loss": 1.3046162819862366,
            "acc": 0.5341
        },
        "1": {
            "loss": 1.1856051015853881,
            "acc": 0.5822
        },
        "3": {
            "loss": 0.8300859534740448,
            "acc": 0.7133
        },
        "5": {
            "loss": 0.7074712336063385,
            "acc": 0.7673
        },
        "7": {
            "loss": 0.6489025431871415,
            "acc": 0.7786
        },
        "9": {
            "loss": 0.6553802675008774,
            "acc": 0.7817
        },
        "11": {
            "loss": 0.5516276121139526,
            "acc": 0.8144
        },
        "13": {
            "loss": 0.5484398591518402,
            "acc": 0.8155
        },
        "15": {
            "loss": 0.6379793208837509,
            "acc": 0.7997
        },
        "17": {
            "loss": 0.5040114468336105,
            "acc": 0.8322
        },
        "19": {
            "loss": 0.48039794981479644,
            "acc": 0.8435
        },
        "21": {
            "loss": 0.5180286967754364,
            "acc": 0.8337
        },
        "23": {
            "loss": 0.43951216340065,
            "acc": 0.8544
        },
        "25": {
            "loss": 0.4601021230220795,
            "acc": 0.8508
        },
        "27": {
            "loss": 0.4837049210071564,
            "acc": 0.8432
        },
        "29": {
            "loss": 0.4088622945547104,
            "acc": 0.8654
        },
        "31": {
            "loss": 0.40973663866519927,
            "acc": 0.8673
        },
        "33": {
            "loss": 0.4529449474811554,
            "acc": 0.8607
        },
        "35": {
            "loss": 0.4138794827461243,
            "acc": 0.8673
        },
        "37": {
            "loss": 0.41550239562988284,
            "acc": 0.8663
        },
        "39": {
            "loss": 0.42289741337299347,
            "acc": 0.8679
        },
        "41": {
            "loss": 0.42697989493608474,
            "acc": 0.8666
        },
        "43": {
            "loss": 0.4452531209588051,
            "acc": 0.8675
        },
        "45": {
            "loss": 0.43543356120586396,
            "acc": 0.8676
        },
        "47": {
            "loss": 0.4426165798306465,
            "acc": 0.8626
        },
        "49": {
            "loss": 0.43377858012914655,
            "acc": 0.8613
        },
        "51": {
            "loss": 0.42720025092363356,
            "acc": 0.8711
        },
        "53": {
            "loss": 0.4156490835547447,
            "acc": 0.8732
        },
        "55": {
            "loss": 0.440858713388443,
            "acc": 0.8705
        },
        "57": {
            "loss": 0.4345640295743942,
            "acc": 0.8692
        },
        "59": {
            "loss": 0.4846958559751511,
            "acc": 0.8551
        },
        "61": {
            "loss": 0.40360344588756564,
            "acc": 0.8768
        },
        "63": {
            "loss": 0.4406030821800232,
            "acc": 0.8738
        },
        "65": {
            "loss": 0.45982513427734373,
            "acc": 0.8645
        },
        "67": {
            "loss": 0.41489831924438475,
            "acc": 0.8768
        },
        "69": {
            "loss": 0.4344425156712532,
            "acc": 0.8773
        },
        "71": {
            "loss": 0.476281498670578,
            "acc": 0.8628
        },
        "73": {
            "loss": 0.4554050025343895,
            "acc": 0.8683
        },
        "75": {
            "loss": 0.4376186054944992,
            "acc": 0.8769
        },
        "77": {
            "loss": 0.4066531214118004,
            "acc": 0.8771
        },
        "79": {
            "loss": 0.45261183559894563,
            "acc": 0.8692
        },
        "81": {
            "loss": 0.4950473749637604,
            "acc": 0.8598
        },
        "83": {
            "loss": 0.4060998472571373,
            "acc": 0.8837
        },
        "85": {
            "loss": 0.447123239338398,
            "acc": 0.869
        },
        "87": {
            "loss": 0.4392285245656967,
            "acc": 0.8748
        },
        "89": {
            "loss": 0.4474881163239479,
            "acc": 0.8749
        },
        "91": {
            "loss": 0.4070463532209396,
            "acc": 0.8813
        },
        "93": {
            "loss": 0.4434696716070175,
            "acc": 0.8781
        },
        "95": {
            "loss": 0.44117614507675174,
            "acc": 0.8727
        },
        "97": {
            "loss": 0.4143033829331398,
            "acc": 0.8835
        },
        "99": {
            "loss": 0.5039934247732163,
            "acc": 0.8658
        },
        "101": {
            "loss": 0.3443740126490593,
            "acc": 0.9049
        },
        "103": {
            "loss": 0.3546356076002121,
            "acc": 0.9033
        },
        "105": {
            "loss": 0.3565969994664192,
            "acc": 0.904
        },
        "107": {
            "loss": 0.3600294542312622,
            "acc": 0.9047
        },
        "109": {
            "loss": 0.3645431536436081,
            "acc": 0.9047
        },
        "111": {
            "loss": 0.37549312293529513,
            "acc": 0.9045
        },
        "113": {
            "loss": 0.37920023411512377,
            "acc": 0.9043
        },
        "115": {
            "loss": 0.38320554435253146,
            "acc": 0.9058
        },
        "117": {
            "loss": 0.38896890938282014,
            "acc": 0.9026
        },
        "119": {
            "loss": 0.39283376216888427,
            "acc": 0.9039
        },
        "121": {
            "loss": 0.40471888840198517,
            "acc": 0.8991
        },
        "123": {
            "loss": 0.3996534851193428,
            "acc": 0.9043
        },
        "125": {
            "loss": 0.40266369462013246,
            "acc": 0.9028
        },
        "127": {
            "loss": 0.40776281177997586,
            "acc": 0.9011
        },
        "129": {
            "loss": 0.40767717123031616,
            "acc": 0.9036
        },
        "131": {
            "loss": 0.41642152160406115,
            "acc": 0.9021
        },
        "133": {
            "loss": 0.41197702527046204,
            "acc": 0.9023
        },
        "135": {
            "loss": 0.42061152428388593,
            "acc": 0.9011
        },
        "137": {
            "loss": 0.41961719840765,
            "acc": 0.9004
        },
        "139": {
            "loss": 0.42593709886074066,
            "acc": 0.9032
        },
        "141": {
            "loss": 0.42955497980117796,
            "acc": 0.8997
        },
        "143": {
            "loss": 0.4285727000236511,
            "acc": 0.9028
        },
        "145": {
            "loss": 0.43009410113096236,
            "acc": 0.9014
        },
        "147": {
            "loss": 0.429733529984951,
            "acc": 0.9014
        },
        "149": {
            "loss": 0.44586489140987395,
            "acc": 0.9019
        },
        "151": {
            "loss": 0.43634825736284255,
            "acc": 0.9032
        },
        "153": {
            "loss": 0.4327186182141304,
            "acc": 0.9021
        },
        "155": {
            "loss": 0.43510962069034576,
            "acc": 0.9018
        },
        "157": {
            "loss": 0.43821114510297776,
            "acc": 0.9021
        },
        "159": {
            "loss": 0.4374851453304291,
            "acc": 0.9018
        },
        "161": {
            "loss": 0.4367113509774208,
            "acc": 0.9027
        },
        "163": {
            "loss": 0.4332231318950653,
            "acc": 0.9026
        },
        "165": {
            "loss": 0.43587095886468885,
            "acc": 0.9013
        },
        "167": {
            "loss": 0.4352635243535042,
            "acc": 0.9019
        },
        "169": {
            "loss": 0.4352306807041168,
            "acc": 0.9029
        },
        "171": {
            "loss": 0.43441409558057786,
            "acc": 0.9026
        },
        "173": {
            "loss": 0.4360401520133019,
            "acc": 0.9031
        },
        "175": {
            "loss": 0.4369629853963852,
            "acc": 0.9031
        },
        "177": {
            "loss": 0.4338210627436638,
            "acc": 0.9035
        },
        "179": {
            "loss": 0.431132692694664,
            "acc": 0.903
        },
        "181": {
            "loss": 0.43772497594356535,
            "acc": 0.9019
        },
        "183": {
            "loss": 0.433616569340229,
            "acc": 0.9022
        },
        "185": {
            "loss": 0.4398410454392433,
            "acc": 0.9022
        },
        "187": {
            "loss": 0.4395029067993164,
            "acc": 0.9014
        },
        "189": {
            "loss": 0.4456998983025551,
            "acc": 0.9012
        },
        "191": {
            "loss": 0.4370724421739578,
            "acc": 0.9024
        },
        "193": {
            "loss": 0.4366154372692108,
            "acc": 0.901
        },
        "195": {
            "loss": 0.43767835170030595,
            "acc": 0.9039
        },
        "197": {
            "loss": 0.4423522645235062,
            "acc": 0.9027
        },
        "199": {
            "loss": 0.43998211443424223,
            "acc": 0.9023
        },
        "201": {
            "loss": 0.43727108687162397,
            "acc": 0.9028
        },
        "203": {
            "loss": 0.4385438099503517,
            "acc": 0.903
        },
        "205": {
            "loss": 0.43743413746356963,
            "acc": 0.9028
        },
        "207": {
            "loss": 0.43906935840845107,
            "acc": 0.9021
        },
        "209": {
            "loss": 0.4352368849515915,
            "acc": 0.9025
        },
        "211": {
            "loss": 0.43857843220233916,
            "acc": 0.9022
        },
        "213": {
            "loss": 0.43757197439670564,
            "acc": 0.9037
        },
        "215": {
            "loss": 0.4379569759964943,
            "acc": 0.9021
        },
        "217": {
            "loss": 0.4390011954307556,
            "acc": 0.9014
        },
        "219": {
            "loss": 0.43754266887903215,
            "acc": 0.9026
        },
        "221": {
            "loss": 0.4391512531042099,
            "acc": 0.9029
        },
        "223": {
            "loss": 0.4340868392586708,
            "acc": 0.9028
        },
        "225": {
            "loss": 0.44236661195755006,
            "acc": 0.9009
        },
        "227": {
            "loss": 0.4424089965224266,
            "acc": 0.9017
        },
        "229": {
            "loss": 0.4373022750020027,
            "acc": 0.9024
        },
        "231": {
            "loss": 0.4396986111998558,
            "acc": 0.9019
        },
        "233": {
            "loss": 0.4380925980210304,
            "acc": 0.9008
        },
        "235": {
            "loss": 0.44069139152765274,
            "acc": 0.902
        },
        "237": {
            "loss": 0.4369551822543144,
            "acc": 0.9027
        },
        "239": {
            "loss": 0.43943446815013887,
            "acc": 0.9026
        },
        "241": {
            "loss": 0.4389324316382408,
            "acc": 0.9028
        },
        "243": {
            "loss": 0.439712800681591,
            "acc": 0.9016
        },
        "245": {
            "loss": 0.44200295716524124,
            "acc": 0.9025
        },
        "247": {
            "loss": 0.438247888982296,
            "acc": 0.9008
        },
        "249": {
            "loss": 0.44192251354455947,
            "acc": 0.9019
        }
    },
    "best": {
        "best_epoch": 115,
        "best_acc": 90.58
    }
}