{
    "train": {
        "0": {
            "loss": 1.2993298004502836,
            "acc": 0.52644
        },
        "1": {
            "loss": 0.8719018082637007,
            "acc": 0.6908
        },
        "2": {
            "loss": 0.6898149278234033,
            "acc": 0.7608
        },
        "3": {
            "loss": 0.5803899791310815,
            "acc": 0.8015
        },
        "4": {
            "loss": 0.510442633782049,
            "acc": 0.82442
        },
        "5": {
            "loss": 0.46435851493226293,
            "acc": 0.84064
        },
        "6": {
            "loss": 0.4232070604553613,
            "acc": 0.85516
        },
        "7": {
            "loss": 0.3956311700098655,
            "acc": 0.86328
        },
        "8": {
            "loss": 0.37436228342678235,
            "acc": 0.86994
        },
        "9": {
            "loss": 0.34721205858966275,
            "acc": 0.87934
        },
        "10": {
            "loss": 0.3330911752646384,
            "acc": 0.88582
        },
        "11": {
            "loss": 0.31664203656146594,
            "acc": 0.88978
        },
        "12": {
            "loss": 0.2979243536910895,
            "acc": 0.8976
        },
        "13": {
            "loss": 0.2940234709769259,
            "acc": 0.8972
        },
        "14": {
            "loss": 0.2766505749348332,
            "acc": 0.90306
        },
        "15": {
            "loss": 0.2703817877775568,
            "acc": 0.9061
        },
        "16": {
            "loss": 0.26298375920299677,
            "acc": 0.9087
        },
        "17": {
            "loss": 0.25241318803347285,
            "acc": 0.91212
        },
        "18": {
            "loss": 0.2454133390370385,
            "acc": 0.91522
        },
        "19": {
            "loss": 0.23660013939985228,
            "acc": 0.91874
        },
        "20": {
            "loss": 0.2304323388315985,
            "acc": 0.92086
        },
        "21": {
            "loss": 0.2241493550407917,
            "acc": 0.9203
        },
        "22": {
            "loss": 0.2190711767034,
            "acc": 0.92326
        },
        "23": {
            "loss": 0.21812651523619966,
            "acc": 0.92536
        },
        "24": {
            "loss": 0.2093418083627663,
            "acc": 0.92632
        },
        "25": {
            "loss": 0.2021430415789718,
            "acc": 0.92864
        },
        "26": {
            "loss": 0.20188863644057223,
            "acc": 0.93014
        },
        "27": {
            "loss": 0.1970342919182823,
            "acc": 0.9307
        },
        "28": {
            "loss": 0.19557943385656532,
            "acc": 0.93256
        },
        "29": {
            "loss": 0.19158567930750378,
            "acc": 0.9326
        },
        "30": {
            "loss": 0.1917009466253888,
            "acc": 0.93216
        },
        "31": {
            "loss": 0.18434996178130741,
            "acc": 0.93554
        },
        "32": {
            "loss": 0.18196516040036137,
            "acc": 0.93588
        },
        "33": {
            "loss": 0.17980149099865303,
            "acc": 0.93756
        },
        "34": {
            "loss": 0.17375354285892622,
            "acc": 0.93916
        },
        "35": {
            "loss": 0.17421137665391273,
            "acc": 0.93866
        },
        "36": {
            "loss": 0.17170356993165697,
            "acc": 0.9401
        },
        "37": {
            "loss": 0.16945251096230562,
            "acc": 0.94054
        },
        "38": {
            "loss": 0.1656784959913939,
            "acc": 0.94236
        },
        "39": {
            "loss": 0.1642809012533187,
            "acc": 0.94342
        },
        "40": {
            "loss": 0.16746450046225048,
            "acc": 0.94116
        },
        "41": {
            "loss": 0.16074374427690225,
            "acc": 0.94334
        },
        "42": {
            "loss": 0.1596166946141578,
            "acc": 0.94444
        },
        "43": {
            "loss": 0.15675035395118816,
            "acc": 0.94528
        },
        "44": {
            "loss": 0.15042576489641385,
            "acc": 0.94766
        },
        "45": {
            "loss": 0.15965532353552786,
            "acc": 0.94364
        },
        "46": {
            "loss": 0.15264659668878675,
            "acc": 0.94668
        },
        "47": {
            "loss": 0.14491787015715296,
            "acc": 0.94952
        },
        "48": {
            "loss": 0.15033967333519474,
            "acc": 0.94668
        },
        "49": {
            "loss": 0.1459132533549043,
            "acc": 0.94924
        },
        "50": {
            "loss": 0.15058037916631878,
            "acc": 0.94684
        },
        "51": {
            "loss": 0.14542954980545794,
            "acc": 0.94818
        },
        "52": {
            "loss": 0.14532145620454723,
            "acc": 0.94872
        },
        "53": {
            "loss": 0.14250758939120164,
            "acc": 0.95028
        },
        "54": {
            "loss": 0.14302386120295205,
            "acc": 0.95098
        },
        "55": {
            "loss": 0.13859989030567735,
            "acc": 0.95116
        },
        "56": {
            "loss": 0.13934840404850138,
            "acc": 0.951
        },
        "57": {
            "loss": 0.13870289125253477,
            "acc": 0.94996
        },
        "58": {
            "loss": 0.1393405828944138,
            "acc": 0.95066
        },
        "59": {
            "loss": 0.13902679810781612,
            "acc": 0.95112
        },
        "60": {
            "loss": 0.13382430916742596,
            "acc": 0.9526
        },
        "61": {
            "loss": 0.13356664313046296,
            "acc": 0.95286
        },
        "62": {
            "loss": 0.13544847077363745,
            "acc": 0.95222
        },
        "63": {
            "loss": 0.1321579480800978,
            "acc": 0.9534
        },
        "64": {
            "loss": 0.13143914672391266,
            "acc": 0.95356
        },
        "65": {
            "loss": 0.1283272996097041,
            "acc": 0.95512
        },
        "66": {
            "loss": 0.13287345549125043,
            "acc": 0.9538
        },
        "67": {
            "loss": 0.13077931113117147,
            "acc": 0.9548
        },
        "68": {
            "loss": 0.12611170320669213,
            "acc": 0.95576
        },
        "69": {
            "loss": 0.12654716679183267,
            "acc": 0.95522
        },
        "70": {
            "loss": 0.12654511573965022,
            "acc": 0.95498
        },
        "71": {
            "loss": 0.12964934789244553,
            "acc": 0.95466
        },
        "72": {
            "loss": 0.12780409199578682,
            "acc": 0.95532
        },
        "73": {
            "loss": 0.12678802689737487,
            "acc": 0.95526
        },
        "74": {
            "loss": 0.12261644772270604,
            "acc": 0.95626
        },
        "75": {
            "loss": 0.12561054462019136,
            "acc": 0.95524
        },
        "76": {
            "loss": 0.12557656541609627,
            "acc": 0.95614
        },
        "77": {
            "loss": 0.12218386188263783,
            "acc": 0.95688
        },
        "78": {
            "loss": 0.12449986733677214,
            "acc": 0.95548
        },
        "79": {
            "loss": 0.12093357844016207,
            "acc": 0.95644
        },
        "80": {
            "loss": 0.11984067419758233,
            "acc": 0.95718
        },
        "81": {
            "loss": 0.12499995714010638,
            "acc": 0.95554
        },
        "82": {
            "loss": 0.11841042482239358,
            "acc": 0.9583
        },
        "83": {
            "loss": 0.11903001265385953,
            "acc": 0.95802
        },
        "84": {
            "loss": 0.11869550569464102,
            "acc": 0.95774
        },
        "85": {
            "loss": 0.12025060894591805,
            "acc": 0.95878
        },
        "86": {
            "loss": 0.11827305134247675,
            "acc": 0.95932
        },
        "87": {
            "loss": 0.11598015107962367,
            "acc": 0.96018
        },
        "88": {
            "loss": 0.1210231693018504,
            "acc": 0.9575
        },
        "89": {
            "loss": 0.11525432291605017,
            "acc": 0.9592
        },
        "90": {
            "loss": 0.1159185967801134,
            "acc": 0.95898
        },
        "91": {
            "loss": 0.11869434860137189,
            "acc": 0.95788
        },
        "92": {
            "loss": 0.11445784616424605,
            "acc": 0.95998
        },
        "93": {
            "loss": 0.11745044773044375,
            "acc": 0.95788
        },
        "94": {
            "loss": 0.11419863823105765,
            "acc": 0.9605
        },
        "95": {
            "loss": 0.11415401453276158,
            "acc": 0.9596
        },
        "96": {
            "loss": 0.11420321117734056,
            "acc": 0.95902
        },
        "97": {
            "loss": 0.11287943413242926,
            "acc": 0.9606
        },
        "98": {
            "loss": 0.11296114537988783,
            "acc": 0.96006
        },
        "99": {
            "loss": 0.11071876501497786,
            "acc": 0.96086
        },
        "100": {
            "loss": 0.11132797935341611,
            "acc": 0.9599
        },
        "101": {
            "loss": 0.11176756823130543,
            "acc": 0.96012
        },
        "102": {
            "loss": 0.11007794205104109,
            "acc": 0.9616
        },
        "103": {
            "loss": 0.11536590913620294,
            "acc": 0.95886
        },
        "104": {
            "loss": 0.10852884756439292,
            "acc": 0.96102
        },
        "105": {
            "loss": 0.11064386688282385,
            "acc": 0.96036
        },
        "106": {
            "loss": 0.11394745058587293,
            "acc": 0.95934
        },
        "107": {
            "loss": 0.1085488941934903,
            "acc": 0.9623
        },
        "108": {
            "loss": 0.11164003420297218,
            "acc": 0.96036
        },
        "109": {
            "loss": 0.11141602815750538,
            "acc": 0.96068
        },
        "110": {
            "loss": 0.10585245489835968,
            "acc": 0.96312
        },
        "111": {
            "loss": 0.11056142082066296,
            "acc": 0.96072
        },
        "112": {
            "loss": 0.10190068640331726,
            "acc": 0.9645
        },
        "113": {
            "loss": 0.10986450156601875,
            "acc": 0.96166
        },
        "114": {
            "loss": 0.10934633870020775,
            "acc": 0.96072
        },
        "115": {
            "loss": 0.11122429409466894,
            "acc": 0.96146
        },
        "116": {
            "loss": 0.10848450590320446,
            "acc": 0.96158
        },
        "117": {
            "loss": 0.1020887706338254,
            "acc": 0.9647
        },
        "118": {
            "loss": 0.10781528531333141,
            "acc": 0.96254
        },
        "119": {
            "loss": 0.10892765766219295,
            "acc": 0.9612
        },
        "120": {
            "loss": 0.1027432105842206,
            "acc": 0.96378
        },
        "121": {
            "loss": 0.103785763681054,
            "acc": 0.96286
        },
        "122": {
            "loss": 0.11009643173388317,
            "acc": 0.9611
        },
        "123": {
            "loss": 0.10341501315219609,
            "acc": 0.96388
        },
        "124": {
            "loss": 0.10273150143587528,
            "acc": 0.96376
        },
        "125": {
            "loss": 0.10683456708288863,
            "acc": 0.96258
        },
        "126": {
            "loss": 0.10492987064120676,
            "acc": 0.96354
        },
        "127": {
            "loss": 0.10389970579063115,
            "acc": 0.96334
        },
        "128": {
            "loss": 0.10186439743884804,
            "acc": 0.96388
        },
        "129": {
            "loss": 0.10465391897632147,
            "acc": 0.96304
        },
        "130": {
            "loss": 0.10376424791262773,
            "acc": 0.9631
        },
        "131": {
            "loss": 0.10300012722568554,
            "acc": 0.96366
        },
        "132": {
            "loss": 0.10114129617586351,
            "acc": 0.96458
        },
        "133": {
            "loss": 0.10053164474046825,
            "acc": 0.96524
        },
        "134": {
            "loss": 0.10274068148011137,
            "acc": 0.96388
        },
        "135": {
            "loss": 0.10209185768709615,
            "acc": 0.96364
        },
        "136": {
            "loss": 0.10311469315405926,
            "acc": 0.96278
        },
        "137": {
            "loss": 0.10063494533024099,
            "acc": 0.9643
        },
        "138": {
            "loss": 0.1063064305180841,
            "acc": 0.9628
        },
        "139": {
            "loss": 0.10100267231559662,
            "acc": 0.9647
        },
        "140": {
            "loss": 0.10109454925979494,
            "acc": 0.96472
        },
        "141": {
            "loss": 0.10024056753353275,
            "acc": 0.9647
        },
        "142": {
            "loss": 0.10285861379659884,
            "acc": 0.96436
        },
        "143": {
            "loss": 0.1002408547667534,
            "acc": 0.96564
        },
        "144": {
            "loss": 0.10265264227090741,
            "acc": 0.96374
        },
        "145": {
            "loss": 0.09948639028355517,
            "acc": 0.9641
        },
        "146": {
            "loss": 0.10019930086605956,
            "acc": 0.96474
        },
        "147": {
            "loss": 0.09842905475307837,
            "acc": 0.96542
        },
        "148": {
            "loss": 0.10351216647288074,
            "acc": 0.96446
        },
        "149": {
            "loss": 0.09721156668580135,
            "acc": 0.9662
        },
        "150": {
            "loss": 0.05354954183513723,
            "acc": 0.9826
        },
        "151": {
            "loss": 0.035206767659851104,
            "acc": 0.98992
        },
        "152": {
            "loss": 0.02916324036696073,
            "acc": 0.99202
        },
        "153": {
            "loss": 0.026758459788780477,
            "acc": 0.99282
        },
        "154": {
            "loss": 0.024367458954610673,
            "acc": 0.99348
        },
        "155": {
            "loss": 0.02097630698848373,
            "acc": 0.99438
        },
        "156": {
            "loss": 0.02055378556397417,
            "acc": 0.9947
        },
        "157": {
            "loss": 0.01926738080417361,
            "acc": 0.99502
        },
        "158": {
            "loss": 0.01671090802778323,
            "acc": 0.99578
        },
        "159": {
            "loss": 0.016485066091030825,
            "acc": 0.9955
        },
        "160": {
            "loss": 0.014754179599019044,
            "acc": 0.99654
        },
        "161": {
            "loss": 0.01520118334978495,
            "acc": 0.99608
        },
        "162": {
            "loss": 0.013745886657949444,
            "acc": 0.9968
        },
        "163": {
            "loss": 0.013807196866722701,
            "acc": 0.99654
        },
        "164": {
            "loss": 0.013808348844491202,
            "acc": 0.99642
        },
        "165": {
            "loss": 0.013072525921469444,
            "acc": 0.99656
        },
        "166": {
            "loss": 0.013179143862267349,
            "acc": 0.99646
        },
        "167": {
            "loss": 0.011623242069692279,
            "acc": 0.99708
        },
        "168": {
            "loss": 0.012247118989632124,
            "acc": 0.99694
        },
        "169": {
            "loss": 0.011402990621634607,
            "acc": 0.99748
        },
        "170": {
            "loss": 0.011754505033709008,
            "acc": 0.99704
        },
        "171": {
            "loss": 0.010586690408570092,
            "acc": 0.99746
        },
        "172": {
            "loss": 0.010052287224893068,
            "acc": 0.99746
        },
        "173": {
            "loss": 0.010239980659400568,
            "acc": 0.99766
        },
        "174": {
            "loss": 0.009633088367618978,
            "acc": 0.9979
        },
        "175": {
            "loss": 0.00987527189742657,
            "acc": 0.99754
        },
        "176": {
            "loss": 0.009454070642763806,
            "acc": 0.99792
        },
        "177": {
            "loss": 0.010021986500376447,
            "acc": 0.99752
        },
        "178": {
            "loss": 0.010160908748930478,
            "acc": 0.99768
        },
        "179": {
            "loss": 0.009885399678574346,
            "acc": 0.99776
        },
        "180": {
            "loss": 0.009839609740404686,
            "acc": 0.9979
        },
        "181": {
            "loss": 0.008780233788980192,
            "acc": 0.99806
        },
        "182": {
            "loss": 0.009966951224345849,
            "acc": 0.99748
        },
        "183": {
            "loss": 0.008541628076193814,
            "acc": 0.99816
        },
        "184": {
            "loss": 0.008601622784238122,
            "acc": 0.9982
        },
        "185": {
            "loss": 0.009056593503952926,
            "acc": 0.9977
        },
        "186": {
            "loss": 0.009300301845125614,
            "acc": 0.9977
        },
        "187": {
            "loss": 0.009161316910121457,
            "acc": 0.99758
        },
        "188": {
            "loss": 0.009100253810807455,
            "acc": 0.99774
        },
        "189": {
            "loss": 0.008926097229045703,
            "acc": 0.9977
        },
        "190": {
            "loss": 0.008724007166667824,
            "acc": 0.99796
        },
        "191": {
            "loss": 0.008744100011531454,
            "acc": 0.99792
        },
        "192": {
            "loss": 0.009513993038545193,
            "acc": 0.99752
        },
        "193": {
            "loss": 0.008200455508555126,
            "acc": 0.9981
        },
        "194": {
            "loss": 0.008324295368447216,
            "acc": 0.9981
        },
        "195": {
            "loss": 0.008592165860227164,
            "acc": 0.99774
        },
        "196": {
            "loss": 0.008343839663253708,
            "acc": 0.99804
        },
        "197": {
            "loss": 0.009172319596068507,
            "acc": 0.99766
        },
        "198": {
            "loss": 0.009654270157476564,
            "acc": 0.99746
        },
        "199": {
            "loss": 0.007789836198155819,
            "acc": 0.9983
        },
        "200": {
            "loss": 0.007863966151266574,
            "acc": 0.99794
        },
        "201": {
            "loss": 0.007306502977329696,
            "acc": 0.99822
        },
        "202": {
            "loss": 0.00875273934444752,
            "acc": 0.9978
        },
        "203": {
            "loss": 0.008668658847008329,
            "acc": 0.99806
        },
        "204": {
            "loss": 0.008868539359380642,
            "acc": 0.99744
        },
        "205": {
            "loss": 0.007636753293690676,
            "acc": 0.9983
        },
        "206": {
            "loss": 0.009033767553541334,
            "acc": 0.99782
        },
        "207": {
            "loss": 0.007768339032920309,
            "acc": 0.99796
        },
        "208": {
            "loss": 0.008010695170586729,
            "acc": 0.99806
        },
        "209": {
            "loss": 0.007705437334399085,
            "acc": 0.99832
        },
        "210": {
            "loss": 0.007646637291440864,
            "acc": 0.99812
        },
        "211": {
            "loss": 0.008457871308625268,
            "acc": 0.99802
        },
        "212": {
            "loss": 0.007152087225173356,
            "acc": 0.9985
        },
        "213": {
            "loss": 0.007485644800638807,
            "acc": 0.99822
        },
        "214": {
            "loss": 0.007842876171656583,
            "acc": 0.9981
        },
        "215": {
            "loss": 0.00841866587610234,
            "acc": 0.9979
        },
        "216": {
            "loss": 0.008529609805458319,
            "acc": 0.99802
        },
        "217": {
            "loss": 0.007276908870016182,
            "acc": 0.99826
        },
        "218": {
            "loss": 0.007873185900459186,
            "acc": 0.99798
        },
        "219": {
            "loss": 0.00704737594740278,
            "acc": 0.99858
        },
        "220": {
            "loss": 0.007794202810562457,
            "acc": 0.99824
        },
        "221": {
            "loss": 0.008330852745602246,
            "acc": 0.99784
        },
        "222": {
            "loss": 0.008454777710044475,
            "acc": 0.99786
        },
        "223": {
            "loss": 0.006716384394841669,
            "acc": 0.99856
        },
        "224": {
            "loss": 0.007813295595781982,
            "acc": 0.99808
        },
        "225": {
            "loss": 0.006861055284947552,
            "acc": 0.9983
        },
        "226": {
            "loss": 0.006007944576485711,
            "acc": 0.99862
        },
        "227": {
            "loss": 0.005279563524088313,
            "acc": 0.99894
        },
        "228": {
            "loss": 0.004925600890352455,
            "acc": 0.9993
        },
        "229": {
            "loss": 0.004853296301277328,
            "acc": 0.99914
        },
        "230": {
            "loss": 0.004474459130715494,
            "acc": 0.99918
        },
        "231": {
            "loss": 0.00454271166763135,
            "acc": 0.99924
        },
        "232": {
            "loss": 0.004572947525739065,
            "acc": 0.99908
        },
        "233": {
            "loss": 0.0047118340352359,
            "acc": 0.99918
        },
        "234": {
            "loss": 0.004758449330087215,
            "acc": 0.999
        },
        "235": {
            "loss": 0.00454496296600241,
            "acc": 0.9991
        },
        "236": {
            "loss": 0.00427783573582775,
            "acc": 0.99942
        },
        "237": {
            "loss": 0.004044017118453632,
            "acc": 0.99924
        },
        "238": {
            "loss": 0.003982261271726074,
            "acc": 0.99934
        },
        "239": {
            "loss": 0.004333816782344797,
            "acc": 0.99934
        },
        "240": {
            "loss": 0.0035267914836297925,
            "acc": 0.99954
        },
        "241": {
            "loss": 0.004158208235863672,
            "acc": 0.99922
        },
        "242": {
            "loss": 0.003943037060114717,
            "acc": 0.99936
        },
        "243": {
            "loss": 0.003668622657153642,
            "acc": 0.9994
        },
        "244": {
            "loss": 0.0037961340862322753,
            "acc": 0.99938
        },
        "245": {
            "loss": 0.003641967740541984,
            "acc": 0.99938
        },
        "246": {
            "loss": 0.003220051650212163,
            "acc": 0.9995
        },
        "247": {
            "loss": 0.003423527829371967,
            "acc": 0.99952
        },
        "248": {
            "loss": 0.0036081228590262382,
            "acc": 0.99958
        },
        "249": {
            "loss": 0.0038762367942155804,
            "acc": 0.9994
        },
        "250": {
            "loss": 0.0037012627630447193,
            "acc": 0.99934
        },
        "251": {
            "loss": 0.003675942465233768,
            "acc": 0.99938
        },
        "252": {
            "loss": 0.003573639764562291,
            "acc": 0.99938
        },
        "253": {
            "loss": 0.0031603843326081316,
            "acc": 0.99968
        },
        "254": {
            "loss": 0.003292242014252008,
            "acc": 0.99964
        },
        "255": {
            "loss": 0.003949479272277505,
            "acc": 0.99934
        },
        "256": {
            "loss": 0.003522818608422671,
            "acc": 0.99956
        },
        "257": {
            "loss": 0.0031604209063907244,
            "acc": 0.99954
        },
        "258": {
            "loss": 0.0036341011368967607,
            "acc": 0.99938
        },
        "259": {
            "loss": 0.004047613240128039,
            "acc": 0.99942
        },
        "260": {
            "loss": 0.003313998324776311,
            "acc": 0.9995
        },
        "261": {
            "loss": 0.003997538462327376,
            "acc": 0.99926
        },
        "262": {
            "loss": 0.003200126166553403,
            "acc": 0.99972
        },
        "263": {
            "loss": 0.003544540476982745,
            "acc": 0.9994
        },
        "264": {
            "loss": 0.0029729029460878755,
            "acc": 0.99962
        },
        "265": {
            "loss": 0.003584799841716987,
            "acc": 0.99938
        },
        "266": {
            "loss": 0.003503995017473311,
            "acc": 0.99962
        },
        "267": {
            "loss": 0.0033703305454992586,
            "acc": 0.99954
        },
        "268": {
            "loss": 0.0037456254364172047,
            "acc": 0.99928
        },
        "269": {
            "loss": 0.0033457102377780195,
            "acc": 0.9995
        },
        "270": {
            "loss": 0.0031098568256881297,
            "acc": 0.9997
        },
        "271": {
            "loss": 0.0032205793000345327,
            "acc": 0.99956
        },
        "272": {
            "loss": 0.003399234242907599,
            "acc": 0.99946
        },
        "273": {
            "loss": 0.003182153946671979,
            "acc": 0.99954
        },
        "274": {
            "loss": 0.003523311454957873,
            "acc": 0.99958
        },
        "275": {
            "loss": 0.0032872340899719166,
            "acc": 0.99958
        },
        "276": {
            "loss": 0.0032461703698168083,
            "acc": 0.99952
        },
        "277": {
            "loss": 0.002942264255107892,
            "acc": 0.99958
        },
        "278": {
            "loss": 0.003535907462277525,
            "acc": 0.99934
        },
        "279": {
            "loss": 0.0031475055390177533,
            "acc": 0.99962
        },
        "280": {
            "loss": 0.003032352389132692,
            "acc": 0.99968
        },
        "281": {
            "loss": 0.0036710784863219106,
            "acc": 0.99922
        },
        "282": {
            "loss": 0.0034023334179423413,
            "acc": 0.9995
        },
        "283": {
            "loss": 0.0035463873595420613,
            "acc": 0.99954
        },
        "284": {
            "loss": 0.00301566109085209,
            "acc": 0.99962
        },
        "285": {
            "loss": 0.0031954724514839665,
            "acc": 0.99962
        },
        "286": {
            "loss": 0.003207700595076856,
            "acc": 0.99944
        },
        "287": {
            "loss": 0.0032118047373286343,
            "acc": 0.99958
        },
        "288": {
            "loss": 0.002979790262827028,
            "acc": 0.99954
        },
        "289": {
            "loss": 0.002841816311582293,
            "acc": 0.99978
        },
        "290": {
            "loss": 0.002850299607977257,
            "acc": 0.99964
        },
        "291": {
            "loss": 0.0030703523599044263,
            "acc": 0.99956
        },
        "292": {
            "loss": 0.0030961526272384643,
            "acc": 0.9996
        },
        "293": {
            "loss": 0.0030086149041832107,
            "acc": 0.9996
        },
        "294": {
            "loss": 0.0033021607471447165,
            "acc": 0.99948
        },
        "295": {
            "loss": 0.0029384255060199453,
            "acc": 0.99964
        },
        "296": {
            "loss": 0.002951558015583267,
            "acc": 0.99956
        },
        "297": {
            "loss": 0.0031829650077158694,
            "acc": 0.99942
        },
        "298": {
            "loss": 0.003062497328213878,
            "acc": 0.99968
        },
        "299": {
            "loss": 0.0029938187586162073,
            "acc": 0.9997
        }
    },
    "test": {
        "0": {
            "loss": 0.9695690989494323,
            "acc": 0.6558
        },
        "1": {
            "loss": 0.8128367304801941,
            "acc": 0.7212
        },
        "3": {
            "loss": 0.7738254594802857,
            "acc": 0.7492
        },
        "5": {
            "loss": 0.49212801694869995,
            "acc": 0.8353
        },
        "7": {
            "loss": 0.5473659712076188,
            "acc": 0.8254
        },
        "9": {
            "loss": 0.42999371349811555,
            "acc": 0.8597
        },
        "11": {
            "loss": 0.4076992309093475,
            "acc": 0.8622
        },
        "13": {
            "loss": 0.46344975113868714,
            "acc": 0.8518
        },
        "15": {
            "loss": 0.38253528147935867,
            "acc": 0.872
        },
        "17": {
            "loss": 0.3994751152396202,
            "acc": 0.867
        },
        "19": {
            "loss": 0.3719073423743248,
            "acc": 0.8827
        },
        "21": {
            "loss": 0.3862278765439987,
            "acc": 0.8771
        },
        "23": {
            "loss": 0.35657303512096405,
            "acc": 0.8871
        },
        "25": {
            "loss": 0.4568192970752716,
            "acc": 0.8618
        },
        "27": {
            "loss": 0.3711990049481392,
            "acc": 0.883
        },
        "29": {
            "loss": 0.36441413044929505,
            "acc": 0.8902
        },
        "31": {
            "loss": 0.3155072063207626,
            "acc": 0.9003
        },
        "33": {
            "loss": 0.32744878470897676,
            "acc": 0.8995
        },
        "35": {
            "loss": 0.38995919078588487,
            "acc": 0.8827
        },
        "37": {
            "loss": 0.3571609404683113,
            "acc": 0.8912
        },
        "39": {
            "loss": 0.3415389713644981,
            "acc": 0.9
        },
        "41": {
            "loss": 0.3483112889528275,
            "acc": 0.892
        },
        "43": {
            "loss": 0.3474250015616417,
            "acc": 0.8963
        },
        "45": {
            "loss": 0.3328734141588211,
            "acc": 0.8993
        },
        "47": {
            "loss": 0.35140311807394026,
            "acc": 0.8976
        },
        "49": {
            "loss": 0.31878929793834687,
            "acc": 0.9065
        },
        "51": {
            "loss": 0.35265560626983644,
            "acc": 0.8988
        },
        "53": {
            "loss": 0.3430618494749069,
            "acc": 0.9021
        },
        "55": {
            "loss": 0.3187438040971756,
            "acc": 0.9048
        },
        "57": {
            "loss": 0.3365206629037857,
            "acc": 0.8977
        },
        "59": {
            "loss": 0.3423153296113014,
            "acc": 0.8978
        },
        "61": {
            "loss": 0.35815535187721254,
            "acc": 0.8982
        },
        "63": {
            "loss": 0.3454995957016945,
            "acc": 0.9021
        },
        "65": {
            "loss": 0.3376944923400879,
            "acc": 0.9022
        },
        "67": {
            "loss": 0.316319452226162,
            "acc": 0.9031
        },
        "69": {
            "loss": 0.37373450040817263,
            "acc": 0.8959
        },
        "71": {
            "loss": 0.32924256563186644,
            "acc": 0.9052
        },
        "73": {
            "loss": 0.3274747884273529,
            "acc": 0.9013
        },
        "75": {
            "loss": 0.35757705599069595,
            "acc": 0.9008
        },
        "77": {
            "loss": 0.38808964908123017,
            "acc": 0.8882
        },
        "79": {
            "loss": 0.3421937435865402,
            "acc": 0.9074
        },
        "81": {
            "loss": 0.32383773535490035,
            "acc": 0.9037
        },
        "83": {
            "loss": 0.34086055964231493,
            "acc": 0.9057
        },
        "85": {
            "loss": 0.35636127948760987,
            "acc": 0.9023
        },
        "87": {
            "loss": 0.3319715377688408,
            "acc": 0.9066
        },
        "89": {
            "loss": 0.29692419469356535,
            "acc": 0.9081
        },
        "91": {
            "loss": 0.29302950501441954,
            "acc": 0.9118
        },
        "93": {
            "loss": 0.34779407769441606,
            "acc": 0.9011
        },
        "95": {
            "loss": 0.35642060518264773,
            "acc": 0.8995
        },
        "97": {
            "loss": 0.3439667597413063,
            "acc": 0.9032
        },
        "99": {
            "loss": 0.3249103587865829,
            "acc": 0.91
        },
        "101": {
            "loss": 0.3118171858787537,
            "acc": 0.9105
        },
        "103": {
            "loss": 0.3628510546684265,
            "acc": 0.8973
        },
        "105": {
            "loss": 0.3225460182130337,
            "acc": 0.9103
        },
        "107": {
            "loss": 0.34117025434970855,
            "acc": 0.9012
        },
        "109": {
            "loss": 0.365612313747406,
            "acc": 0.9045
        },
        "111": {
            "loss": 0.3323448744416237,
            "acc": 0.906
        },
        "113": {
            "loss": 0.33386072754859925,
            "acc": 0.9063
        },
        "115": {
            "loss": 0.3440155856311321,
            "acc": 0.903
        },
        "117": {
            "loss": 0.4110322812199593,
            "acc": 0.8891
        },
        "119": {
            "loss": 0.3017976620793343,
            "acc": 0.9145
        },
        "121": {
            "loss": 0.33896985471248625,
            "acc": 0.9042
        },
        "123": {
            "loss": 0.32484439462423326,
            "acc": 0.9092
        },
        "125": {
            "loss": 0.31359399944543837,
            "acc": 0.9103
        },
        "127": {
            "loss": 0.3420117297768593,
            "acc": 0.9057
        },
        "129": {
            "loss": 0.38396138221025466,
            "acc": 0.897
        },
        "131": {
            "loss": 0.30676042795181274,
            "acc": 0.9142
        },
        "133": {
            "loss": 0.3073942409455776,
            "acc": 0.9156
        },
        "135": {
            "loss": 0.3240886875987053,
            "acc": 0.91
        },
        "137": {
            "loss": 0.38035948753356935,
            "acc": 0.8985
        },
        "139": {
            "loss": 0.3277148373425007,
            "acc": 0.9085
        },
        "141": {
            "loss": 0.34590990662574767,
            "acc": 0.9087
        },
        "143": {
            "loss": 0.32466966047883034,
            "acc": 0.9118
        },
        "145": {
            "loss": 0.31767777740955355,
            "acc": 0.9122
        },
        "147": {
            "loss": 0.3640745648741722,
            "acc": 0.9014
        },
        "149": {
            "loss": 0.3093305966258049,
            "acc": 0.9154
        },
        "151": {
            "loss": 0.25157186433672907,
            "acc": 0.9295
        },
        "153": {
            "loss": 0.2630987101793289,
            "acc": 0.9298
        },
        "155": {
            "loss": 0.2692292024195194,
            "acc": 0.9309
        },
        "157": {
            "loss": 0.27275937020778657,
            "acc": 0.9305
        },
        "159": {
            "loss": 0.27863649994134904,
            "acc": 0.9309
        },
        "161": {
            "loss": 0.28187779769301413,
            "acc": 0.9313
        },
        "163": {
            "loss": 0.28925247192382814,
            "acc": 0.9313
        },
        "165": {
            "loss": 0.29791750222444535,
            "acc": 0.9319
        },
        "167": {
            "loss": 0.2939962908625603,
            "acc": 0.9327
        },
        "169": {
            "loss": 0.30489712238311767,
            "acc": 0.9327
        },
        "171": {
            "loss": 0.308501880466938,
            "acc": 0.93
        },
        "173": {
            "loss": 0.3075961071252823,
            "acc": 0.9305
        },
        "175": {
            "loss": 0.30839179545640943,
            "acc": 0.9305
        },
        "177": {
            "loss": 0.3071953582763672,
            "acc": 0.9323
        },
        "179": {
            "loss": 0.3061749243736267,
            "acc": 0.9313
        },
        "181": {
            "loss": 0.3079660874605179,
            "acc": 0.9308
        },
        "183": {
            "loss": 0.304754496216774,
            "acc": 0.9315
        },
        "185": {
            "loss": 0.3282462364435196,
            "acc": 0.929
        },
        "187": {
            "loss": 0.3102732986211777,
            "acc": 0.9322
        },
        "189": {
            "loss": 0.31352193281054497,
            "acc": 0.9306
        },
        "191": {
            "loss": 0.32110180616378786,
            "acc": 0.9302
        },
        "193": {
            "loss": 0.31903691589832306,
            "acc": 0.9324
        },
        "195": {
            "loss": 0.31944519460201265,
            "acc": 0.9322
        },
        "197": {
            "loss": 0.31698937237262725,
            "acc": 0.9301
        },
        "199": {
            "loss": 0.3154605481028557,
            "acc": 0.9329
        },
        "201": {
            "loss": 0.3187931403517723,
            "acc": 0.9305
        },
        "203": {
            "loss": 0.3189491960406303,
            "acc": 0.93
        },
        "205": {
            "loss": 0.3250076726078987,
            "acc": 0.9307
        },
        "207": {
            "loss": 0.3258121982216835,
            "acc": 0.9309
        },
        "209": {
            "loss": 0.3237501585483551,
            "acc": 0.9321
        },
        "211": {
            "loss": 0.322969571352005,
            "acc": 0.9318
        },
        "213": {
            "loss": 0.3284553888440132,
            "acc": 0.9304
        },
        "215": {
            "loss": 0.32574776887893675,
            "acc": 0.9317
        },
        "217": {
            "loss": 0.3223713317513466,
            "acc": 0.9337
        },
        "219": {
            "loss": 0.3283439901471138,
            "acc": 0.9309
        },
        "221": {
            "loss": 0.3287940789759159,
            "acc": 0.9313
        },
        "223": {
            "loss": 0.3146540179848671,
            "acc": 0.9316
        },
        "225": {
            "loss": 0.3105137823522091,
            "acc": 0.9355
        },
        "227": {
            "loss": 0.3072155775129795,
            "acc": 0.9364
        },
        "229": {
            "loss": 0.3139643719792366,
            "acc": 0.9355
        },
        "231": {
            "loss": 0.30600394010543824,
            "acc": 0.9365
        },
        "233": {
            "loss": 0.3069214677810669,
            "acc": 0.9352
        },
        "235": {
            "loss": 0.30466447755694387,
            "acc": 0.9366
        },
        "237": {
            "loss": 0.311630629748106,
            "acc": 0.9357
        },
        "239": {
            "loss": 0.3098007130622864,
            "acc": 0.9363
        },
        "241": {
            "loss": 0.31156964987516406,
            "acc": 0.9359
        },
        "243": {
            "loss": 0.31130358934402463,
            "acc": 0.9343
        },
        "245": {
            "loss": 0.31348169952630994,
            "acc": 0.9357
        },
        "247": {
            "loss": 0.31047459423542023,
            "acc": 0.9362
        },
        "249": {
            "loss": 0.31165964365005494,
            "acc": 0.9354
        },
        "251": {
            "loss": 0.3130229315161705,
            "acc": 0.9345
        },
        "253": {
            "loss": 0.31376785799860957,
            "acc": 0.9342
        },
        "255": {
            "loss": 0.3158062733709812,
            "acc": 0.9352
        },
        "257": {
            "loss": 0.3139043328166008,
            "acc": 0.9347
        },
        "259": {
            "loss": 0.3194833314418793,
            "acc": 0.9344
        },
        "261": {
            "loss": 0.31771751284599303,
            "acc": 0.9342
        },
        "263": {
            "loss": 0.3122191518545151,
            "acc": 0.9358
        },
        "265": {
            "loss": 0.3141384640336037,
            "acc": 0.9347
        },
        "267": {
            "loss": 0.31659886598587034,
            "acc": 0.9361
        },
        "269": {
            "loss": 0.31746745884418487,
            "acc": 0.9365
        },
        "271": {
            "loss": 0.31598452359437945,
            "acc": 0.9352
        },
        "273": {
            "loss": 0.3099643865227699,
            "acc": 0.9353
        },
        "275": {
            "loss": 0.3119623592495918,
            "acc": 0.9363
        },
        "277": {
            "loss": 0.31889011412858964,
            "acc": 0.9347
        },
        "279": {
            "loss": 0.3117970019578934,
            "acc": 0.9345
        },
        "281": {
            "loss": 0.3120795166492462,
            "acc": 0.935
        },
        "283": {
            "loss": 0.3144757658243179,
            "acc": 0.9357
        },
        "285": {
            "loss": 0.3136499896645546,
            "acc": 0.9362
        },
        "287": {
            "loss": 0.3142752116918564,
            "acc": 0.9365
        },
        "289": {
            "loss": 0.31084778398275376,
            "acc": 0.9364
        },
        "291": {
            "loss": 0.3162672996520996,
            "acc": 0.9358
        },
        "293": {
            "loss": 0.30984976023435595,
            "acc": 0.9371
        },
        "295": {
            "loss": 0.31158178478479387,
            "acc": 0.9354
        },
        "297": {
            "loss": 0.31215616792440415,
            "acc": 0.9358
        },
        "299": {
            "loss": 0.31600213319063186,
            "acc": 0.9349
        }
    },
    "best": {
        "best_epoch": 293,
        "best_acc": 93.71
    }
}