{
    "train": {
        "0": {
            "loss": 1.7932732480261333,
            "acc": 0.33498
        },
        "1": {
            "loss": 1.383260097650006,
            "acc": 0.50448
        },
        "2": {
            "loss": 1.1901291037154624,
            "acc": 0.58038
        },
        "3": {
            "loss": 1.0702030294386626,
            "acc": 0.62798
        },
        "4": {
            "loss": 0.9972665501982355,
            "acc": 0.65616
        },
        "5": {
            "loss": 0.9314620423195002,
            "acc": 0.67984
        },
        "6": {
            "loss": 0.9056834230947373,
            "acc": 0.6888
        },
        "7": {
            "loss": 0.8828952431373889,
            "acc": 0.69994
        },
        "8": {
            "loss": 0.8510495835862806,
            "acc": 0.70998
        },
        "9": {
            "loss": 0.8391939183635175,
            "acc": 0.71616
        },
        "10": {
            "loss": 0.8344981926481437,
            "acc": 0.71688
        },
        "11": {
            "loss": 0.822776968216957,
            "acc": 0.72378
        },
        "12": {
            "loss": 0.81987829876068,
            "acc": 0.72374
        },
        "13": {
            "loss": 0.8183690817154887,
            "acc": 0.72688
        },
        "14": {
            "loss": 0.8129601560132887,
            "acc": 0.72878
        },
        "15": {
            "loss": 0.8122452473091653,
            "acc": 0.73006
        },
        "16": {
            "loss": 0.8159216822260786,
            "acc": 0.73008
        },
        "17": {
            "loss": 0.8109937310981019,
            "acc": 0.73144
        },
        "18": {
            "loss": 0.8204454121077457,
            "acc": 0.72972
        },
        "19": {
            "loss": 0.8208861053752168,
            "acc": 0.7309
        },
        "20": {
            "loss": 0.8419946433638062,
            "acc": 0.72496
        },
        "21": {
            "loss": 0.8238262887805929,
            "acc": 0.73026
        },
        "22": {
            "loss": 0.8313469603238508,
            "acc": 0.73236
        },
        "23": {
            "loss": 0.8241628748376656,
            "acc": 0.73282
        },
        "24": {
            "loss": 0.8339514793337458,
            "acc": 0.72776
        },
        "25": {
            "loss": 0.8519946108083896,
            "acc": 0.72488
        },
        "26": {
            "loss": 0.845964248223073,
            "acc": 0.7278
        },
        "27": {
            "loss": 0.8549795240697349,
            "acc": 0.72512
        },
        "28": {
            "loss": 0.8598273408687328,
            "acc": 0.72274
        },
        "29": {
            "loss": 0.8704427354171148,
            "acc": 0.72002
        },
        "30": {
            "loss": 0.8540031114197753,
            "acc": 0.7272
        },
        "31": {
            "loss": 0.8416373775438275,
            "acc": 0.73092
        },
        "32": {
            "loss": 0.8519334951630029,
            "acc": 0.72698
        },
        "33": {
            "loss": 0.8654710180924067,
            "acc": 0.72432
        },
        "34": {
            "loss": 0.8660118064612073,
            "acc": 0.72498
        },
        "35": {
            "loss": 0.8822966615867127,
            "acc": 0.7187
        },
        "36": {
            "loss": 0.878902743844425,
            "acc": 0.71954
        },
        "37": {
            "loss": 0.8778631264901222,
            "acc": 0.72198
        },
        "38": {
            "loss": 0.9074366266465248,
            "acc": 0.71348
        },
        "39": {
            "loss": 0.9003986672062398,
            "acc": 0.71746
        },
        "40": {
            "loss": 0.9018925730224765,
            "acc": 0.71654
        },
        "41": {
            "loss": 0.8888540385324327,
            "acc": 0.71922
        },
        "42": {
            "loss": 0.8923564437405228,
            "acc": 0.71878
        },
        "43": {
            "loss": 0.8825682037321808,
            "acc": 0.7235
        },
        "44": {
            "loss": 0.8812091606657219,
            "acc": 0.7233
        },
        "45": {
            "loss": 0.8980369029752434,
            "acc": 0.71978
        },
        "46": {
            "loss": 0.8671267544826888,
            "acc": 0.72716
        },
        "47": {
            "loss": 0.8852713970881899,
            "acc": 0.72322
        },
        "48": {
            "loss": 0.9102201890152739,
            "acc": 0.71778
        },
        "49": {
            "loss": 0.9093621409762546,
            "acc": 0.7166
        },
        "50": {
            "loss": 0.9033180071264887,
            "acc": 0.7195
        },
        "51": {
            "loss": 0.8947705124955043,
            "acc": 0.7224
        },
        "52": {
            "loss": 0.9179869583805503,
            "acc": 0.71616
        },
        "53": {
            "loss": 0.8872134293741583,
            "acc": 0.72246
        },
        "54": {
            "loss": 0.8914433423515475,
            "acc": 0.72326
        },
        "55": {
            "loss": 0.8869209550225826,
            "acc": 0.72164
        },
        "56": {
            "loss": 0.8762945875792247,
            "acc": 0.72694
        },
        "57": {
            "loss": 0.8621911682436229,
            "acc": 0.72734
        },
        "58": {
            "loss": 0.8727033331875911,
            "acc": 0.72878
        },
        "59": {
            "loss": 0.8786890221678693,
            "acc": 0.72746
        },
        "60": {
            "loss": 0.8661865587429622,
            "acc": 0.7297
        },
        "61": {
            "loss": 0.8688451272752279,
            "acc": 0.73206
        },
        "62": {
            "loss": 0.8561518967456525,
            "acc": 0.73408
        },
        "63": {
            "loss": 0.8694481210940329,
            "acc": 0.73214
        },
        "64": {
            "loss": 0.8711926148980474,
            "acc": 0.73142
        },
        "65": {
            "loss": 0.8557530109534788,
            "acc": 0.73404
        },
        "66": {
            "loss": 0.8770801924988437,
            "acc": 0.7287
        },
        "67": {
            "loss": 0.869475964542545,
            "acc": 0.73068
        },
        "68": {
            "loss": 0.8753441110291444,
            "acc": 0.72602
        },
        "69": {
            "loss": 0.8664981598591865,
            "acc": 0.73088
        },
        "70": {
            "loss": 0.8590929505160397,
            "acc": 0.73464
        },
        "71": {
            "loss": 0.8605052872996806,
            "acc": 0.73362
        },
        "72": {
            "loss": 0.8770833654171976,
            "acc": 0.72866
        },
        "73": {
            "loss": 0.8532459237386504,
            "acc": 0.73626
        },
        "74": {
            "loss": 0.8640093274433595,
            "acc": 0.73454
        },
        "75": {
            "loss": 0.8472004392567802,
            "acc": 0.73832
        },
        "76": {
            "loss": 0.8359319119502211,
            "acc": 0.73932
        },
        "77": {
            "loss": 0.8421917068379005,
            "acc": 0.73874
        },
        "78": {
            "loss": 0.8396050705934119,
            "acc": 0.74196
        },
        "79": {
            "loss": 0.8305554380807121,
            "acc": 0.74322
        },
        "80": {
            "loss": 0.8365647939922255,
            "acc": 0.74236
        },
        "81": {
            "loss": 0.8196613780220451,
            "acc": 0.74882
        },
        "82": {
            "loss": 0.8422438372736392,
            "acc": 0.7389
        },
        "83": {
            "loss": 0.8153126160507007,
            "acc": 0.74754
        },
        "84": {
            "loss": 0.8499184828585066,
            "acc": 0.74
        },
        "85": {
            "loss": 0.8213877955361095,
            "acc": 0.74878
        },
        "86": {
            "loss": 0.8171931374865724,
            "acc": 0.75038
        },
        "87": {
            "loss": 0.8195734706985981,
            "acc": 0.74882
        },
        "88": {
            "loss": 0.8280018757066459,
            "acc": 0.74662
        },
        "89": {
            "loss": 0.8174112144181186,
            "acc": 0.74828
        },
        "90": {
            "loss": 0.8157263686284995,
            "acc": 0.74966
        },
        "91": {
            "loss": 0.828263736441922,
            "acc": 0.74502
        },
        "92": {
            "loss": 0.8100707473809762,
            "acc": 0.74864
        },
        "93": {
            "loss": 0.9712247417863372,
            "acc": 0.70446
        },
        "94": {
            "loss": 0.9407008744566642,
            "acc": 0.71674
        },
        "95": {
            "loss": 0.9072219483992633,
            "acc": 0.72186
        },
        "96": {
            "loss": 0.8591166422190264,
            "acc": 0.73378
        },
        "97": {
            "loss": 0.8698777105192395,
            "acc": 0.73236
        },
        "98": {
            "loss": 0.8369227966384205,
            "acc": 0.74398
        },
        "99": {
            "loss": 0.8335198775276809,
            "acc": 0.74388
        },
        "100": {
            "loss": 0.6219818981559685,
            "acc": 0.80316
        },
        "101": {
            "loss": 0.5505394081935249,
            "acc": 0.8244
        },
        "102": {
            "loss": 0.5232694743539367,
            "acc": 0.8326
        },
        "103": {
            "loss": 0.5032614589575917,
            "acc": 0.8374
        },
        "104": {
            "loss": 0.48697160515943755,
            "acc": 0.84118
        },
        "105": {
            "loss": 0.4705879243895831,
            "acc": 0.84592
        },
        "106": {
            "loss": 0.4610966376179015,
            "acc": 0.84942
        },
        "107": {
            "loss": 0.45504614238239005,
            "acc": 0.85066
        },
        "108": {
            "loss": 0.44578294890463505,
            "acc": 0.8536
        },
        "109": {
            "loss": 0.4351411113120101,
            "acc": 0.8584
        },
        "110": {
            "loss": 0.42477062958128314,
            "acc": 0.85874
        },
        "111": {
            "loss": 0.4215145982287424,
            "acc": 0.86028
        },
        "112": {
            "loss": 0.4161482440388721,
            "acc": 0.8618
        },
        "113": {
            "loss": 0.40958184484020826,
            "acc": 0.86378
        },
        "114": {
            "loss": 0.40081486220250045,
            "acc": 0.8659
        },
        "115": {
            "loss": 0.397473185034969,
            "acc": 0.86752
        },
        "116": {
            "loss": 0.389008789873489,
            "acc": 0.86958
        },
        "117": {
            "loss": 0.38761497008831,
            "acc": 0.86912
        },
        "118": {
            "loss": 0.382528267210097,
            "acc": 0.87156
        },
        "119": {
            "loss": 0.3754882711888579,
            "acc": 0.87306
        },
        "120": {
            "loss": 0.37358082457424124,
            "acc": 0.87326
        },
        "121": {
            "loss": 0.37097615487587726,
            "acc": 0.87708
        },
        "122": {
            "loss": 0.3638435121616134,
            "acc": 0.87632
        },
        "123": {
            "loss": 0.35805872719153725,
            "acc": 0.87834
        },
        "124": {
            "loss": 0.3571779413525101,
            "acc": 0.87798
        },
        "125": {
            "loss": 0.3526869373934348,
            "acc": 0.8793
        },
        "126": {
            "loss": 0.3469054398253141,
            "acc": 0.88296
        },
        "127": {
            "loss": 0.3397861020186978,
            "acc": 0.8837
        },
        "128": {
            "loss": 0.33816192617349305,
            "acc": 0.88526
        },
        "129": {
            "loss": 0.33651549740673026,
            "acc": 0.88532
        },
        "130": {
            "loss": 0.3270758990284122,
            "acc": 0.88964
        },
        "131": {
            "loss": 0.3263110719678347,
            "acc": 0.88954
        },
        "132": {
            "loss": 0.3217945445681472,
            "acc": 0.88972
        },
        "133": {
            "loss": 0.3214598098374389,
            "acc": 0.8899
        },
        "134": {
            "loss": 0.317929774980106,
            "acc": 0.89178
        },
        "135": {
            "loss": 0.31235385366031887,
            "acc": 0.89172
        },
        "136": {
            "loss": 0.31177233382487846,
            "acc": 0.89294
        },
        "137": {
            "loss": 0.30621827772968563,
            "acc": 0.89488
        },
        "138": {
            "loss": 0.30511827526799856,
            "acc": 0.89594
        },
        "139": {
            "loss": 0.3000836869334931,
            "acc": 0.89596
        },
        "140": {
            "loss": 0.29945614221303357,
            "acc": 0.89688
        },
        "141": {
            "loss": 0.29569630120949975,
            "acc": 0.89818
        },
        "142": {
            "loss": 0.2928216879248924,
            "acc": 0.90044
        },
        "143": {
            "loss": 0.28894878066409274,
            "acc": 0.90034
        },
        "144": {
            "loss": 0.2858781006825549,
            "acc": 0.9009
        },
        "145": {
            "loss": 0.2835487107486676,
            "acc": 0.90254
        },
        "146": {
            "loss": 0.2783878658281263,
            "acc": 0.90298
        },
        "147": {
            "loss": 0.2728007286596481,
            "acc": 0.90596
        },
        "148": {
            "loss": 0.27070171151624617,
            "acc": 0.90612
        },
        "149": {
            "loss": 0.2692306820122177,
            "acc": 0.90524
        },
        "150": {
            "loss": 0.2611627714027224,
            "acc": 0.91014
        },
        "151": {
            "loss": 0.25922637055520814,
            "acc": 0.91018
        },
        "152": {
            "loss": 0.2563523955624122,
            "acc": 0.91196
        },
        "153": {
            "loss": 0.25523217150088773,
            "acc": 0.91282
        },
        "154": {
            "loss": 0.2496677793543357,
            "acc": 0.9139
        },
        "155": {
            "loss": 0.2542634515468117,
            "acc": 0.9125
        },
        "156": {
            "loss": 0.2527157464791137,
            "acc": 0.91282
        },
        "157": {
            "loss": 0.2490850239229934,
            "acc": 0.91262
        },
        "158": {
            "loss": 0.24858645490749412,
            "acc": 0.91424
        },
        "159": {
            "loss": 0.2503047026979649,
            "acc": 0.91254
        },
        "160": {
            "loss": 0.25093309863296615,
            "acc": 0.91316
        },
        "161": {
            "loss": 0.24822077280877497,
            "acc": 0.91386
        },
        "162": {
            "loss": 0.24573508650064468,
            "acc": 0.91394
        },
        "163": {
            "loss": 0.24797294730954159,
            "acc": 0.9124
        },
        "164": {
            "loss": 0.24915658922680198,
            "acc": 0.9127
        },
        "165": {
            "loss": 0.244820162158488,
            "acc": 0.91436
        },
        "166": {
            "loss": 0.2457269348032639,
            "acc": 0.91406
        },
        "167": {
            "loss": 0.2420669154780905,
            "acc": 0.91642
        },
        "168": {
            "loss": 0.24145811100673797,
            "acc": 0.91576
        },
        "169": {
            "loss": 0.24258608927431008,
            "acc": 0.91654
        },
        "170": {
            "loss": 0.24545025823594968,
            "acc": 0.9142
        },
        "171": {
            "loss": 0.24742614121540732,
            "acc": 0.91454
        },
        "172": {
            "loss": 0.24482802482669616,
            "acc": 0.91504
        },
        "173": {
            "loss": 0.24086551332031675,
            "acc": 0.9146
        },
        "174": {
            "loss": 0.2462020104422289,
            "acc": 0.91332
        },
        "175": {
            "loss": 0.24576386651190954,
            "acc": 0.91302
        },
        "176": {
            "loss": 0.23786244126003417,
            "acc": 0.91656
        },
        "177": {
            "loss": 0.23834584984937898,
            "acc": 0.9173
        },
        "178": {
            "loss": 0.24004808093047203,
            "acc": 0.91524
        },
        "179": {
            "loss": 0.2373949095340031,
            "acc": 0.91744
        },
        "180": {
            "loss": 0.24158921500529779,
            "acc": 0.91578
        },
        "181": {
            "loss": 0.2380430384936845,
            "acc": 0.91714
        },
        "182": {
            "loss": 0.24070349972113927,
            "acc": 0.91608
        },
        "183": {
            "loss": 0.23987755468091393,
            "acc": 0.9167
        },
        "184": {
            "loss": 0.23763066040509193,
            "acc": 0.91676
        },
        "185": {
            "loss": 0.2408366502284089,
            "acc": 0.91696
        },
        "186": {
            "loss": 0.23607106910794592,
            "acc": 0.91784
        },
        "187": {
            "loss": 0.24041150822816298,
            "acc": 0.91484
        },
        "188": {
            "loss": 0.23590251107883575,
            "acc": 0.91736
        },
        "189": {
            "loss": 0.23808604290189644,
            "acc": 0.91686
        },
        "190": {
            "loss": 0.23960375019808863,
            "acc": 0.91698
        },
        "191": {
            "loss": 0.23783072589151086,
            "acc": 0.91634
        },
        "192": {
            "loss": 0.2360478522032118,
            "acc": 0.91694
        },
        "193": {
            "loss": 0.23438269427746458,
            "acc": 0.91896
        },
        "194": {
            "loss": 0.23535799721012945,
            "acc": 0.91776
        },
        "195": {
            "loss": 0.2341764986781818,
            "acc": 0.91736
        },
        "196": {
            "loss": 0.23269844651603333,
            "acc": 0.91844
        },
        "197": {
            "loss": 0.2343768503926599,
            "acc": 0.9184
        },
        "198": {
            "loss": 0.2356591697429757,
            "acc": 0.91692
        },
        "199": {
            "loss": 0.23300447427403287,
            "acc": 0.91816
        },
        "200": {
            "loss": 0.23255055815057682,
            "acc": 0.91946
        },
        "201": {
            "loss": 0.23240336840567383,
            "acc": 0.9185
        },
        "202": {
            "loss": 0.23223795642709488,
            "acc": 0.91896
        },
        "203": {
            "loss": 0.23378826898839467,
            "acc": 0.91724
        },
        "204": {
            "loss": 0.23354466301400947,
            "acc": 0.9184
        },
        "205": {
            "loss": 0.2320096973148758,
            "acc": 0.9195
        },
        "206": {
            "loss": 0.23388912913668186,
            "acc": 0.91924
        },
        "207": {
            "loss": 0.2343180032108751,
            "acc": 0.9174
        },
        "208": {
            "loss": 0.23078546602555247,
            "acc": 0.91908
        },
        "209": {
            "loss": 0.2307399263048111,
            "acc": 0.9188
        },
        "210": {
            "loss": 0.22887645341703655,
            "acc": 0.9195
        },
        "211": {
            "loss": 0.2351363883984973,
            "acc": 0.91818
        },
        "212": {
            "loss": 0.23176979753748536,
            "acc": 0.91846
        },
        "213": {
            "loss": 0.22988551578786978,
            "acc": 0.92006
        },
        "214": {
            "loss": 0.2320794302331822,
            "acc": 0.91826
        },
        "215": {
            "loss": 0.23312773098192557,
            "acc": 0.91884
        },
        "216": {
            "loss": 0.227500426513917,
            "acc": 0.9208
        },
        "217": {
            "loss": 0.22584882203270407,
            "acc": 0.92062
        },
        "218": {
            "loss": 0.23102599624401468,
            "acc": 0.91866
        },
        "219": {
            "loss": 0.22896925034120563,
            "acc": 0.91894
        },
        "220": {
            "loss": 0.2293947386314802,
            "acc": 0.92026
        },
        "221": {
            "loss": 0.22943393522135133,
            "acc": 0.91964
        },
        "222": {
            "loss": 0.23152186313782203,
            "acc": 0.91848
        },
        "223": {
            "loss": 0.23049791075308304,
            "acc": 0.91828
        },
        "224": {
            "loss": 0.22976787188245207,
            "acc": 0.92006
        },
        "225": {
            "loss": 0.2320790793317968,
            "acc": 0.91996
        },
        "226": {
            "loss": 0.22845045179890855,
            "acc": 0.92064
        },
        "227": {
            "loss": 0.23038097335706892,
            "acc": 0.91912
        },
        "228": {
            "loss": 0.2305749821502839,
            "acc": 0.91936
        },
        "229": {
            "loss": 0.22840775940043237,
            "acc": 0.91954
        },
        "230": {
            "loss": 0.23003290044834546,
            "acc": 0.91956
        },
        "231": {
            "loss": 0.23093068287195756,
            "acc": 0.91908
        },
        "232": {
            "loss": 0.23001826910868936,
            "acc": 0.91966
        },
        "233": {
            "loss": 0.23041959831019496,
            "acc": 0.91842
        },
        "234": {
            "loss": 0.22991396393388738,
            "acc": 0.91838
        },
        "235": {
            "loss": 0.230547250974971,
            "acc": 0.91936
        },
        "236": {
            "loss": 0.22961156885794667,
            "acc": 0.9202
        },
        "237": {
            "loss": 0.22712318099978024,
            "acc": 0.92062
        },
        "238": {
            "loss": 0.23199222215911006,
            "acc": 0.91984
        },
        "239": {
            "loss": 0.23095945329846018,
            "acc": 0.91968
        },
        "240": {
            "loss": 0.23271663469807877,
            "acc": 0.9194
        },
        "241": {
            "loss": 0.22828147369806115,
            "acc": 0.92038
        },
        "242": {
            "loss": 0.23023727056010604,
            "acc": 0.92012
        },
        "243": {
            "loss": 0.23082257898719719,
            "acc": 0.91986
        },
        "244": {
            "loss": 0.2309065256124872,
            "acc": 0.9189
        },
        "245": {
            "loss": 0.22933687122962665,
            "acc": 0.92108
        },
        "246": {
            "loss": 0.22538304761471345,
            "acc": 0.9202
        },
        "247": {
            "loss": 0.22587123467489276,
            "acc": 0.92062
        },
        "248": {
            "loss": 0.23041294823827035,
            "acc": 0.91896
        },
        "249": {
            "loss": 0.2312079361637535,
            "acc": 0.91968
        }
    },
    "test": {
        "0": {
            "loss": 1.5260393261909484,
            "acc": 0.4577
        },
        "1": {
            "loss": 1.3769170069694519,
            "acc": 0.5182
        },
        "3": {
            "loss": 1.1052967083454133,
            "acc": 0.6281
        },
        "5": {
            "loss": 0.9337055385112762,
            "acc": 0.6838
        },
        "7": {
            "loss": 0.8895242357254028,
            "acc": 0.6966
        },
        "9": {
            "loss": 0.839205037355423,
            "acc": 0.718
        },
        "11": {
            "loss": 0.8621314632892608,
            "acc": 0.7173
        },
        "13": {
            "loss": 0.8706097912788391,
            "acc": 0.7139
        },
        "15": {
            "loss": 0.8654451441764831,
            "acc": 0.7225
        },
        "17": {
            "loss": 0.8755625414848328,
            "acc": 0.7116
        },
        "19": {
            "loss": 0.8784375131130219,
            "acc": 0.7204
        },
        "21": {
            "loss": 0.8880266749858856,
            "acc": 0.7153
        },
        "23": {
            "loss": 0.8906341767311097,
            "acc": 0.7136
        },
        "25": {
            "loss": 0.9610533237457275,
            "acc": 0.6895
        },
        "27": {
            "loss": 0.9067905640602112,
            "acc": 0.7118
        },
        "29": {
            "loss": 1.0170703029632568,
            "acc": 0.673
        },
        "31": {
            "loss": 1.048778771162033,
            "acc": 0.6617
        },
        "33": {
            "loss": 0.9872338807582856,
            "acc": 0.6934
        },
        "35": {
            "loss": 0.9473703062534332,
            "acc": 0.7097
        },
        "37": {
            "loss": 0.9938964438438416,
            "acc": 0.6826
        },
        "39": {
            "loss": 0.9750578165054321,
            "acc": 0.6908
        },
        "41": {
            "loss": 0.9394339394569396,
            "acc": 0.7039
        },
        "43": {
            "loss": 0.9929069399833679,
            "acc": 0.6875
        },
        "45": {
            "loss": 0.9430902194976807,
            "acc": 0.7058
        },
        "47": {
            "loss": 0.9772765576839447,
            "acc": 0.687
        },
        "49": {
            "loss": 1.019746047258377,
            "acc": 0.6929
        },
        "51": {
            "loss": 0.9937593114376068,
            "acc": 0.6934
        },
        "53": {
            "loss": 0.9808106875419617,
            "acc": 0.6934
        },
        "55": {
            "loss": 0.9247222948074341,
            "acc": 0.721
        },
        "57": {
            "loss": 0.9909854567050934,
            "acc": 0.7033
        },
        "59": {
            "loss": 0.9821919000148773,
            "acc": 0.6901
        },
        "61": {
            "loss": 0.9265956676006317,
            "acc": 0.7147
        },
        "63": {
            "loss": 0.9540443575382233,
            "acc": 0.7244
        },
        "65": {
            "loss": 0.9693404841423034,
            "acc": 0.7027
        },
        "67": {
            "loss": 0.9890077292919159,
            "acc": 0.6939
        },
        "69": {
            "loss": 1.0859007048606872,
            "acc": 0.6637
        },
        "71": {
            "loss": 1.0703232324123382,
            "acc": 0.7135
        },
        "73": {
            "loss": 0.9726616513729095,
            "acc": 0.7062
        },
        "75": {
            "loss": 1.003082959651947,
            "acc": 0.701
        },
        "77": {
            "loss": 0.9762436723709107,
            "acc": 0.7034
        },
        "79": {
            "loss": 0.9464905047416687,
            "acc": 0.7153
        },
        "81": {
            "loss": 0.9392752814292907,
            "acc": 0.7049
        },
        "83": {
            "loss": 0.9337604379653931,
            "acc": 0.7166
        },
        "85": {
            "loss": 0.9031796205043793,
            "acc": 0.7286
        },
        "87": {
            "loss": 0.9441485798358917,
            "acc": 0.7073
        },
        "89": {
            "loss": 0.9707444727420806,
            "acc": 0.6769
        },
        "91": {
            "loss": 0.9192331016063691,
            "acc": 0.7199
        },
        "93": {
            "loss": 1.1915447759628295,
            "acc": 0.6301
        },
        "95": {
            "loss": 0.9745401847362518,
            "acc": 0.6953
        },
        "97": {
            "loss": 0.9932680714130402,
            "acc": 0.7114
        },
        "99": {
            "loss": 0.8726310217380524,
            "acc": 0.7382
        },
        "101": {
            "loss": 0.6556886893510818,
            "acc": 0.8018
        },
        "103": {
            "loss": 0.6174363362789154,
            "acc": 0.8103
        },
        "105": {
            "loss": 0.6076283085346222,
            "acc": 0.8171
        },
        "107": {
            "loss": 0.5948165285587311,
            "acc": 0.8196
        },
        "109": {
            "loss": 0.5847638237476349,
            "acc": 0.8197
        },
        "111": {
            "loss": 0.5809818679094314,
            "acc": 0.8233
        },
        "113": {
            "loss": 0.5668972641229629,
            "acc": 0.8308
        },
        "115": {
            "loss": 0.5569500815868378,
            "acc": 0.827
        },
        "117": {
            "loss": 0.5573265075683593,
            "acc": 0.83
        },
        "119": {
            "loss": 0.5514836233854293,
            "acc": 0.8333
        },
        "121": {
            "loss": 0.548989028930664,
            "acc": 0.8355
        },
        "123": {
            "loss": 0.5474237728118897,
            "acc": 0.8382
        },
        "125": {
            "loss": 0.5560465431213379,
            "acc": 0.8361
        },
        "127": {
            "loss": 0.5351969915628433,
            "acc": 0.8385
        },
        "129": {
            "loss": 0.5415844637155532,
            "acc": 0.8412
        },
        "131": {
            "loss": 0.5349303668737412,
            "acc": 0.8424
        },
        "133": {
            "loss": 0.5351671940088272,
            "acc": 0.8394
        },
        "135": {
            "loss": 0.5216146558523178,
            "acc": 0.8447
        },
        "137": {
            "loss": 0.5296536290645599,
            "acc": 0.8453
        },
        "139": {
            "loss": 0.522095268368721,
            "acc": 0.8492
        },
        "141": {
            "loss": 0.5218914103507996,
            "acc": 0.8489
        },
        "143": {
            "loss": 0.5307763588428497,
            "acc": 0.8451
        },
        "145": {
            "loss": 0.53426318526268,
            "acc": 0.8456
        },
        "147": {
            "loss": 0.5364659684896469,
            "acc": 0.8476
        },
        "149": {
            "loss": 0.5314604157209396,
            "acc": 0.8479
        },
        "151": {
            "loss": 0.5146313107013702,
            "acc": 0.8522
        },
        "153": {
            "loss": 0.5139668184518814,
            "acc": 0.8515
        },
        "155": {
            "loss": 0.5159713542461395,
            "acc": 0.8518
        },
        "157": {
            "loss": 0.5146330147981644,
            "acc": 0.8526
        },
        "159": {
            "loss": 0.5138601058721542,
            "acc": 0.8513
        },
        "161": {
            "loss": 0.5139213478565217,
            "acc": 0.8532
        },
        "163": {
            "loss": 0.5138924318552017,
            "acc": 0.8542
        },
        "165": {
            "loss": 0.5124390393495559,
            "acc": 0.8531
        },
        "167": {
            "loss": 0.5135330206155777,
            "acc": 0.8533
        },
        "169": {
            "loss": 0.5137516933679581,
            "acc": 0.8539
        },
        "171": {
            "loss": 0.511602201461792,
            "acc": 0.8534
        },
        "173": {
            "loss": 0.513633548617363,
            "acc": 0.8531
        },
        "175": {
            "loss": 0.5140251672267914,
            "acc": 0.854
        },
        "177": {
            "loss": 0.5157849925756455,
            "acc": 0.8532
        },
        "179": {
            "loss": 0.5166942185163498,
            "acc": 0.8533
        },
        "181": {
            "loss": 0.5154258918762207,
            "acc": 0.8527
        },
        "183": {
            "loss": 0.5143148499727249,
            "acc": 0.8539
        },
        "185": {
            "loss": 0.5162643438577652,
            "acc": 0.8539
        },
        "187": {
            "loss": 0.5128029483556747,
            "acc": 0.8536
        },
        "189": {
            "loss": 0.5141436415910721,
            "acc": 0.8529
        },
        "191": {
            "loss": 0.5137084674835205,
            "acc": 0.8538
        },
        "193": {
            "loss": 0.5142268121242524,
            "acc": 0.8536
        },
        "195": {
            "loss": 0.514918075799942,
            "acc": 0.8537
        },
        "197": {
            "loss": 0.5169434642791748,
            "acc": 0.8521
        },
        "199": {
            "loss": 0.5154448127746583,
            "acc": 0.8536
        },
        "201": {
            "loss": 0.5160036712884903,
            "acc": 0.854
        },
        "203": {
            "loss": 0.515646139383316,
            "acc": 0.8543
        },
        "205": {
            "loss": 0.5156857627630234,
            "acc": 0.8541
        },
        "207": {
            "loss": 0.5154189234972,
            "acc": 0.8543
        },
        "209": {
            "loss": 0.5154579442739486,
            "acc": 0.8546
        },
        "211": {
            "loss": 0.5160071069002151,
            "acc": 0.8543
        },
        "213": {
            "loss": 0.5157133740186691,
            "acc": 0.8535
        },
        "215": {
            "loss": 0.5156810009479522,
            "acc": 0.8542
        },
        "217": {
            "loss": 0.5162627071142196,
            "acc": 0.8539
        },
        "219": {
            "loss": 0.5163152229785919,
            "acc": 0.8544
        },
        "221": {
            "loss": 0.516369788646698,
            "acc": 0.8534
        },
        "223": {
            "loss": 0.516785916686058,
            "acc": 0.8539
        },
        "225": {
            "loss": 0.5166955244541168,
            "acc": 0.8538
        },
        "227": {
            "loss": 0.5169175732135772,
            "acc": 0.8539
        },
        "229": {
            "loss": 0.5165513974428176,
            "acc": 0.8534
        },
        "231": {
            "loss": 0.5167637354135514,
            "acc": 0.8542
        },
        "233": {
            "loss": 0.5168488609790802,
            "acc": 0.8535
        },
        "235": {
            "loss": 0.516871874332428,
            "acc": 0.8535
        },
        "237": {
            "loss": 0.5168384480476379,
            "acc": 0.8542
        },
        "239": {
            "loss": 0.5164616304636002,
            "acc": 0.8539
        },
        "241": {
            "loss": 0.5165173214673996,
            "acc": 0.8544
        },
        "243": {
            "loss": 0.5167070192098617,
            "acc": 0.8546
        },
        "245": {
            "loss": 0.5163478088378907,
            "acc": 0.8539
        },
        "247": {
            "loss": 0.517125540971756,
            "acc": 0.8542
        },
        "249": {
            "loss": 0.5165800786018372,
            "acc": 0.8544
        }
    },
    "best": {
        "best_epoch": 209,
        "best_acc": 85.46
    }
}