{
    "train": {
        "0": {
            "loss": 1.4947541122851165,
            "acc": 0.44614
        },
        "1": {
            "loss": 1.1202435278526657,
            "acc": 0.59872
        },
        "2": {
            "loss": 0.9560075664459287,
            "acc": 0.66022
        },
        "3": {
            "loss": 0.839676532751459,
            "acc": 0.7006
        },
        "4": {
            "loss": 0.7571374898981256,
            "acc": 0.73536
        },
        "5": {
            "loss": 0.694596538763217,
            "acc": 0.75686
        },
        "6": {
            "loss": 0.6411212624796211,
            "acc": 0.77784
        },
        "7": {
            "loss": 0.604412206298555,
            "acc": 0.7888
        },
        "8": {
            "loss": 0.5699732768566103,
            "acc": 0.80154
        },
        "9": {
            "loss": 0.5411548792096355,
            "acc": 0.81064
        },
        "10": {
            "loss": 0.5170825722119997,
            "acc": 0.82108
        },
        "11": {
            "loss": 0.4919414934904679,
            "acc": 0.82796
        },
        "12": {
            "loss": 0.47452323660826135,
            "acc": 0.83646
        },
        "13": {
            "loss": 0.4511654868607631,
            "acc": 0.84488
        },
        "14": {
            "loss": 0.43864149499274885,
            "acc": 0.84886
        },
        "15": {
            "loss": 0.4299148760183388,
            "acc": 0.85102
        },
        "16": {
            "loss": 0.41366985253513316,
            "acc": 0.85674
        },
        "17": {
            "loss": 0.4033453297203459,
            "acc": 0.85942
        },
        "18": {
            "loss": 0.39258795797519974,
            "acc": 0.86482
        },
        "19": {
            "loss": 0.3746240193505421,
            "acc": 0.87056
        },
        "20": {
            "loss": 0.36542095941350894,
            "acc": 0.8728
        },
        "21": {
            "loss": 0.3606888810387048,
            "acc": 0.87466
        },
        "22": {
            "loss": 0.35090137534129345,
            "acc": 0.87932
        },
        "23": {
            "loss": 0.34085454614570987,
            "acc": 0.883
        },
        "24": {
            "loss": 0.3362749861862958,
            "acc": 0.88404
        },
        "25": {
            "loss": 0.3269043076792946,
            "acc": 0.88798
        },
        "26": {
            "loss": 0.32067979704541016,
            "acc": 0.88852
        },
        "27": {
            "loss": 0.3168998321380152,
            "acc": 0.88982
        },
        "28": {
            "loss": 0.30598622594800445,
            "acc": 0.89328
        },
        "29": {
            "loss": 0.3029092824672494,
            "acc": 0.89532
        },
        "30": {
            "loss": 0.30012474100455605,
            "acc": 0.89526
        },
        "31": {
            "loss": 0.2922264886710345,
            "acc": 0.89722
        },
        "32": {
            "loss": 0.28557639612871055,
            "acc": 0.8995
        },
        "33": {
            "loss": 0.28114876383558257,
            "acc": 0.9016
        },
        "34": {
            "loss": 0.2796475939319262,
            "acc": 0.90124
        },
        "35": {
            "loss": 0.2762450319155098,
            "acc": 0.90276
        },
        "36": {
            "loss": 0.2661529387278325,
            "acc": 0.90744
        },
        "37": {
            "loss": 0.2672026352313778,
            "acc": 0.90648
        },
        "38": {
            "loss": 0.2603740365342106,
            "acc": 0.90818
        },
        "39": {
            "loss": 0.25606399193367996,
            "acc": 0.90924
        },
        "40": {
            "loss": 0.2529318797047181,
            "acc": 0.91124
        },
        "41": {
            "loss": 0.24732321426462944,
            "acc": 0.91436
        },
        "42": {
            "loss": 0.24424971192312972,
            "acc": 0.9135
        },
        "43": {
            "loss": 0.24581502665720328,
            "acc": 0.91284
        },
        "44": {
            "loss": 0.23796185523347782,
            "acc": 0.9166
        },
        "45": {
            "loss": 0.24031935599835022,
            "acc": 0.91578
        },
        "46": {
            "loss": 0.23279620657491562,
            "acc": 0.91838
        },
        "47": {
            "loss": 0.23183705573877716,
            "acc": 0.91818
        },
        "48": {
            "loss": 0.22581746438732536,
            "acc": 0.92066
        },
        "49": {
            "loss": 0.22308972992403123,
            "acc": 0.92004
        },
        "50": {
            "loss": 0.22555587884715145,
            "acc": 0.92206
        },
        "51": {
            "loss": 0.22228725094472052,
            "acc": 0.92252
        },
        "52": {
            "loss": 0.21751393324426374,
            "acc": 0.92334
        },
        "53": {
            "loss": 0.21741188292765556,
            "acc": 0.9229
        },
        "54": {
            "loss": 0.21314613473461108,
            "acc": 0.92418
        },
        "55": {
            "loss": 0.20691630314759282,
            "acc": 0.92652
        },
        "56": {
            "loss": 0.206030433097154,
            "acc": 0.92732
        },
        "57": {
            "loss": 0.20711059769248719,
            "acc": 0.92698
        },
        "58": {
            "loss": 0.20157690468194234,
            "acc": 0.92894
        },
        "59": {
            "loss": 0.20540800077073715,
            "acc": 0.92824
        },
        "60": {
            "loss": 0.20065692431100493,
            "acc": 0.9292
        },
        "61": {
            "loss": 0.1947765077852532,
            "acc": 0.93104
        },
        "62": {
            "loss": 0.19758101275471776,
            "acc": 0.9303
        },
        "63": {
            "loss": 0.19529373322606391,
            "acc": 0.93088
        },
        "64": {
            "loss": 0.1919291901695149,
            "acc": 0.93228
        },
        "65": {
            "loss": 0.19688483140886287,
            "acc": 0.93042
        },
        "66": {
            "loss": 0.18578793636292143,
            "acc": 0.9345
        },
        "67": {
            "loss": 0.19147318721655995,
            "acc": 0.93292
        },
        "68": {
            "loss": 0.1898875953367604,
            "acc": 0.93132
        },
        "69": {
            "loss": 0.18546269443410132,
            "acc": 0.93402
        },
        "70": {
            "loss": 0.18077182564932062,
            "acc": 0.93592
        },
        "71": {
            "loss": 0.18309636779910768,
            "acc": 0.93454
        },
        "72": {
            "loss": 0.18556205177551036,
            "acc": 0.93332
        },
        "73": {
            "loss": 0.18167133131981505,
            "acc": 0.93522
        },
        "74": {
            "loss": 0.18289049642393962,
            "acc": 0.93512
        },
        "75": {
            "loss": 0.17231324858144118,
            "acc": 0.9395
        },
        "76": {
            "loss": 0.1754729415830749,
            "acc": 0.93698
        },
        "77": {
            "loss": 0.17581838521811052,
            "acc": 0.93872
        },
        "78": {
            "loss": 0.17575990004688882,
            "acc": 0.93768
        },
        "79": {
            "loss": 0.1725277310175359,
            "acc": 0.93856
        },
        "80": {
            "loss": 0.16967220154717144,
            "acc": 0.94016
        },
        "81": {
            "loss": 0.1724366511568389,
            "acc": 0.9382
        },
        "82": {
            "loss": 0.16744221927945876,
            "acc": 0.94094
        },
        "83": {
            "loss": 0.1683931814035034,
            "acc": 0.9397
        },
        "84": {
            "loss": 0.16443847720046786,
            "acc": 0.94214
        },
        "85": {
            "loss": 0.1698939769488314,
            "acc": 0.9402
        },
        "86": {
            "loss": 0.1679109656978446,
            "acc": 0.93932
        },
        "87": {
            "loss": 0.1650058944778674,
            "acc": 0.94196
        },
        "88": {
            "loss": 0.16545240145624446,
            "acc": 0.94212
        },
        "89": {
            "loss": 0.15986796173140827,
            "acc": 0.94344
        },
        "90": {
            "loss": 0.16324384948786566,
            "acc": 0.94292
        },
        "91": {
            "loss": 0.16284230822111334,
            "acc": 0.94198
        },
        "92": {
            "loss": 0.1605851077915305,
            "acc": 0.9435
        },
        "93": {
            "loss": 0.15683122408931213,
            "acc": 0.94472
        },
        "94": {
            "loss": 0.15942573034778582,
            "acc": 0.9438
        },
        "95": {
            "loss": 0.15418661607767614,
            "acc": 0.94518
        },
        "96": {
            "loss": 0.15697700266376177,
            "acc": 0.94436
        },
        "97": {
            "loss": 0.15797640509007838,
            "acc": 0.94442
        },
        "98": {
            "loss": 0.1568273828195794,
            "acc": 0.94422
        },
        "99": {
            "loss": 0.1582346552377924,
            "acc": 0.94434
        },
        "100": {
            "loss": 0.10369905043402901,
            "acc": 0.96462
        },
        "101": {
            "loss": 0.08585272346863813,
            "acc": 0.97136
        },
        "102": {
            "loss": 0.07876543051865705,
            "acc": 0.97434
        },
        "103": {
            "loss": 0.07222284239423854,
            "acc": 0.97634
        },
        "104": {
            "loss": 0.06947585388236796,
            "acc": 0.97702
        },
        "105": {
            "loss": 0.06569864436069413,
            "acc": 0.97822
        },
        "106": {
            "loss": 0.0636124095696089,
            "acc": 0.97872
        },
        "107": {
            "loss": 0.0633080886900806,
            "acc": 0.97904
        },
        "108": {
            "loss": 0.0572810081236274,
            "acc": 0.98198
        },
        "109": {
            "loss": 0.05915217234007538,
            "acc": 0.98014
        },
        "110": {
            "loss": 0.056363302659329095,
            "acc": 0.98158
        },
        "111": {
            "loss": 0.05431242552026153,
            "acc": 0.98204
        },
        "112": {
            "loss": 0.0513227931878832,
            "acc": 0.98354
        },
        "113": {
            "loss": 0.0506317142404311,
            "acc": 0.9837
        },
        "114": {
            "loss": 0.04949545506340311,
            "acc": 0.9839
        },
        "115": {
            "loss": 0.04679293081621685,
            "acc": 0.98474
        },
        "116": {
            "loss": 0.04631497133094484,
            "acc": 0.98468
        },
        "117": {
            "loss": 0.046212578823556526,
            "acc": 0.98516
        },
        "118": {
            "loss": 0.04586122057798421,
            "acc": 0.98464
        },
        "119": {
            "loss": 0.04552128575885159,
            "acc": 0.98518
        },
        "120": {
            "loss": 0.04299845185030795,
            "acc": 0.9861
        },
        "121": {
            "loss": 0.04318011764322629,
            "acc": 0.98622
        },
        "122": {
            "loss": 0.04231621346929494,
            "acc": 0.98602
        },
        "123": {
            "loss": 0.042523020760530175,
            "acc": 0.98588
        },
        "124": {
            "loss": 0.039156529947619916,
            "acc": 0.98758
        },
        "125": {
            "loss": 0.03936825710398805,
            "acc": 0.9872
        },
        "126": {
            "loss": 0.039349368101705216,
            "acc": 0.98758
        },
        "127": {
            "loss": 0.03796573324591074,
            "acc": 0.98842
        },
        "128": {
            "loss": 0.03779703863274754,
            "acc": 0.98774
        },
        "129": {
            "loss": 0.03690510967989331,
            "acc": 0.9884
        },
        "130": {
            "loss": 0.037821673726200905,
            "acc": 0.98782
        },
        "131": {
            "loss": 0.03788499944233586,
            "acc": 0.9875
        },
        "132": {
            "loss": 0.03637121510251289,
            "acc": 0.98804
        },
        "133": {
            "loss": 0.035732008899083297,
            "acc": 0.98886
        },
        "134": {
            "loss": 0.03618979526747999,
            "acc": 0.98812
        },
        "135": {
            "loss": 0.03415738272449702,
            "acc": 0.98902
        },
        "136": {
            "loss": 0.03394528014509155,
            "acc": 0.98906
        },
        "137": {
            "loss": 0.03438261093612274,
            "acc": 0.98876
        },
        "138": {
            "loss": 0.03271054573681043,
            "acc": 0.98972
        },
        "139": {
            "loss": 0.03455107715314307,
            "acc": 0.98872
        },
        "140": {
            "loss": 0.03295449373405188,
            "acc": 0.98964
        },
        "141": {
            "loss": 0.032276694327021196,
            "acc": 0.9893
        },
        "142": {
            "loss": 0.032383321147278675,
            "acc": 0.98894
        },
        "143": {
            "loss": 0.030886104293501058,
            "acc": 0.99028
        },
        "144": {
            "loss": 0.030491806639363166,
            "acc": 0.99002
        },
        "145": {
            "loss": 0.0313229421427583,
            "acc": 0.99026
        },
        "146": {
            "loss": 0.03093373795013751,
            "acc": 0.99
        },
        "147": {
            "loss": 0.029710346654229,
            "acc": 0.9909
        },
        "148": {
            "loss": 0.030527565554451304,
            "acc": 0.99044
        },
        "149": {
            "loss": 0.030570097807127876,
            "acc": 0.9901
        },
        "150": {
            "loss": 0.026885085138956755,
            "acc": 0.99126
        },
        "151": {
            "loss": 0.025168073973368347,
            "acc": 0.99242
        },
        "152": {
            "loss": 0.02419172292289412,
            "acc": 0.99244
        },
        "153": {
            "loss": 0.023400781351043974,
            "acc": 0.99318
        },
        "154": {
            "loss": 0.023788685966973835,
            "acc": 0.99298
        },
        "155": {
            "loss": 0.02559404134335916,
            "acc": 0.99194
        },
        "156": {
            "loss": 0.023698094969643924,
            "acc": 0.99322
        },
        "157": {
            "loss": 0.024590362561271166,
            "acc": 0.99232
        },
        "158": {
            "loss": 0.022813973490439374,
            "acc": 0.99336
        },
        "159": {
            "loss": 0.024196146696191426,
            "acc": 0.99294
        },
        "160": {
            "loss": 0.022327328805247192,
            "acc": 0.99382
        },
        "161": {
            "loss": 0.022322000150837937,
            "acc": 0.99358
        },
        "162": {
            "loss": 0.022712564469217454,
            "acc": 0.99358
        },
        "163": {
            "loss": 0.02278145932940209,
            "acc": 0.9932
        },
        "164": {
            "loss": 0.02314012518326473,
            "acc": 0.99304
        },
        "165": {
            "loss": 0.021744806053893416,
            "acc": 0.99358
        },
        "166": {
            "loss": 0.022018401900215832,
            "acc": 0.9933
        },
        "167": {
            "loss": 0.021504223929680027,
            "acc": 0.99382
        },
        "168": {
            "loss": 0.022041285646331434,
            "acc": 0.99342
        },
        "169": {
            "loss": 0.02312613174419307,
            "acc": 0.99328
        },
        "170": {
            "loss": 0.02141916967542542,
            "acc": 0.994
        },
        "171": {
            "loss": 0.02271109228224858,
            "acc": 0.99298
        },
        "172": {
            "loss": 0.021956858273400257,
            "acc": 0.99388
        },
        "173": {
            "loss": 0.021765557990130753,
            "acc": 0.99378
        },
        "174": {
            "loss": 0.022178939569269873,
            "acc": 0.99358
        },
        "175": {
            "loss": 0.0204828087016559,
            "acc": 0.9938
        },
        "176": {
            "loss": 0.02175878403920328,
            "acc": 0.99378
        },
        "177": {
            "loss": 0.020343832340260583,
            "acc": 0.99424
        },
        "178": {
            "loss": 0.02159391639187284,
            "acc": 0.9935
        },
        "179": {
            "loss": 0.02171222214489375,
            "acc": 0.99398
        },
        "180": {
            "loss": 0.020402558916665214,
            "acc": 0.994
        },
        "181": {
            "loss": 0.021020072932138353,
            "acc": 0.99394
        },
        "182": {
            "loss": 0.022313482990331205,
            "acc": 0.99324
        },
        "183": {
            "loss": 0.02203281741837025,
            "acc": 0.99344
        },
        "184": {
            "loss": 0.021373628577350846,
            "acc": 0.99392
        },
        "185": {
            "loss": 0.020954280414337487,
            "acc": 0.99394
        },
        "186": {
            "loss": 0.020738109507981467,
            "acc": 0.99382
        },
        "187": {
            "loss": 0.021690602376199592,
            "acc": 0.99352
        },
        "188": {
            "loss": 0.01981761818275313,
            "acc": 0.99458
        },
        "189": {
            "loss": 0.021613927625948586,
            "acc": 0.99378
        },
        "190": {
            "loss": 0.020452702263741733,
            "acc": 0.99386
        },
        "191": {
            "loss": 0.020307121179102328,
            "acc": 0.99434
        },
        "192": {
            "loss": 0.021774149799952878,
            "acc": 0.99356
        },
        "193": {
            "loss": 0.020242716856253194,
            "acc": 0.99454
        },
        "194": {
            "loss": 0.02078226877762305,
            "acc": 0.99398
        },
        "195": {
            "loss": 0.0195777457805298,
            "acc": 0.9947
        },
        "196": {
            "loss": 0.01905030769425804,
            "acc": 0.99468
        },
        "197": {
            "loss": 0.020915085163986897,
            "acc": 0.99372
        },
        "198": {
            "loss": 0.01892282775736621,
            "acc": 0.99486
        },
        "199": {
            "loss": 0.02023045321696621,
            "acc": 0.9942
        },
        "200": {
            "loss": 0.019234142557401065,
            "acc": 0.99472
        },
        "201": {
            "loss": 0.019207409406771594,
            "acc": 0.99446
        },
        "202": {
            "loss": 0.01923676623481676,
            "acc": 0.99464
        },
        "203": {
            "loss": 0.020225597676509024,
            "acc": 0.99406
        },
        "204": {
            "loss": 0.01989071245264748,
            "acc": 0.99448
        },
        "205": {
            "loss": 0.019830550231477794,
            "acc": 0.99446
        },
        "206": {
            "loss": 0.01863061434999013,
            "acc": 0.99458
        },
        "207": {
            "loss": 0.019122065494522986,
            "acc": 0.99482
        },
        "208": {
            "loss": 0.019604615595601404,
            "acc": 0.99428
        },
        "209": {
            "loss": 0.01923638228398493,
            "acc": 0.99454
        },
        "210": {
            "loss": 0.018525224748303367,
            "acc": 0.99474
        },
        "211": {
            "loss": 0.02084434825553061,
            "acc": 0.99394
        },
        "212": {
            "loss": 0.02008105538871206,
            "acc": 0.99394
        },
        "213": {
            "loss": 0.02051264797742276,
            "acc": 0.99362
        },
        "214": {
            "loss": 0.01805535057330947,
            "acc": 0.99494
        },
        "215": {
            "loss": 0.018708718653596804,
            "acc": 0.99472
        },
        "216": {
            "loss": 0.01957952316351416,
            "acc": 0.9944
        },
        "217": {
            "loss": 0.019699085702705184,
            "acc": 0.9939
        },
        "218": {
            "loss": 0.020370487716820693,
            "acc": 0.99398
        },
        "219": {
            "loss": 0.019509394602526143,
            "acc": 0.99448
        },
        "220": {
            "loss": 0.019362916604822974,
            "acc": 0.99426
        },
        "221": {
            "loss": 0.020088051076587815,
            "acc": 0.9941
        },
        "222": {
            "loss": 0.019815103901202415,
            "acc": 0.99416
        },
        "223": {
            "loss": 0.02018330274137866,
            "acc": 0.99396
        },
        "224": {
            "loss": 0.018887506191716398,
            "acc": 0.99476
        },
        "225": {
            "loss": 0.018853786278187352,
            "acc": 0.99506
        },
        "226": {
            "loss": 0.019505895742112794,
            "acc": 0.99426
        },
        "227": {
            "loss": 0.018871682158330707,
            "acc": 0.99474
        },
        "228": {
            "loss": 0.018992577272745996,
            "acc": 0.99424
        },
        "229": {
            "loss": 0.020725582249324453,
            "acc": 0.99406
        },
        "230": {
            "loss": 0.01878139289343715,
            "acc": 0.99478
        },
        "231": {
            "loss": 0.01854214703400984,
            "acc": 0.99466
        },
        "232": {
            "loss": 0.018842989100379123,
            "acc": 0.9949
        },
        "233": {
            "loss": 0.01912469917948803,
            "acc": 0.99418
        },
        "234": {
            "loss": 0.020434066083977746,
            "acc": 0.99404
        },
        "235": {
            "loss": 0.019823014851697646,
            "acc": 0.99418
        },
        "236": {
            "loss": 0.01965259455437379,
            "acc": 0.9942
        },
        "237": {
            "loss": 0.019389284403382532,
            "acc": 0.99436
        },
        "238": {
            "loss": 0.01891850643491139,
            "acc": 0.99472
        },
        "239": {
            "loss": 0.019300956786383907,
            "acc": 0.99464
        },
        "240": {
            "loss": 0.020010074591049757,
            "acc": 0.99428
        },
        "241": {
            "loss": 0.019402589509323182,
            "acc": 0.99436
        },
        "242": {
            "loss": 0.01936876762103375,
            "acc": 0.99454
        },
        "243": {
            "loss": 0.0198176009532855,
            "acc": 0.9941
        },
        "244": {
            "loss": 0.01979483111226774,
            "acc": 0.99388
        },
        "245": {
            "loss": 0.01975810827682619,
            "acc": 0.99422
        },
        "246": {
            "loss": 0.019786147223880796,
            "acc": 0.99458
        },
        "247": {
            "loss": 0.019218093116858216,
            "acc": 0.99476
        },
        "248": {
            "loss": 0.01811317062003019,
            "acc": 0.99536
        },
        "249": {
            "loss": 0.019711137555725396,
            "acc": 0.99422
        }
    },
    "test": {
        "0": {
            "loss": 1.3058517932891847,
            "acc": 0.5305
        },
        "1": {
            "loss": 1.0518903875350951,
            "acc": 0.6335
        },
        "3": {
            "loss": 0.849257150888443,
            "acc": 0.7057
        },
        "5": {
            "loss": 0.772967973947525,
            "acc": 0.7353
        },
        "7": {
            "loss": 0.7173529410362244,
            "acc": 0.7564
        },
        "9": {
            "loss": 0.6914328652620315,
            "acc": 0.772
        },
        "11": {
            "loss": 0.5883296465873719,
            "acc": 0.8089
        },
        "13": {
            "loss": 0.49911682605743407,
            "acc": 0.8343
        },
        "15": {
            "loss": 0.516849331855774,
            "acc": 0.8283
        },
        "17": {
            "loss": 0.5274392575025558,
            "acc": 0.8237
        },
        "19": {
            "loss": 0.4812782287597656,
            "acc": 0.8366
        },
        "21": {
            "loss": 0.5336356478929519,
            "acc": 0.8247
        },
        "23": {
            "loss": 0.6234547424316407,
            "acc": 0.804
        },
        "25": {
            "loss": 0.4990863573551178,
            "acc": 0.8396
        },
        "27": {
            "loss": 0.5056830191612244,
            "acc": 0.8352
        },
        "29": {
            "loss": 0.4529663598537445,
            "acc": 0.8531
        },
        "31": {
            "loss": 0.46641205847263334,
            "acc": 0.8515
        },
        "33": {
            "loss": 0.41913106918334964,
            "acc": 0.8631
        },
        "35": {
            "loss": 0.4641632127761841,
            "acc": 0.8525
        },
        "37": {
            "loss": 0.4436446529626846,
            "acc": 0.8572
        },
        "39": {
            "loss": 0.5249986976385117,
            "acc": 0.8394
        },
        "41": {
            "loss": 0.4534381490945816,
            "acc": 0.8596
        },
        "43": {
            "loss": 0.44651621878147124,
            "acc": 0.8611
        },
        "45": {
            "loss": 0.4092948842048645,
            "acc": 0.8691
        },
        "47": {
            "loss": 0.4419748669862747,
            "acc": 0.8608
        },
        "49": {
            "loss": 0.444062225818634,
            "acc": 0.8609
        },
        "51": {
            "loss": 0.44734155356884003,
            "acc": 0.8652
        },
        "53": {
            "loss": 0.4283910804986954,
            "acc": 0.8739
        },
        "55": {
            "loss": 0.4695114362239838,
            "acc": 0.8613
        },
        "57": {
            "loss": 0.42417221575975417,
            "acc": 0.8657
        },
        "59": {
            "loss": 0.4916596132516861,
            "acc": 0.8527
        },
        "61": {
            "loss": 0.42054935812950134,
            "acc": 0.8712
        },
        "63": {
            "loss": 0.44692049860954286,
            "acc": 0.8662
        },
        "65": {
            "loss": 0.406024090051651,
            "acc": 0.874
        },
        "67": {
            "loss": 0.458794766664505,
            "acc": 0.865
        },
        "69": {
            "loss": 0.4476884299516678,
            "acc": 0.8686
        },
        "71": {
            "loss": 0.42371158391237257,
            "acc": 0.8763
        },
        "73": {
            "loss": 0.4283635514974594,
            "acc": 0.8753
        },
        "75": {
            "loss": 0.4275008136034012,
            "acc": 0.8757
        },
        "77": {
            "loss": 0.419079926609993,
            "acc": 0.8772
        },
        "79": {
            "loss": 0.4483568984270096,
            "acc": 0.8685
        },
        "81": {
            "loss": 0.4487384784221649,
            "acc": 0.8706
        },
        "83": {
            "loss": 0.4427343547344208,
            "acc": 0.8734
        },
        "85": {
            "loss": 0.41821850419044493,
            "acc": 0.8741
        },
        "87": {
            "loss": 0.4365207675099373,
            "acc": 0.8742
        },
        "89": {
            "loss": 0.4276495063304901,
            "acc": 0.8773
        },
        "91": {
            "loss": 0.42147849678993227,
            "acc": 0.88
        },
        "93": {
            "loss": 0.4517292594909668,
            "acc": 0.8699
        },
        "95": {
            "loss": 0.4167420992255211,
            "acc": 0.8769
        },
        "97": {
            "loss": 0.4750682944059372,
            "acc": 0.873
        },
        "99": {
            "loss": 0.436303553879261,
            "acc": 0.8773
        },
        "101": {
            "loss": 0.3427412435412407,
            "acc": 0.8997
        },
        "103": {
            "loss": 0.3580128139257431,
            "acc": 0.9012
        },
        "105": {
            "loss": 0.35283019840717317,
            "acc": 0.9038
        },
        "107": {
            "loss": 0.3630632132291794,
            "acc": 0.9019
        },
        "109": {
            "loss": 0.3681031769514084,
            "acc": 0.9015
        },
        "111": {
            "loss": 0.3747294473648071,
            "acc": 0.9017
        },
        "113": {
            "loss": 0.380028623342514,
            "acc": 0.9017
        },
        "115": {
            "loss": 0.3856670075654984,
            "acc": 0.9025
        },
        "117": {
            "loss": 0.39892545223236087,
            "acc": 0.9013
        },
        "119": {
            "loss": 0.40009693562984466,
            "acc": 0.9002
        },
        "121": {
            "loss": 0.4114756473898888,
            "acc": 0.899
        },
        "123": {
            "loss": 0.41306104183197023,
            "acc": 0.9003
        },
        "125": {
            "loss": 0.406549913585186,
            "acc": 0.9026
        },
        "127": {
            "loss": 0.42208763062953947,
            "acc": 0.9002
        },
        "129": {
            "loss": 0.4176733011007309,
            "acc": 0.9041
        },
        "131": {
            "loss": 0.42643581867218017,
            "acc": 0.9018
        },
        "133": {
            "loss": 0.4357833743095398,
            "acc": 0.9002
        },
        "135": {
            "loss": 0.4387226951122284,
            "acc": 0.9001
        },
        "137": {
            "loss": 0.4466941985487938,
            "acc": 0.901
        },
        "139": {
            "loss": 0.4496881544589996,
            "acc": 0.9005
        },
        "141": {
            "loss": 0.4573222893476486,
            "acc": 0.9002
        },
        "143": {
            "loss": 0.4643705141544342,
            "acc": 0.8984
        },
        "145": {
            "loss": 0.4622838142514229,
            "acc": 0.8987
        },
        "147": {
            "loss": 0.4554780787229538,
            "acc": 0.9
        },
        "149": {
            "loss": 0.4610526418685913,
            "acc": 0.8985
        },
        "151": {
            "loss": 0.45869786739349366,
            "acc": 0.9006
        },
        "153": {
            "loss": 0.4551932543516159,
            "acc": 0.9023
        },
        "155": {
            "loss": 0.4584304565191269,
            "acc": 0.9016
        },
        "157": {
            "loss": 0.4613704371452332,
            "acc": 0.9004
        },
        "159": {
            "loss": 0.46160217821598054,
            "acc": 0.9016
        },
        "161": {
            "loss": 0.457674178481102,
            "acc": 0.9017
        },
        "163": {
            "loss": 0.4585103005170822,
            "acc": 0.9018
        },
        "165": {
            "loss": 0.4623608762025833,
            "acc": 0.9017
        },
        "167": {
            "loss": 0.4559073460102081,
            "acc": 0.9019
        },
        "169": {
            "loss": 0.4602523225545883,
            "acc": 0.902
        },
        "171": {
            "loss": 0.46267192482948305,
            "acc": 0.9018
        },
        "173": {
            "loss": 0.46375011444091796,
            "acc": 0.9022
        },
        "175": {
            "loss": 0.464968199133873,
            "acc": 0.9025
        },
        "177": {
            "loss": 0.46321732580661773,
            "acc": 0.9032
        },
        "179": {
            "loss": 0.46342384338378906,
            "acc": 0.9029
        },
        "181": {
            "loss": 0.4669007861614227,
            "acc": 0.9017
        },
        "183": {
            "loss": 0.4685348480939865,
            "acc": 0.9012
        },
        "185": {
            "loss": 0.46714831233024595,
            "acc": 0.901
        },
        "187": {
            "loss": 0.46815328538417816,
            "acc": 0.9025
        },
        "189": {
            "loss": 0.46855454564094545,
            "acc": 0.902
        },
        "191": {
            "loss": 0.46498631179332733,
            "acc": 0.9027
        },
        "193": {
            "loss": 0.4717282772064209,
            "acc": 0.9013
        },
        "195": {
            "loss": 0.4676206964254379,
            "acc": 0.9017
        },
        "197": {
            "loss": 0.46939108431339266,
            "acc": 0.902
        },
        "199": {
            "loss": 0.4659635609388351,
            "acc": 0.9027
        },
        "201": {
            "loss": 0.47334629714488985,
            "acc": 0.903
        },
        "203": {
            "loss": 0.4733258575201035,
            "acc": 0.9027
        },
        "205": {
            "loss": 0.46818860530853273,
            "acc": 0.903
        },
        "207": {
            "loss": 0.4680508786439896,
            "acc": 0.9031
        },
        "209": {
            "loss": 0.46940545976161957,
            "acc": 0.9017
        },
        "211": {
            "loss": 0.4710555601119995,
            "acc": 0.9025
        },
        "213": {
            "loss": 0.4760013484954834,
            "acc": 0.9035
        },
        "215": {
            "loss": 0.46799797713756563,
            "acc": 0.9033
        },
        "217": {
            "loss": 0.4680184131860733,
            "acc": 0.9024
        },
        "219": {
            "loss": 0.47190981507301333,
            "acc": 0.9024
        },
        "221": {
            "loss": 0.4722830682992935,
            "acc": 0.9027
        },
        "223": {
            "loss": 0.4685720604658127,
            "acc": 0.9015
        },
        "225": {
            "loss": 0.47066972255706785,
            "acc": 0.9026
        },
        "227": {
            "loss": 0.47012445867061614,
            "acc": 0.9025
        },
        "229": {
            "loss": 0.4703603708744049,
            "acc": 0.9031
        },
        "231": {
            "loss": 0.46825272500514986,
            "acc": 0.9035
        },
        "233": {
            "loss": 0.4678569483757019,
            "acc": 0.9042
        },
        "235": {
            "loss": 0.46865022122859956,
            "acc": 0.9033
        },
        "237": {
            "loss": 0.4718946135044098,
            "acc": 0.9021
        },
        "239": {
            "loss": 0.46617995381355287,
            "acc": 0.9027
        },
        "241": {
            "loss": 0.47206301540136336,
            "acc": 0.9027
        },
        "243": {
            "loss": 0.468994460105896,
            "acc": 0.9034
        },
        "245": {
            "loss": 0.47021046102046965,
            "acc": 0.9024
        },
        "247": {
            "loss": 0.4697273761034012,
            "acc": 0.9026
        },
        "249": {
            "loss": 0.4705285829305649,
            "acc": 0.9034
        }
    },
    "best": {
        "best_epoch": 233,
        "best_acc": 90.42
    }
}