{
    "train": {
        "0": {
            "loss": 1.5009436948829904,
            "acc": 0.44512
        },
        "1": {
            "loss": 1.0738451709527799,
            "acc": 0.61158
        },
        "2": {
            "loss": 0.9004232910892848,
            "acc": 0.68066
        },
        "3": {
            "loss": 0.7792238872069532,
            "acc": 0.72732
        },
        "4": {
            "loss": 0.6879531956847061,
            "acc": 0.76074
        },
        "5": {
            "loss": 0.6287187969745578,
            "acc": 0.78322
        },
        "6": {
            "loss": 0.5807441870117431,
            "acc": 0.79988
        },
        "7": {
            "loss": 0.5393896171503969,
            "acc": 0.8143
        },
        "8": {
            "loss": 0.5103401244448884,
            "acc": 0.82528
        },
        "9": {
            "loss": 0.48239840494702235,
            "acc": 0.83322
        },
        "10": {
            "loss": 0.4530813053745748,
            "acc": 0.84214
        },
        "11": {
            "loss": 0.4357357567838391,
            "acc": 0.84974
        },
        "12": {
            "loss": 0.410949912522455,
            "acc": 0.8586
        },
        "13": {
            "loss": 0.39735449877236506,
            "acc": 0.8634
        },
        "14": {
            "loss": 0.37675864807785014,
            "acc": 0.87082
        },
        "15": {
            "loss": 0.3614097908329781,
            "acc": 0.8762
        },
        "16": {
            "loss": 0.3487699218189625,
            "acc": 0.87856
        },
        "17": {
            "loss": 0.3332929517835607,
            "acc": 0.88572
        },
        "18": {
            "loss": 0.3215681557231547,
            "acc": 0.89032
        },
        "19": {
            "loss": 0.31363515403417064,
            "acc": 0.8921
        },
        "20": {
            "loss": 0.30006005125277485,
            "acc": 0.89684
        },
        "21": {
            "loss": 0.293859752700152,
            "acc": 0.89846
        },
        "22": {
            "loss": 0.2840601416576244,
            "acc": 0.90184
        },
        "23": {
            "loss": 0.2722029686164673,
            "acc": 0.90684
        },
        "24": {
            "loss": 0.2678682389085555,
            "acc": 0.90844
        },
        "25": {
            "loss": 0.26052183353001507,
            "acc": 0.90938
        },
        "26": {
            "loss": 0.2517364402408795,
            "acc": 0.91332
        },
        "27": {
            "loss": 0.2444696478983935,
            "acc": 0.91608
        },
        "28": {
            "loss": 0.23933685974925376,
            "acc": 0.91702
        },
        "29": {
            "loss": 0.23684509212860977,
            "acc": 0.91776
        },
        "30": {
            "loss": 0.23154135429493303,
            "acc": 0.92088
        },
        "31": {
            "loss": 0.22294685103551812,
            "acc": 0.92214
        },
        "32": {
            "loss": 0.21396498151523682,
            "acc": 0.92504
        },
        "33": {
            "loss": 0.21622472936692444,
            "acc": 0.92592
        },
        "34": {
            "loss": 0.21157437368579532,
            "acc": 0.9276
        },
        "35": {
            "loss": 0.20917270191566414,
            "acc": 0.92724
        },
        "36": {
            "loss": 0.19965911900524594,
            "acc": 0.9305
        },
        "37": {
            "loss": 0.19888214202945495,
            "acc": 0.93112
        },
        "38": {
            "loss": 0.19055835925557119,
            "acc": 0.93418
        },
        "39": {
            "loss": 0.19334658873660485,
            "acc": 0.93346
        },
        "40": {
            "loss": 0.18976729856732558,
            "acc": 0.93434
        },
        "41": {
            "loss": 0.1851202712187072,
            "acc": 0.93494
        },
        "42": {
            "loss": 0.18305032906096305,
            "acc": 0.93498
        },
        "43": {
            "loss": 0.17551083228243586,
            "acc": 0.93992
        },
        "44": {
            "loss": 0.18247235492062386,
            "acc": 0.93682
        },
        "45": {
            "loss": 0.17286741217155285,
            "acc": 0.94052
        },
        "46": {
            "loss": 0.17060518697323396,
            "acc": 0.94042
        },
        "47": {
            "loss": 0.16645744803082912,
            "acc": 0.94186
        },
        "48": {
            "loss": 0.16860777150144052,
            "acc": 0.94126
        },
        "49": {
            "loss": 0.16325879975429278,
            "acc": 0.94302
        },
        "50": {
            "loss": 0.16336850954405488,
            "acc": 0.94312
        },
        "51": {
            "loss": 0.16148460282922705,
            "acc": 0.94338
        },
        "52": {
            "loss": 0.15994379712302056,
            "acc": 0.94472
        },
        "53": {
            "loss": 0.15386545568552162,
            "acc": 0.94598
        },
        "54": {
            "loss": 0.15378628115710394,
            "acc": 0.94618
        },
        "55": {
            "loss": 0.15745496938524345,
            "acc": 0.94518
        },
        "56": {
            "loss": 0.15361111917916467,
            "acc": 0.94696
        },
        "57": {
            "loss": 0.15165701048339114,
            "acc": 0.94766
        },
        "58": {
            "loss": 0.14792636973435616,
            "acc": 0.94718
        },
        "59": {
            "loss": 0.1471649093643936,
            "acc": 0.94786
        },
        "60": {
            "loss": 0.14518575955306173,
            "acc": 0.94874
        },
        "61": {
            "loss": 0.13930043298989306,
            "acc": 0.95136
        },
        "62": {
            "loss": 0.14684070825881665,
            "acc": 0.94774
        },
        "63": {
            "loss": 0.1442496549442906,
            "acc": 0.94944
        },
        "64": {
            "loss": 0.13942544952111172,
            "acc": 0.95118
        },
        "65": {
            "loss": 0.13833570615638552,
            "acc": 0.95168
        },
        "66": {
            "loss": 0.1431597799367612,
            "acc": 0.95024
        },
        "67": {
            "loss": 0.13742551100833336,
            "acc": 0.95056
        },
        "68": {
            "loss": 0.13730753694310824,
            "acc": 0.95202
        },
        "69": {
            "loss": 0.13454267780875306,
            "acc": 0.95346
        },
        "70": {
            "loss": 0.1304094146441697,
            "acc": 0.95422
        },
        "71": {
            "loss": 0.1323015119337365,
            "acc": 0.9541
        },
        "72": {
            "loss": 0.1373200838065818,
            "acc": 0.9512
        },
        "73": {
            "loss": 0.13378861213050536,
            "acc": 0.9532
        },
        "74": {
            "loss": 0.12910922486192125,
            "acc": 0.95568
        },
        "75": {
            "loss": 0.13279669971474448,
            "acc": 0.95278
        },
        "76": {
            "loss": 0.12685814201641266,
            "acc": 0.9554
        },
        "77": {
            "loss": 0.12860899960236324,
            "acc": 0.95416
        },
        "78": {
            "loss": 0.12485278813201753,
            "acc": 0.9555
        },
        "79": {
            "loss": 0.12223580489149484,
            "acc": 0.95798
        },
        "80": {
            "loss": 0.1281882264768071,
            "acc": 0.95602
        },
        "81": {
            "loss": 0.12463048679272995,
            "acc": 0.95666
        },
        "82": {
            "loss": 0.12564701337338713,
            "acc": 0.95552
        },
        "83": {
            "loss": 0.12215959803794352,
            "acc": 0.95694
        },
        "84": {
            "loss": 0.1257748620303543,
            "acc": 0.95626
        },
        "85": {
            "loss": 0.12176075948359412,
            "acc": 0.95754
        },
        "86": {
            "loss": 0.12198159313948868,
            "acc": 0.95712
        },
        "87": {
            "loss": 0.12381434588290541,
            "acc": 0.95696
        },
        "88": {
            "loss": 0.12031059978944261,
            "acc": 0.9586
        },
        "89": {
            "loss": 0.11907522308895045,
            "acc": 0.95842
        },
        "90": {
            "loss": 0.1205131875546387,
            "acc": 0.95794
        },
        "91": {
            "loss": 0.11750778848367274,
            "acc": 0.95936
        },
        "92": {
            "loss": 0.11519693863361388,
            "acc": 0.95888
        },
        "93": {
            "loss": 0.11712903375058528,
            "acc": 0.95866
        },
        "94": {
            "loss": 0.1164025348918441,
            "acc": 0.95988
        },
        "95": {
            "loss": 0.11641159421666657,
            "acc": 0.95924
        },
        "96": {
            "loss": 0.1218193757926564,
            "acc": 0.95626
        },
        "97": {
            "loss": 0.11401647964821142,
            "acc": 0.95944
        },
        "98": {
            "loss": 0.1163465922074321,
            "acc": 0.95936
        },
        "99": {
            "loss": 0.11151694400650461,
            "acc": 0.9613
        },
        "100": {
            "loss": 0.06613606894555528,
            "acc": 0.97882
        },
        "101": {
            "loss": 0.045864274794393034,
            "acc": 0.98602
        },
        "102": {
            "loss": 0.036387431756843384,
            "acc": 0.98922
        },
        "103": {
            "loss": 0.030772143180536872,
            "acc": 0.99124
        },
        "104": {
            "loss": 0.029054217505009125,
            "acc": 0.99136
        },
        "105": {
            "loss": 0.02663430853572953,
            "acc": 0.99208
        },
        "106": {
            "loss": 0.024682839344496197,
            "acc": 0.99312
        },
        "107": {
            "loss": 0.02212711240884269,
            "acc": 0.99376
        },
        "108": {
            "loss": 0.02170030202995271,
            "acc": 0.9936
        },
        "109": {
            "loss": 0.020262386676047923,
            "acc": 0.99412
        },
        "110": {
            "loss": 0.019584647319672625,
            "acc": 0.99428
        },
        "111": {
            "loss": 0.017443188668593117,
            "acc": 0.995
        },
        "112": {
            "loss": 0.016833064891278858,
            "acc": 0.99532
        },
        "113": {
            "loss": 0.015991113995990295,
            "acc": 0.99534
        },
        "114": {
            "loss": 0.015118724317885364,
            "acc": 0.99572
        },
        "115": {
            "loss": 0.015100499897030517,
            "acc": 0.99566
        },
        "116": {
            "loss": 0.014355369690505554,
            "acc": 0.9959
        },
        "117": {
            "loss": 0.013976844974443355,
            "acc": 0.99606
        },
        "118": {
            "loss": 0.013766776766482731,
            "acc": 0.99616
        },
        "119": {
            "loss": 0.013213082857113189,
            "acc": 0.99606
        },
        "120": {
            "loss": 0.013608872986492722,
            "acc": 0.99602
        },
        "121": {
            "loss": 0.011949160951189697,
            "acc": 0.99672
        },
        "122": {
            "loss": 0.012774640836132466,
            "acc": 0.9964
        },
        "123": {
            "loss": 0.011723712043952235,
            "acc": 0.99696
        },
        "124": {
            "loss": 0.01158779931089143,
            "acc": 0.99674
        },
        "125": {
            "loss": 0.011194236563307845,
            "acc": 0.99696
        },
        "126": {
            "loss": 0.011814037007559567,
            "acc": 0.99666
        },
        "127": {
            "loss": 0.011544608677019272,
            "acc": 0.9967
        },
        "128": {
            "loss": 0.010721019913574627,
            "acc": 0.9972
        },
        "129": {
            "loss": 0.009868430924099272,
            "acc": 0.99708
        },
        "130": {
            "loss": 0.01082815148223363,
            "acc": 0.99672
        },
        "131": {
            "loss": 0.010842847392794288,
            "acc": 0.99678
        },
        "132": {
            "loss": 0.011610729620530558,
            "acc": 0.99654
        },
        "133": {
            "loss": 0.011047797906912191,
            "acc": 0.99674
        },
        "134": {
            "loss": 0.010487440991235653,
            "acc": 0.99734
        },
        "135": {
            "loss": 0.010093114313954139,
            "acc": 0.99738
        },
        "136": {
            "loss": 0.009010129501177308,
            "acc": 0.9975
        },
        "137": {
            "loss": 0.009094585897847582,
            "acc": 0.99774
        },
        "138": {
            "loss": 0.010177381142117607,
            "acc": 0.9973
        },
        "139": {
            "loss": 0.00826728323270874,
            "acc": 0.9979
        },
        "140": {
            "loss": 0.009828183318838439,
            "acc": 0.99718
        },
        "141": {
            "loss": 0.010156278056479619,
            "acc": 0.99706
        },
        "142": {
            "loss": 0.008857820853692196,
            "acc": 0.99748
        },
        "143": {
            "loss": 0.00890041798036998,
            "acc": 0.99746
        },
        "144": {
            "loss": 0.008794065300628895,
            "acc": 0.99766
        },
        "145": {
            "loss": 0.009579064415456952,
            "acc": 0.9972
        },
        "146": {
            "loss": 0.00841498335816271,
            "acc": 0.99752
        },
        "147": {
            "loss": 0.010775141634881887,
            "acc": 0.99672
        },
        "148": {
            "loss": 0.008341212464702527,
            "acc": 0.99786
        },
        "149": {
            "loss": 0.008195807136308826,
            "acc": 0.99792
        },
        "150": {
            "loss": 0.007339585283601447,
            "acc": 0.99824
        },
        "151": {
            "loss": 0.006851702439286115,
            "acc": 0.99796
        },
        "152": {
            "loss": 0.006320147748242783,
            "acc": 0.99838
        },
        "153": {
            "loss": 0.005279083692399033,
            "acc": 0.99886
        },
        "154": {
            "loss": 0.005952114856916854,
            "acc": 0.9985
        },
        "155": {
            "loss": 0.005391552914431214,
            "acc": 0.99862
        },
        "156": {
            "loss": 0.005084399929177254,
            "acc": 0.9989
        },
        "157": {
            "loss": 0.00506216215958689,
            "acc": 0.99902
        },
        "158": {
            "loss": 0.004990335744138702,
            "acc": 0.99864
        },
        "159": {
            "loss": 0.004589431575791853,
            "acc": 0.99918
        },
        "160": {
            "loss": 0.004319741026066063,
            "acc": 0.99924
        },
        "161": {
            "loss": 0.004588760523190436,
            "acc": 0.99884
        },
        "162": {
            "loss": 0.004336353302980914,
            "acc": 0.99912
        },
        "163": {
            "loss": 0.004410621448112723,
            "acc": 0.99898
        },
        "164": {
            "loss": 0.004250414762631073,
            "acc": 0.99932
        },
        "165": {
            "loss": 0.0043754999231382765,
            "acc": 0.99912
        },
        "166": {
            "loss": 0.004616033132298185,
            "acc": 0.99894
        },
        "167": {
            "loss": 0.004297329434294901,
            "acc": 0.99902
        },
        "168": {
            "loss": 0.0043624417061079055,
            "acc": 0.99914
        },
        "169": {
            "loss": 0.004066732363588394,
            "acc": 0.99934
        },
        "170": {
            "loss": 0.004385336484361673,
            "acc": 0.999
        },
        "171": {
            "loss": 0.0036017133792846812,
            "acc": 0.9994
        },
        "172": {
            "loss": 0.003965167982248908,
            "acc": 0.99922
        },
        "173": {
            "loss": 0.003840618374500819,
            "acc": 0.99934
        },
        "174": {
            "loss": 0.003963000418724316,
            "acc": 0.99918
        },
        "175": {
            "loss": 0.0036997032598020687,
            "acc": 0.99934
        },
        "176": {
            "loss": 0.004237681256292764,
            "acc": 0.99898
        },
        "177": {
            "loss": 0.003776821976630589,
            "acc": 0.99932
        },
        "178": {
            "loss": 0.004066122961087662,
            "acc": 0.99914
        },
        "179": {
            "loss": 0.00401926494144407,
            "acc": 0.99922
        },
        "180": {
            "loss": 0.0038938082385715335,
            "acc": 0.99926
        },
        "181": {
            "loss": 0.0030834893300019377,
            "acc": 0.99954
        },
        "182": {
            "loss": 0.0034263475636250157,
            "acc": 0.99942
        },
        "183": {
            "loss": 0.0034443457494638717,
            "acc": 0.99938
        },
        "184": {
            "loss": 0.00378530282664763,
            "acc": 0.99926
        },
        "185": {
            "loss": 0.0037676479245829,
            "acc": 0.9991
        },
        "186": {
            "loss": 0.003690627192089315,
            "acc": 0.99932
        },
        "187": {
            "loss": 0.0035279196177316293,
            "acc": 0.9992
        },
        "188": {
            "loss": 0.0038243792579679622,
            "acc": 0.99924
        },
        "189": {
            "loss": 0.003651588747296911,
            "acc": 0.99938
        },
        "190": {
            "loss": 0.0036124424446020466,
            "acc": 0.99922
        },
        "191": {
            "loss": 0.003227433609782749,
            "acc": 0.99952
        },
        "192": {
            "loss": 0.003601688584942511,
            "acc": 0.9992
        },
        "193": {
            "loss": 0.0035636284533153285,
            "acc": 0.99922
        },
        "194": {
            "loss": 0.0036692241707112867,
            "acc": 0.99922
        },
        "195": {
            "loss": 0.0036590022103124968,
            "acc": 0.99914
        },
        "196": {
            "loss": 0.0031422486628049657,
            "acc": 0.9994
        },
        "197": {
            "loss": 0.0034696478702951473,
            "acc": 0.9993
        },
        "198": {
            "loss": 0.0032173800760793175,
            "acc": 0.99944
        },
        "199": {
            "loss": 0.003467389179737238,
            "acc": 0.99932
        },
        "200": {
            "loss": 0.003443391252647909,
            "acc": 0.9993
        },
        "201": {
            "loss": 0.003303167974109502,
            "acc": 0.99934
        },
        "202": {
            "loss": 0.003439547739836061,
            "acc": 0.99932
        },
        "203": {
            "loss": 0.003500878939653992,
            "acc": 0.99928
        },
        "204": {
            "loss": 0.0033149176071483708,
            "acc": 0.99934
        },
        "205": {
            "loss": 0.003197361455883121,
            "acc": 0.99942
        },
        "206": {
            "loss": 0.0031382380453262317,
            "acc": 0.99952
        },
        "207": {
            "loss": 0.003225137962979953,
            "acc": 0.99936
        },
        "208": {
            "loss": 0.0031031113614931423,
            "acc": 0.99948
        },
        "209": {
            "loss": 0.00348727038281117,
            "acc": 0.99946
        },
        "210": {
            "loss": 0.003038525651923626,
            "acc": 0.99954
        },
        "211": {
            "loss": 0.0038798730065653106,
            "acc": 0.9991
        },
        "212": {
            "loss": 0.003119110497107129,
            "acc": 0.99942
        },
        "213": {
            "loss": 0.00329774700640671,
            "acc": 0.99932
        },
        "214": {
            "loss": 0.003326585389646318,
            "acc": 0.99918
        },
        "215": {
            "loss": 0.0030736885451273445,
            "acc": 0.9994
        },
        "216": {
            "loss": 0.0030759936067587734,
            "acc": 0.99942
        },
        "217": {
            "loss": 0.002815222793743741,
            "acc": 0.99958
        },
        "218": {
            "loss": 0.0029600752106182337,
            "acc": 0.9995
        },
        "219": {
            "loss": 0.0036694016236135415,
            "acc": 0.99926
        },
        "220": {
            "loss": 0.0031538131928024933,
            "acc": 0.99964
        },
        "221": {
            "loss": 0.0033174078410450857,
            "acc": 0.9994
        },
        "222": {
            "loss": 0.002848651199771301,
            "acc": 0.99954
        },
        "223": {
            "loss": 0.002962291361015264,
            "acc": 0.99952
        },
        "224": {
            "loss": 0.002815591053256546,
            "acc": 0.99952
        },
        "225": {
            "loss": 0.0031987863131757123,
            "acc": 0.99938
        },
        "226": {
            "loss": 0.002977658737139107,
            "acc": 0.99956
        },
        "227": {
            "loss": 0.002904412706325705,
            "acc": 0.99954
        },
        "228": {
            "loss": 0.003194694523364627,
            "acc": 0.99938
        },
        "229": {
            "loss": 0.003191415721553859,
            "acc": 0.99936
        },
        "230": {
            "loss": 0.003182124319251703,
            "acc": 0.99942
        },
        "231": {
            "loss": 0.003294694963815834,
            "acc": 0.9993
        },
        "232": {
            "loss": 0.0031540845951769274,
            "acc": 0.99948
        },
        "233": {
            "loss": 0.002756606446608277,
            "acc": 0.99962
        },
        "234": {
            "loss": 0.0029507131624521444,
            "acc": 0.99946
        },
        "235": {
            "loss": 0.0033272968027475733,
            "acc": 0.99938
        },
        "236": {
            "loss": 0.0027045248797737407,
            "acc": 0.99956
        },
        "237": {
            "loss": 0.0028772634219454453,
            "acc": 0.99954
        },
        "238": {
            "loss": 0.0029840911962621896,
            "acc": 0.9995
        },
        "239": {
            "loss": 0.003284173392099114,
            "acc": 0.9994
        },
        "240": {
            "loss": 0.0030348846040394568,
            "acc": 0.9995
        },
        "241": {
            "loss": 0.0029614686454876144,
            "acc": 0.99938
        },
        "242": {
            "loss": 0.003021556356310835,
            "acc": 0.99944
        },
        "243": {
            "loss": 0.003111725621570921,
            "acc": 0.99946
        },
        "244": {
            "loss": 0.003274463186495463,
            "acc": 0.9994
        },
        "245": {
            "loss": 0.003124793977303969,
            "acc": 0.9995
        },
        "246": {
            "loss": 0.003247735530014157,
            "acc": 0.99932
        },
        "247": {
            "loss": 0.0030623954029151182,
            "acc": 0.99954
        },
        "248": {
            "loss": 0.002540404675305104,
            "acc": 0.99956
        },
        "249": {
            "loss": 0.0027913145315738115,
            "acc": 0.99956
        }
    },
    "test": {
        "0": {
            "loss": 1.3295490550994873,
            "acc": 0.5171
        },
        "1": {
            "loss": 1.220971839427948,
            "acc": 0.572
        },
        "3": {
            "loss": 0.8734274613857269,
            "acc": 0.7031
        },
        "5": {
            "loss": 0.7020356476306915,
            "acc": 0.7607
        },
        "7": {
            "loss": 0.5818499445915222,
            "acc": 0.8054
        },
        "9": {
            "loss": 0.7611799609661102,
            "acc": 0.7732
        },
        "11": {
            "loss": 0.6097398805618286,
            "acc": 0.8022
        },
        "13": {
            "loss": 0.5831203109025955,
            "acc": 0.8099
        },
        "15": {
            "loss": 0.5396532356739044,
            "acc": 0.8292
        },
        "17": {
            "loss": 0.4351521497964859,
            "acc": 0.8558
        },
        "19": {
            "loss": 0.4695231604576111,
            "acc": 0.848
        },
        "21": {
            "loss": 0.49485210299491883,
            "acc": 0.8391
        },
        "23": {
            "loss": 0.43968664288520815,
            "acc": 0.8629
        },
        "25": {
            "loss": 0.4100457775592804,
            "acc": 0.8679
        },
        "27": {
            "loss": 0.4292300918698311,
            "acc": 0.8676
        },
        "29": {
            "loss": 0.3831242808699608,
            "acc": 0.8806
        },
        "31": {
            "loss": 0.4620267528295517,
            "acc": 0.8585
        },
        "33": {
            "loss": 0.3943446284532547,
            "acc": 0.8821
        },
        "35": {
            "loss": 0.3895604109764099,
            "acc": 0.8799
        },
        "37": {
            "loss": 0.3730755579471588,
            "acc": 0.8836
        },
        "39": {
            "loss": 0.35879217386245726,
            "acc": 0.8909
        },
        "41": {
            "loss": 0.43592751026153564,
            "acc": 0.865
        },
        "43": {
            "loss": 0.423324810564518,
            "acc": 0.8775
        },
        "45": {
            "loss": 0.34974827378988266,
            "acc": 0.896
        },
        "47": {
            "loss": 0.40808356165885923,
            "acc": 0.8776
        },
        "49": {
            "loss": 0.41755843043327334,
            "acc": 0.8778
        },
        "51": {
            "loss": 0.4275467896461487,
            "acc": 0.8738
        },
        "53": {
            "loss": 0.34629103004932404,
            "acc": 0.8952
        },
        "55": {
            "loss": 0.39113385111093524,
            "acc": 0.8845
        },
        "57": {
            "loss": 0.3733726668357849,
            "acc": 0.8925
        },
        "59": {
            "loss": 0.3856028565764427,
            "acc": 0.8889
        },
        "61": {
            "loss": 0.451590256690979,
            "acc": 0.8707
        },
        "63": {
            "loss": 0.37764074355363847,
            "acc": 0.8895
        },
        "65": {
            "loss": 0.4008623552322388,
            "acc": 0.8828
        },
        "67": {
            "loss": 0.3848413774371147,
            "acc": 0.8913
        },
        "69": {
            "loss": 0.41672116070985793,
            "acc": 0.8848
        },
        "71": {
            "loss": 0.4216432100534439,
            "acc": 0.8832
        },
        "73": {
            "loss": 0.39624507039785384,
            "acc": 0.8901
        },
        "75": {
            "loss": 0.3485646316409111,
            "acc": 0.897
        },
        "77": {
            "loss": 0.4075224220752716,
            "acc": 0.8901
        },
        "79": {
            "loss": 0.3728877866268158,
            "acc": 0.8937
        },
        "81": {
            "loss": 0.4691666370630264,
            "acc": 0.8769
        },
        "83": {
            "loss": 0.43640857756137846,
            "acc": 0.8878
        },
        "85": {
            "loss": 0.37119804203510287,
            "acc": 0.8972
        },
        "87": {
            "loss": 0.3975427162647247,
            "acc": 0.89
        },
        "89": {
            "loss": 0.38045088201761246,
            "acc": 0.8961
        },
        "91": {
            "loss": 0.38204087644815443,
            "acc": 0.8929
        },
        "93": {
            "loss": 0.3637021774053574,
            "acc": 0.8993
        },
        "95": {
            "loss": 0.3748910892009735,
            "acc": 0.8958
        },
        "97": {
            "loss": 0.39311364471912386,
            "acc": 0.896
        },
        "99": {
            "loss": 0.3899046367406845,
            "acc": 0.8956
        },
        "101": {
            "loss": 0.29205754816532137,
            "acc": 0.9215
        },
        "103": {
            "loss": 0.3044541364908218,
            "acc": 0.9203
        },
        "105": {
            "loss": 0.3202344074845314,
            "acc": 0.9221
        },
        "107": {
            "loss": 0.3245265555381775,
            "acc": 0.9227
        },
        "109": {
            "loss": 0.33369914442300797,
            "acc": 0.9211
        },
        "111": {
            "loss": 0.3408561798930168,
            "acc": 0.9213
        },
        "113": {
            "loss": 0.350526869893074,
            "acc": 0.9225
        },
        "115": {
            "loss": 0.35133104890584943,
            "acc": 0.9229
        },
        "117": {
            "loss": 0.36043721437454224,
            "acc": 0.9215
        },
        "119": {
            "loss": 0.3642078161239624,
            "acc": 0.9228
        },
        "121": {
            "loss": 0.3630004698038101,
            "acc": 0.9213
        },
        "123": {
            "loss": 0.37955010622739793,
            "acc": 0.922
        },
        "125": {
            "loss": 0.3815604484081268,
            "acc": 0.9188
        },
        "127": {
            "loss": 0.379099086523056,
            "acc": 0.9223
        },
        "129": {
            "loss": 0.39453236311674117,
            "acc": 0.919
        },
        "131": {
            "loss": 0.37667837738990784,
            "acc": 0.9214
        },
        "133": {
            "loss": 0.39336840659379957,
            "acc": 0.9224
        },
        "135": {
            "loss": 0.37983337432146075,
            "acc": 0.9232
        },
        "137": {
            "loss": 0.3866228649020195,
            "acc": 0.9242
        },
        "139": {
            "loss": 0.3909495875239372,
            "acc": 0.9225
        },
        "141": {
            "loss": 0.3983745256066322,
            "acc": 0.9217
        },
        "143": {
            "loss": 0.3999375766515732,
            "acc": 0.9207
        },
        "145": {
            "loss": 0.40176491528749464,
            "acc": 0.9219
        },
        "147": {
            "loss": 0.3913357999920845,
            "acc": 0.9225
        },
        "149": {
            "loss": 0.39318942815065383,
            "acc": 0.9212
        },
        "151": {
            "loss": 0.38170145988464355,
            "acc": 0.9232
        },
        "153": {
            "loss": 0.3787622737884522,
            "acc": 0.9234
        },
        "155": {
            "loss": 0.37590733632445333,
            "acc": 0.9239
        },
        "157": {
            "loss": 0.3767416670918465,
            "acc": 0.9253
        },
        "159": {
            "loss": 0.3810035599768162,
            "acc": 0.9256
        },
        "161": {
            "loss": 0.37880889326334,
            "acc": 0.9235
        },
        "163": {
            "loss": 0.3795177036523819,
            "acc": 0.9249
        },
        "165": {
            "loss": 0.3839262756705284,
            "acc": 0.924
        },
        "167": {
            "loss": 0.38022649943828585,
            "acc": 0.9241
        },
        "169": {
            "loss": 0.38136615335941315,
            "acc": 0.9245
        },
        "171": {
            "loss": 0.38141827821731566,
            "acc": 0.925
        },
        "173": {
            "loss": 0.385429730117321,
            "acc": 0.9231
        },
        "175": {
            "loss": 0.387476342022419,
            "acc": 0.9244
        },
        "177": {
            "loss": 0.3901121997833252,
            "acc": 0.9232
        },
        "179": {
            "loss": 0.3886713176965714,
            "acc": 0.9229
        },
        "181": {
            "loss": 0.388285129070282,
            "acc": 0.9229
        },
        "183": {
            "loss": 0.3884295457601547,
            "acc": 0.9232
        },
        "185": {
            "loss": 0.3882501223683357,
            "acc": 0.924
        },
        "187": {
            "loss": 0.3953271147608757,
            "acc": 0.9245
        },
        "189": {
            "loss": 0.39207948118448255,
            "acc": 0.9232
        },
        "191": {
            "loss": 0.39221673816442487,
            "acc": 0.9236
        },
        "193": {
            "loss": 0.3930258265137672,
            "acc": 0.9234
        },
        "195": {
            "loss": 0.39422160387039185,
            "acc": 0.9239
        },
        "197": {
            "loss": 0.3951581856608391,
            "acc": 0.9249
        },
        "199": {
            "loss": 0.3921830517053604,
            "acc": 0.9241
        },
        "201": {
            "loss": 0.3949248415231705,
            "acc": 0.9243
        },
        "203": {
            "loss": 0.3971149441599846,
            "acc": 0.9241
        },
        "205": {
            "loss": 0.3962732258439064,
            "acc": 0.9251
        },
        "207": {
            "loss": 0.3916358169913292,
            "acc": 0.9247
        },
        "209": {
            "loss": 0.3929423317313194,
            "acc": 0.9251
        },
        "211": {
            "loss": 0.39666064620018004,
            "acc": 0.924
        },
        "213": {
            "loss": 0.39333873182535173,
            "acc": 0.9245
        },
        "215": {
            "loss": 0.3908892923593521,
            "acc": 0.925
        },
        "217": {
            "loss": 0.38961356967687605,
            "acc": 0.9256
        },
        "219": {
            "loss": 0.3914095860719681,
            "acc": 0.9242
        },
        "221": {
            "loss": 0.39215356200933454,
            "acc": 0.9249
        },
        "223": {
            "loss": 0.3900531858205795,
            "acc": 0.9242
        },
        "225": {
            "loss": 0.39287163466215136,
            "acc": 0.9249
        },
        "227": {
            "loss": 0.39214217036962506,
            "acc": 0.9247
        },
        "229": {
            "loss": 0.39134870588779447,
            "acc": 0.9248
        },
        "231": {
            "loss": 0.3913817539811134,
            "acc": 0.9251
        },
        "233": {
            "loss": 0.3924456685781479,
            "acc": 0.9249
        },
        "235": {
            "loss": 0.39371254861354826,
            "acc": 0.9248
        },
        "237": {
            "loss": 0.3940196281671524,
            "acc": 0.9229
        },
        "239": {
            "loss": 0.3910804948210716,
            "acc": 0.9246
        },
        "241": {
            "loss": 0.393403400182724,
            "acc": 0.9241
        },
        "243": {
            "loss": 0.39382969111204147,
            "acc": 0.925
        },
        "245": {
            "loss": 0.3905670043826103,
            "acc": 0.9238
        },
        "247": {
            "loss": 0.3933594089746475,
            "acc": 0.9243
        },
        "249": {
            "loss": 0.3906947720050812,
            "acc": 0.9242
        }
    },
    "best": {
        "best_epoch": 159,
        "best_acc": 92.56
    }
}