{
    "train": {
        "0": {
            "loss": 2.2949254360345317,
            "acc": 0.11502
        },
        "1": {
            "loss": 2.0385810517898912,
            "acc": 0.203
        },
        "2": {
            "loss": 1.6529690624807802,
            "acc": 0.38586
        },
        "3": {
            "loss": 1.4900373275322683,
            "acc": 0.46008
        },
        "4": {
            "loss": 1.4134621278709159,
            "acc": 0.49296
        },
        "5": {
            "loss": 1.3647898194735006,
            "acc": 0.51368
        },
        "6": {
            "loss": 1.3305001365559181,
            "acc": 0.52508
        },
        "7": {
            "loss": 1.3109594537778888,
            "acc": 0.53878
        },
        "8": {
            "loss": 1.2920715426240126,
            "acc": 0.54554
        },
        "9": {
            "loss": 1.2777296460193137,
            "acc": 0.55134
        },
        "10": {
            "loss": 1.2675708146656262,
            "acc": 0.55694
        },
        "11": {
            "loss": 1.2549861826555198,
            "acc": 0.56236
        },
        "12": {
            "loss": 1.2405181017982991,
            "acc": 0.56672
        },
        "13": {
            "loss": 1.2448714030978014,
            "acc": 0.56624
        },
        "14": {
            "loss": 1.2337977463936867,
            "acc": 0.57194
        },
        "15": {
            "loss": 1.2287102681596567,
            "acc": 0.57152
        },
        "16": {
            "loss": 1.2168310405043385,
            "acc": 0.57896
        },
        "17": {
            "loss": 1.224198793358815,
            "acc": 0.57686
        },
        "18": {
            "loss": 1.2155927639178303,
            "acc": 0.57816
        },
        "19": {
            "loss": 1.2089807933858594,
            "acc": 0.57972
        },
        "20": {
            "loss": 1.2153871748453515,
            "acc": 0.5799
        },
        "21": {
            "loss": 1.2065645096552036,
            "acc": 0.58238
        },
        "22": {
            "loss": 1.2045846415297758,
            "acc": 0.58522
        },
        "23": {
            "loss": 1.2039730062570109,
            "acc": 0.5847
        },
        "24": {
            "loss": 1.186811992274526,
            "acc": 0.59006
        },
        "25": {
            "loss": 1.1961957704075767,
            "acc": 0.58816
        },
        "26": {
            "loss": 1.1996983243986163,
            "acc": 0.58554
        },
        "27": {
            "loss": 1.190618609985732,
            "acc": 0.5877
        },
        "28": {
            "loss": 1.2001245233713818,
            "acc": 0.5848
        },
        "29": {
            "loss": 1.1829684056589365,
            "acc": 0.59434
        },
        "30": {
            "loss": 1.1876798903240877,
            "acc": 0.58986
        },
        "31": {
            "loss": 1.1891243264193425,
            "acc": 0.5917
        },
        "32": {
            "loss": 1.1904838649208282,
            "acc": 0.5922
        },
        "33": {
            "loss": 1.1918230756469395,
            "acc": 0.59218
        },
        "34": {
            "loss": 1.1953565783207984,
            "acc": 0.58934
        },
        "35": {
            "loss": 1.1860038700615962,
            "acc": 0.59524
        },
        "36": {
            "loss": 1.1800172156690028,
            "acc": 0.59536
        },
        "37": {
            "loss": 1.1762881408567014,
            "acc": 0.59504
        },
        "38": {
            "loss": 1.1819197098007592,
            "acc": 0.59384
        },
        "39": {
            "loss": 1.1820234104495524,
            "acc": 0.59206
        },
        "40": {
            "loss": 1.1806300114792632,
            "acc": 0.5988
        },
        "41": {
            "loss": 1.1827988423349913,
            "acc": 0.5953
        },
        "42": {
            "loss": 1.1825778033117504,
            "acc": 0.5958
        },
        "43": {
            "loss": 1.1747114002857062,
            "acc": 0.59746
        },
        "44": {
            "loss": 1.173585195523089,
            "acc": 0.60176
        },
        "45": {
            "loss": 1.1704935686057791,
            "acc": 0.59714
        },
        "46": {
            "loss": 1.1773421334488618,
            "acc": 0.59706
        },
        "47": {
            "loss": 1.166921979173675,
            "acc": 0.60212
        },
        "48": {
            "loss": 1.1793898683984567,
            "acc": 0.59642
        },
        "49": {
            "loss": 1.1718430965757736,
            "acc": 0.599
        },
        "50": {
            "loss": 1.176816247613229,
            "acc": 0.60018
        },
        "51": {
            "loss": 1.1592934137719977,
            "acc": 0.60354
        },
        "52": {
            "loss": 1.1668597380523487,
            "acc": 0.59938
        },
        "53": {
            "loss": 1.1692377237407752,
            "acc": 0.59918
        },
        "54": {
            "loss": 1.1681639137475386,
            "acc": 0.60142
        },
        "55": {
            "loss": 1.1647000736592676,
            "acc": 0.60242
        },
        "56": {
            "loss": 1.167943940443151,
            "acc": 0.60138
        },
        "57": {
            "loss": 1.169290747788861,
            "acc": 0.6013
        },
        "58": {
            "loss": 1.1726608469967952,
            "acc": 0.60054
        },
        "59": {
            "loss": 1.171183390538101,
            "acc": 0.60016
        },
        "60": {
            "loss": 1.1743501403447612,
            "acc": 0.59868
        },
        "61": {
            "loss": 1.1691504419612153,
            "acc": 0.60098
        },
        "62": {
            "loss": 1.1701449703072648,
            "acc": 0.60332
        },
        "63": {
            "loss": 1.1641406218718995,
            "acc": 0.60098
        },
        "64": {
            "loss": 1.1726923269384049,
            "acc": 0.60056
        },
        "65": {
            "loss": 1.1629247819371236,
            "acc": 0.6039
        },
        "66": {
            "loss": 1.1575702913581867,
            "acc": 0.60612
        },
        "67": {
            "loss": 1.162705452698271,
            "acc": 0.60376
        },
        "68": {
            "loss": 1.1584837590641988,
            "acc": 0.60662
        },
        "69": {
            "loss": 1.161667533847682,
            "acc": 0.6042
        },
        "70": {
            "loss": 1.1763096041691579,
            "acc": 0.60038
        },
        "71": {
            "loss": 1.165213138093729,
            "acc": 0.6039
        },
        "72": {
            "loss": 1.1622134925764236,
            "acc": 0.60322
        },
        "73": {
            "loss": 1.165397752276467,
            "acc": 0.60468
        },
        "74": {
            "loss": 1.1661938448696185,
            "acc": 0.60566
        },
        "75": {
            "loss": 1.1689605624474528,
            "acc": 0.6029
        },
        "76": {
            "loss": 1.1675805851931462,
            "acc": 0.60444
        },
        "77": {
            "loss": 1.1582681809544868,
            "acc": 0.60596
        },
        "78": {
            "loss": 1.1569570027044058,
            "acc": 0.60894
        },
        "79": {
            "loss": 1.1527174514577823,
            "acc": 0.60736
        },
        "80": {
            "loss": 1.1552033590538728,
            "acc": 0.60776
        },
        "81": {
            "loss": 1.147525655034253,
            "acc": 0.60866
        },
        "82": {
            "loss": 1.1535030854937365,
            "acc": 0.6068
        },
        "83": {
            "loss": 1.1557562069209946,
            "acc": 0.60864
        },
        "84": {
            "loss": 1.1607892502604238,
            "acc": 0.60678
        },
        "85": {
            "loss": 1.1572591849910023,
            "acc": 0.60714
        },
        "86": {
            "loss": 1.1515706644948487,
            "acc": 0.61064
        },
        "87": {
            "loss": 1.152738844342244,
            "acc": 0.60876
        },
        "88": {
            "loss": 1.1468614877947152,
            "acc": 0.6066
        },
        "89": {
            "loss": 1.1449539033348297,
            "acc": 0.60916
        },
        "90": {
            "loss": 1.1587461890162105,
            "acc": 0.60636
        },
        "91": {
            "loss": 1.1483847015654034,
            "acc": 0.60882
        },
        "92": {
            "loss": 1.1563809309774042,
            "acc": 0.60688
        },
        "93": {
            "loss": 1.1516456033872522,
            "acc": 0.61142
        },
        "94": {
            "loss": 1.1501499879390686,
            "acc": 0.61076
        },
        "95": {
            "loss": 1.1579673945751336,
            "acc": 0.60928
        },
        "96": {
            "loss": 1.1528417856796929,
            "acc": 0.60926
        },
        "97": {
            "loss": 1.1458594013967782,
            "acc": 0.61058
        },
        "98": {
            "loss": 1.1495396978105121,
            "acc": 0.61076
        },
        "99": {
            "loss": 1.1528662520906199,
            "acc": 0.60904
        },
        "100": {
            "loss": 0.9765308872818033,
            "acc": 0.66646
        },
        "101": {
            "loss": 0.9136967348015826,
            "acc": 0.68708
        },
        "102": {
            "loss": 0.8833445167297598,
            "acc": 0.69332
        },
        "103": {
            "loss": 0.8669711573959311,
            "acc": 0.69876
        },
        "104": {
            "loss": 0.8518026282110482,
            "acc": 0.70496
        },
        "105": {
            "loss": 0.8360352696055342,
            "acc": 0.70798
        },
        "106": {
            "loss": 0.8228440998155443,
            "acc": 0.71182
        },
        "107": {
            "loss": 0.8241394832920845,
            "acc": 0.7127
        },
        "108": {
            "loss": 0.8095345722744837,
            "acc": 0.71806
        },
        "109": {
            "loss": 0.8024404242520442,
            "acc": 0.7194
        },
        "110": {
            "loss": 0.7942041838565446,
            "acc": 0.72002
        },
        "111": {
            "loss": 0.7866833435604944,
            "acc": 0.722
        },
        "112": {
            "loss": 0.7812939411234063,
            "acc": 0.7248
        },
        "113": {
            "loss": 0.7719853262767158,
            "acc": 0.72662
        },
        "114": {
            "loss": 0.7645485691554711,
            "acc": 0.7314
        },
        "115": {
            "loss": 0.7619509526225917,
            "acc": 0.73234
        },
        "116": {
            "loss": 0.7525160719671518,
            "acc": 0.73298
        },
        "117": {
            "loss": 0.7509347410000804,
            "acc": 0.73268
        },
        "118": {
            "loss": 0.7410910042655438,
            "acc": 0.73824
        },
        "119": {
            "loss": 0.7360394762452606,
            "acc": 0.73702
        },
        "120": {
            "loss": 0.7370145156255463,
            "acc": 0.74006
        },
        "121": {
            "loss": 0.7225395981460581,
            "acc": 0.7438
        },
        "122": {
            "loss": 0.7199082344084444,
            "acc": 0.7439
        },
        "123": {
            "loss": 0.7221874943779557,
            "acc": 0.74456
        },
        "124": {
            "loss": 0.708869690023115,
            "acc": 0.74614
        },
        "125": {
            "loss": 0.7056127675354024,
            "acc": 0.7483
        },
        "126": {
            "loss": 0.7001181043627317,
            "acc": 0.75132
        },
        "127": {
            "loss": 0.6969070292799674,
            "acc": 0.7528
        },
        "128": {
            "loss": 0.6886747374254114,
            "acc": 0.75356
        },
        "129": {
            "loss": 0.6825893724818364,
            "acc": 0.75624
        },
        "130": {
            "loss": 0.6798981113354569,
            "acc": 0.75758
        },
        "131": {
            "loss": 0.6748552971788685,
            "acc": 0.76028
        },
        "132": {
            "loss": 0.666756665462728,
            "acc": 0.76258
        },
        "133": {
            "loss": 0.6675914323238461,
            "acc": 0.76248
        },
        "134": {
            "loss": 0.6602612181240336,
            "acc": 0.76496
        },
        "135": {
            "loss": 0.6602050081238418,
            "acc": 0.7644
        },
        "136": {
            "loss": 0.6484517497022438,
            "acc": 0.76784
        },
        "137": {
            "loss": 0.6460005064754535,
            "acc": 0.76896
        },
        "138": {
            "loss": 0.645600782483435,
            "acc": 0.76718
        },
        "139": {
            "loss": 0.6332193099324356,
            "acc": 0.7731
        },
        "140": {
            "loss": 0.6351289440451375,
            "acc": 0.77212
        },
        "141": {
            "loss": 0.6295608278278195,
            "acc": 0.77448
        },
        "142": {
            "loss": 0.6258069500136558,
            "acc": 0.77446
        },
        "143": {
            "loss": 0.6206407807672115,
            "acc": 0.77962
        },
        "144": {
            "loss": 0.620435137806646,
            "acc": 0.77684
        },
        "145": {
            "loss": 0.6103438202225034,
            "acc": 0.77824
        },
        "146": {
            "loss": 0.610338719680791,
            "acc": 0.78316
        },
        "147": {
            "loss": 0.6051780186650698,
            "acc": 0.7842
        },
        "148": {
            "loss": 0.5964236065859685,
            "acc": 0.7856
        },
        "149": {
            "loss": 0.5989596669173911,
            "acc": 0.78626
        },
        "150": {
            "loss": 0.5579623817787756,
            "acc": 0.79984
        },
        "151": {
            "loss": 0.5504627684345635,
            "acc": 0.80248
        },
        "152": {
            "loss": 0.5393848487025942,
            "acc": 0.8081
        },
        "153": {
            "loss": 0.5355528240161174,
            "acc": 0.80746
        },
        "154": {
            "loss": 0.5398896835801547,
            "acc": 0.80474
        },
        "155": {
            "loss": 0.5282461956486373,
            "acc": 0.81068
        },
        "156": {
            "loss": 0.5302354701034858,
            "acc": 0.81014
        },
        "157": {
            "loss": 0.5256133266269704,
            "acc": 0.81176
        },
        "158": {
            "loss": 0.5228911526215351,
            "acc": 0.81282
        },
        "159": {
            "loss": 0.5260036579330863,
            "acc": 0.81048
        },
        "160": {
            "loss": 0.5226819592973461,
            "acc": 0.811
        },
        "161": {
            "loss": 0.5242927084341074,
            "acc": 0.81038
        },
        "162": {
            "loss": 0.518895673248774,
            "acc": 0.8143
        },
        "163": {
            "loss": 0.5149549790050673,
            "acc": 0.81314
        },
        "164": {
            "loss": 0.5166118440725614,
            "acc": 0.8153
        },
        "165": {
            "loss": 0.5131015903352166,
            "acc": 0.81544
        },
        "166": {
            "loss": 0.5151937893589439,
            "acc": 0.81422
        },
        "167": {
            "loss": 0.5119343232315825,
            "acc": 0.81468
        },
        "168": {
            "loss": 0.5127879022942174,
            "acc": 0.81466
        },
        "169": {
            "loss": 0.5057452635082138,
            "acc": 0.81684
        },
        "170": {
            "loss": 0.5053840589035502,
            "acc": 0.81682
        },
        "171": {
            "loss": 0.5038776457157281,
            "acc": 0.81814
        },
        "172": {
            "loss": 0.5052411274227036,
            "acc": 0.81784
        },
        "173": {
            "loss": 0.5059671599389343,
            "acc": 0.81758
        },
        "174": {
            "loss": 0.5068144612300122,
            "acc": 0.81684
        },
        "175": {
            "loss": 0.4953869216887237,
            "acc": 0.82188
        },
        "176": {
            "loss": 0.5027825368944642,
            "acc": 0.81862
        },
        "177": {
            "loss": 0.49821866732424175,
            "acc": 0.82116
        },
        "178": {
            "loss": 0.503386663811286,
            "acc": 0.81974
        },
        "179": {
            "loss": 0.4962955091310584,
            "acc": 0.82198
        },
        "180": {
            "loss": 0.4952246530738938,
            "acc": 0.82112
        },
        "181": {
            "loss": 0.49437768090411527,
            "acc": 0.82172
        },
        "182": {
            "loss": 0.4908670399652418,
            "acc": 0.82396
        },
        "183": {
            "loss": 0.4914574966863598,
            "acc": 0.82346
        },
        "184": {
            "loss": 0.49307543710064705,
            "acc": 0.82354
        },
        "185": {
            "loss": 0.49137286121583046,
            "acc": 0.82362
        },
        "186": {
            "loss": 0.4867892354498129,
            "acc": 0.82632
        },
        "187": {
            "loss": 0.486991130558731,
            "acc": 0.82644
        },
        "188": {
            "loss": 0.4847261497889028,
            "acc": 0.82646
        },
        "189": {
            "loss": 0.48955801411357985,
            "acc": 0.82262
        },
        "190": {
            "loss": 0.4872531720134608,
            "acc": 0.82486
        },
        "191": {
            "loss": 0.4845749716777021,
            "acc": 0.82558
        },
        "192": {
            "loss": 0.4835123788670201,
            "acc": 0.82432
        },
        "193": {
            "loss": 0.4759346983012031,
            "acc": 0.82736
        },
        "194": {
            "loss": 0.4819529018438686,
            "acc": 0.828
        },
        "195": {
            "loss": 0.4821424174034382,
            "acc": 0.82496
        },
        "196": {
            "loss": 0.47502648777059275,
            "acc": 0.82926
        },
        "197": {
            "loss": 0.47729121853628426,
            "acc": 0.8289
        },
        "198": {
            "loss": 0.47671102966798845,
            "acc": 0.82866
        },
        "199": {
            "loss": 0.4686454190774952,
            "acc": 0.82978
        },
        "200": {
            "loss": 0.4709381786606196,
            "acc": 0.83218
        },
        "201": {
            "loss": 0.4680375187750668,
            "acc": 0.8313
        },
        "202": {
            "loss": 0.46389417658986337,
            "acc": 0.8316
        },
        "203": {
            "loss": 0.4664207146219585,
            "acc": 0.83092
        },
        "204": {
            "loss": 0.47025237851740453,
            "acc": 0.8289
        },
        "205": {
            "loss": 0.46284996662908195,
            "acc": 0.83266
        },
        "206": {
            "loss": 0.46884929859424795,
            "acc": 0.8328
        },
        "207": {
            "loss": 0.4677195013179194,
            "acc": 0.83148
        },
        "208": {
            "loss": 0.4631129300502865,
            "acc": 0.83338
        },
        "209": {
            "loss": 0.4591908697277079,
            "acc": 0.83692
        },
        "210": {
            "loss": 0.46670582265500216,
            "acc": 0.83158
        },
        "211": {
            "loss": 0.46350137656911866,
            "acc": 0.8333
        },
        "212": {
            "loss": 0.45918604784914296,
            "acc": 0.83554
        },
        "213": {
            "loss": 0.4633003704993011,
            "acc": 0.8337
        },
        "214": {
            "loss": 0.4669271363779102,
            "acc": 0.83298
        },
        "215": {
            "loss": 0.463153403280946,
            "acc": 0.83534
        },
        "216": {
            "loss": 0.4635229575664491,
            "acc": 0.83442
        },
        "217": {
            "loss": 0.4636770936534228,
            "acc": 0.83428
        },
        "218": {
            "loss": 0.4625724425248783,
            "acc": 0.83418
        },
        "219": {
            "loss": 0.45740870731261074,
            "acc": 0.83744
        },
        "220": {
            "loss": 0.46441681542055074,
            "acc": 0.83572
        },
        "221": {
            "loss": 0.4638048040744899,
            "acc": 0.83426
        },
        "222": {
            "loss": 0.4610690786253156,
            "acc": 0.83366
        },
        "223": {
            "loss": 0.46166513482932847,
            "acc": 0.83516
        },
        "224": {
            "loss": 0.46881502668570985,
            "acc": 0.83148
        },
        "225": {
            "loss": 0.4670613181712987,
            "acc": 0.83254
        },
        "226": {
            "loss": 0.4607398862881429,
            "acc": 0.83506
        },
        "227": {
            "loss": 0.462223075387423,
            "acc": 0.83352
        },
        "228": {
            "loss": 0.46244407088860223,
            "acc": 0.83328
        },
        "229": {
            "loss": 0.4582587728643661,
            "acc": 0.83644
        },
        "230": {
            "loss": 0.46418642380353436,
            "acc": 0.83336
        },
        "231": {
            "loss": 0.46364660557273707,
            "acc": 0.83358
        },
        "232": {
            "loss": 0.4635853294064017,
            "acc": 0.834
        },
        "233": {
            "loss": 0.46440162530640505,
            "acc": 0.83434
        },
        "234": {
            "loss": 0.4582260735809346,
            "acc": 0.83634
        },
        "235": {
            "loss": 0.45858648366025645,
            "acc": 0.83524
        },
        "236": {
            "loss": 0.45865560888939194,
            "acc": 0.8366
        },
        "237": {
            "loss": 0.4570755915111288,
            "acc": 0.83582
        },
        "238": {
            "loss": 0.4612151516215576,
            "acc": 0.83404
        },
        "239": {
            "loss": 0.4605512503925187,
            "acc": 0.83412
        },
        "240": {
            "loss": 0.4583649785469865,
            "acc": 0.83568
        },
        "241": {
            "loss": 0.45752206132235124,
            "acc": 0.83658
        },
        "242": {
            "loss": 0.45999333994162966,
            "acc": 0.83568
        },
        "243": {
            "loss": 0.4618151479060083,
            "acc": 0.83386
        },
        "244": {
            "loss": 0.4612883640372235,
            "acc": 0.83254
        },
        "245": {
            "loss": 0.455944769522723,
            "acc": 0.83658
        },
        "246": {
            "loss": 0.4581768967001639,
            "acc": 0.83584
        },
        "247": {
            "loss": 0.45828897972850846,
            "acc": 0.8356
        },
        "248": {
            "loss": 0.4588921592211175,
            "acc": 0.8354
        },
        "249": {
            "loss": 0.4571822670567066,
            "acc": 0.83634
        }
    },
    "test": {
        "0": {
            "loss": 2.3069205856323243,
            "acc": 0.1
        },
        "1": {
            "loss": 1.737763111591339,
            "acc": 0.326
        },
        "3": {
            "loss": 1.37417409658432,
            "acc": 0.5037
        },
        "5": {
            "loss": 1.3235172462463378,
            "acc": 0.5218
        },
        "7": {
            "loss": 1.2945538187026977,
            "acc": 0.5433
        },
        "9": {
            "loss": 1.260445649623871,
            "acc": 0.563
        },
        "11": {
            "loss": 1.2350686144828797,
            "acc": 0.5645
        },
        "13": {
            "loss": 1.2269930386543273,
            "acc": 0.5812
        },
        "15": {
            "loss": 1.2177100849151612,
            "acc": 0.5832
        },
        "17": {
            "loss": 1.1473512387275695,
            "acc": 0.5994
        },
        "19": {
            "loss": 1.172001712322235,
            "acc": 0.5911
        },
        "21": {
            "loss": 1.165819764137268,
            "acc": 0.5948
        },
        "23": {
            "loss": 1.1938806748390198,
            "acc": 0.5926
        },
        "25": {
            "loss": 1.1706825137138366,
            "acc": 0.5942
        },
        "27": {
            "loss": 1.196309688091278,
            "acc": 0.5879
        },
        "29": {
            "loss": 1.2082346439361573,
            "acc": 0.5855
        },
        "31": {
            "loss": 1.2097938823699952,
            "acc": 0.586
        },
        "33": {
            "loss": 1.1788139390945434,
            "acc": 0.5927
        },
        "35": {
            "loss": 1.1737489306926727,
            "acc": 0.604
        },
        "37": {
            "loss": 1.1644379210472107,
            "acc": 0.5998
        },
        "39": {
            "loss": 1.1673051977157594,
            "acc": 0.5999
        },
        "41": {
            "loss": 1.1262567484378814,
            "acc": 0.6199
        },
        "43": {
            "loss": 1.1543207883834838,
            "acc": 0.5992
        },
        "45": {
            "loss": 1.183471508026123,
            "acc": 0.599
        },
        "47": {
            "loss": 1.1987493872642516,
            "acc": 0.6043
        },
        "49": {
            "loss": 1.1615654230117798,
            "acc": 0.6062
        },
        "51": {
            "loss": 1.1697262716293335,
            "acc": 0.6012
        },
        "53": {
            "loss": 1.1792899131774903,
            "acc": 0.5983
        },
        "55": {
            "loss": 1.1429029047489165,
            "acc": 0.6212
        },
        "57": {
            "loss": 1.17380690574646,
            "acc": 0.6002
        },
        "59": {
            "loss": 1.1246861112117768,
            "acc": 0.6168
        },
        "61": {
            "loss": 1.1884226894378662,
            "acc": 0.604
        },
        "63": {
            "loss": 1.158464492559433,
            "acc": 0.6218
        },
        "65": {
            "loss": 1.1771016657352447,
            "acc": 0.6052
        },
        "67": {
            "loss": 1.1996169877052307,
            "acc": 0.6095
        },
        "69": {
            "loss": 1.1375504875183104,
            "acc": 0.613
        },
        "71": {
            "loss": 1.1286373555660247,
            "acc": 0.6155
        },
        "73": {
            "loss": 1.1711542510986328,
            "acc": 0.6038
        },
        "75": {
            "loss": 1.1024153959751128,
            "acc": 0.6365
        },
        "77": {
            "loss": 1.190810489654541,
            "acc": 0.5913
        },
        "79": {
            "loss": 1.1527309262752532,
            "acc": 0.6042
        },
        "81": {
            "loss": 1.1712014055252076,
            "acc": 0.6041
        },
        "83": {
            "loss": 1.152258939743042,
            "acc": 0.6181
        },
        "85": {
            "loss": 1.1521106719970704,
            "acc": 0.6126
        },
        "87": {
            "loss": 1.1463586783409119,
            "acc": 0.6114
        },
        "89": {
            "loss": 1.1451968359947204,
            "acc": 0.6119
        },
        "91": {
            "loss": 1.1480068624019624,
            "acc": 0.6105
        },
        "93": {
            "loss": 1.142930302619934,
            "acc": 0.613
        },
        "95": {
            "loss": 1.1288675475120544,
            "acc": 0.6211
        },
        "97": {
            "loss": 1.1582451057434082,
            "acc": 0.6192
        },
        "99": {
            "loss": 1.1263101232051849,
            "acc": 0.6177
        },
        "101": {
            "loss": 0.9315410077571868,
            "acc": 0.6856
        },
        "103": {
            "loss": 0.913120344877243,
            "acc": 0.6895
        },
        "105": {
            "loss": 0.8910710680484771,
            "acc": 0.6968
        },
        "107": {
            "loss": 0.8862137758731842,
            "acc": 0.6985
        },
        "109": {
            "loss": 0.8811827874183655,
            "acc": 0.6989
        },
        "111": {
            "loss": 0.8793901014328003,
            "acc": 0.7023
        },
        "113": {
            "loss": 0.8655577802658081,
            "acc": 0.7057
        },
        "115": {
            "loss": 0.8596348559856415,
            "acc": 0.7073
        },
        "117": {
            "loss": 0.869545829296112,
            "acc": 0.7007
        },
        "119": {
            "loss": 0.8617043340206146,
            "acc": 0.7049
        },
        "121": {
            "loss": 0.8595589709281921,
            "acc": 0.7086
        },
        "123": {
            "loss": 0.8625523972511292,
            "acc": 0.7059
        },
        "125": {
            "loss": 0.8483895123004913,
            "acc": 0.7103
        },
        "127": {
            "loss": 0.8626469492912292,
            "acc": 0.7112
        },
        "129": {
            "loss": 0.8523218441009521,
            "acc": 0.711
        },
        "131": {
            "loss": 0.8448578441143035,
            "acc": 0.7143
        },
        "133": {
            "loss": 0.8433268868923187,
            "acc": 0.7126
        },
        "135": {
            "loss": 0.8613194799423218,
            "acc": 0.7133
        },
        "137": {
            "loss": 0.861839097738266,
            "acc": 0.7142
        },
        "139": {
            "loss": 0.8594472014904022,
            "acc": 0.7141
        },
        "141": {
            "loss": 0.8435636353492737,
            "acc": 0.7167
        },
        "143": {
            "loss": 0.8449351227283478,
            "acc": 0.7139
        },
        "145": {
            "loss": 0.8658986246585846,
            "acc": 0.714
        },
        "147": {
            "loss": 0.8487298393249512,
            "acc": 0.7182
        },
        "149": {
            "loss": 0.869259488582611,
            "acc": 0.7158
        },
        "151": {
            "loss": 0.8432408487796783,
            "acc": 0.7211
        },
        "153": {
            "loss": 0.8473524785041809,
            "acc": 0.7238
        },
        "155": {
            "loss": 0.8503879380226135,
            "acc": 0.7217
        },
        "157": {
            "loss": 0.8523340117931366,
            "acc": 0.721
        },
        "159": {
            "loss": 0.8554256474971771,
            "acc": 0.7211
        },
        "161": {
            "loss": 0.8573429536819458,
            "acc": 0.7209
        },
        "163": {
            "loss": 0.8592900741100311,
            "acc": 0.7204
        },
        "165": {
            "loss": 0.8596596145629882,
            "acc": 0.7223
        },
        "167": {
            "loss": 0.8621546161174775,
            "acc": 0.7209
        },
        "169": {
            "loss": 0.8681678915023804,
            "acc": 0.7189
        },
        "171": {
            "loss": 0.8677976381778717,
            "acc": 0.7213
        },
        "173": {
            "loss": 0.8698391425609588,
            "acc": 0.7208
        },
        "175": {
            "loss": 0.874179584980011,
            "acc": 0.719
        },
        "177": {
            "loss": 0.8738073074817657,
            "acc": 0.7202
        },
        "179": {
            "loss": 0.8749013030529023,
            "acc": 0.7199
        },
        "181": {
            "loss": 0.8765665245056152,
            "acc": 0.7206
        },
        "183": {
            "loss": 0.8784294760227204,
            "acc": 0.7187
        },
        "185": {
            "loss": 0.8811511743068695,
            "acc": 0.7188
        },
        "187": {
            "loss": 0.8798694777488708,
            "acc": 0.7193
        },
        "189": {
            "loss": 0.8796341872215271,
            "acc": 0.7207
        },
        "191": {
            "loss": 0.8832651174068451,
            "acc": 0.7173
        },
        "193": {
            "loss": 0.886183786392212,
            "acc": 0.7173
        },
        "195": {
            "loss": 0.8862357103824615,
            "acc": 0.7195
        },
        "197": {
            "loss": 0.8898537158966064,
            "acc": 0.7189
        },
        "199": {
            "loss": 0.8933354020118713,
            "acc": 0.7177
        },
        "201": {
            "loss": 0.8893434381484986,
            "acc": 0.7202
        },
        "203": {
            "loss": 0.8890446889400482,
            "acc": 0.7196
        },
        "205": {
            "loss": 0.8893432116508484,
            "acc": 0.7196
        },
        "207": {
            "loss": 0.8888935852050781,
            "acc": 0.7198
        },
        "209": {
            "loss": 0.8894463884830475,
            "acc": 0.7198
        },
        "211": {
            "loss": 0.8896999108791351,
            "acc": 0.7191
        },
        "213": {
            "loss": 0.8893414747714996,
            "acc": 0.7182
        },
        "215": {
            "loss": 0.8895513498783112,
            "acc": 0.7191
        },
        "217": {
            "loss": 0.8903191745281219,
            "acc": 0.7185
        },
        "219": {
            "loss": 0.8913041627407075,
            "acc": 0.7179
        },
        "221": {
            "loss": 0.8917563724517822,
            "acc": 0.7181
        },
        "223": {
            "loss": 0.8921029639244079,
            "acc": 0.7192
        },
        "225": {
            "loss": 0.8921947658061982,
            "acc": 0.7182
        },
        "227": {
            "loss": 0.893025916814804,
            "acc": 0.72
        },
        "229": {
            "loss": 0.8932735991477966,
            "acc": 0.719
        },
        "231": {
            "loss": 0.8929974520206452,
            "acc": 0.7191
        },
        "233": {
            "loss": 0.8919072961807251,
            "acc": 0.7179
        },
        "235": {
            "loss": 0.8935677170753479,
            "acc": 0.7176
        },
        "237": {
            "loss": 0.8930745625495911,
            "acc": 0.7191
        },
        "239": {
            "loss": 0.8928525555133819,
            "acc": 0.719
        },
        "241": {
            "loss": 0.8931839561462402,
            "acc": 0.7187
        },
        "243": {
            "loss": 0.8929148185253143,
            "acc": 0.7187
        },
        "245": {
            "loss": 0.8934338021278382,
            "acc": 0.7187
        },
        "247": {
            "loss": 0.8935483586788178,
            "acc": 0.7177
        },
        "249": {
            "loss": 0.8936595404148102,
            "acc": 0.7186
        }
    },
    "info": {
        "best_epoch": 153,
        "best_acc": 72.38,
        "n_params": 11167050
    }
}