{
    "train": {
        "0": {
            "loss": 1.8481033573979917,
            "acc": 0.3015
        },
        "1": {
            "loss": 1.47887661146081,
            "acc": 0.46122
        },
        "2": {
            "loss": 1.3539657284841513,
            "acc": 0.5147
        },
        "3": {
            "loss": 1.2852628115193008,
            "acc": 0.54622
        },
        "4": {
            "loss": 1.2303574135541306,
            "acc": 0.56908
        },
        "5": {
            "loss": 1.1957406240046178,
            "acc": 0.5843
        },
        "6": {
            "loss": 1.170208039491073,
            "acc": 0.5947
        },
        "7": {
            "loss": 1.1513946852110841,
            "acc": 0.60166
        },
        "8": {
            "loss": 1.13320079453461,
            "acc": 0.6088
        },
        "9": {
            "loss": 1.1283047946212847,
            "acc": 0.61462
        },
        "10": {
            "loss": 1.11201273998641,
            "acc": 0.61772
        },
        "11": {
            "loss": 1.1090064288100319,
            "acc": 0.62166
        },
        "12": {
            "loss": 1.101841136927495,
            "acc": 0.6228
        },
        "13": {
            "loss": 1.1028089457765564,
            "acc": 0.62404
        },
        "14": {
            "loss": 1.0983739176674572,
            "acc": 0.62584
        },
        "15": {
            "loss": 1.1003220787133707,
            "acc": 0.62614
        },
        "16": {
            "loss": 1.0993837807184594,
            "acc": 0.62986
        },
        "17": {
            "loss": 1.0990341031337942,
            "acc": 0.6277
        },
        "18": {
            "loss": 1.095032470153116,
            "acc": 0.63026
        },
        "19": {
            "loss": 1.1039117170721673,
            "acc": 0.62836
        },
        "20": {
            "loss": 1.100746605859693,
            "acc": 0.63028
        },
        "21": {
            "loss": 1.086670921434222,
            "acc": 0.63418
        },
        "22": {
            "loss": 1.0995839968361818,
            "acc": 0.63182
        },
        "23": {
            "loss": 1.101766749721049,
            "acc": 0.62896
        },
        "24": {
            "loss": 1.1056052627770796,
            "acc": 0.62806
        },
        "25": {
            "loss": 1.0975931599317,
            "acc": 0.63204
        },
        "26": {
            "loss": 1.0963672221164265,
            "acc": 0.6332
        },
        "27": {
            "loss": 1.0967168175350979,
            "acc": 0.63266
        },
        "28": {
            "loss": 1.0940734305040305,
            "acc": 0.63622
        },
        "29": {
            "loss": 1.0980087062891792,
            "acc": 0.63288
        },
        "30": {
            "loss": 1.097995667811245,
            "acc": 0.63304
        },
        "31": {
            "loss": 1.1143122591325998,
            "acc": 0.62954
        },
        "32": {
            "loss": 1.1116452695768508,
            "acc": 0.63114
        },
        "33": {
            "loss": 1.0990875549328603,
            "acc": 0.63568
        },
        "34": {
            "loss": 1.1058208218315984,
            "acc": 0.6315
        },
        "35": {
            "loss": 1.1059027628215683,
            "acc": 0.63332
        },
        "36": {
            "loss": 1.1069146844432176,
            "acc": 0.63438
        },
        "37": {
            "loss": 1.1069900317265249,
            "acc": 0.62982
        },
        "38": {
            "loss": 1.1068447402980932,
            "acc": 0.63326
        },
        "39": {
            "loss": 1.0944270805629623,
            "acc": 0.63606
        },
        "40": {
            "loss": 1.1016492232337327,
            "acc": 0.63306
        },
        "41": {
            "loss": 1.1065482523130334,
            "acc": 0.63454
        },
        "42": {
            "loss": 1.1047102668706108,
            "acc": 0.63326
        },
        "43": {
            "loss": 1.0915309748686184,
            "acc": 0.63678
        },
        "44": {
            "loss": 1.0915709081513192,
            "acc": 0.6377
        },
        "45": {
            "loss": 1.1049440358300953,
            "acc": 0.63606
        },
        "46": {
            "loss": 1.106850638413978,
            "acc": 0.63342
        },
        "47": {
            "loss": 1.1096864592693652,
            "acc": 0.63258
        },
        "48": {
            "loss": 1.100624732958996,
            "acc": 0.638
        },
        "49": {
            "loss": 1.1077448420817284,
            "acc": 0.633
        },
        "50": {
            "loss": 1.1100183046992174,
            "acc": 0.63576
        },
        "51": {
            "loss": 1.098979386527215,
            "acc": 0.63778
        },
        "52": {
            "loss": 1.1008442612865088,
            "acc": 0.63744
        },
        "53": {
            "loss": 1.0912433957199916,
            "acc": 0.63948
        },
        "54": {
            "loss": 1.0927475459130525,
            "acc": 0.63778
        },
        "55": {
            "loss": 1.0981844311480022,
            "acc": 0.63564
        },
        "56": {
            "loss": 1.0883392519353297,
            "acc": 0.63898
        },
        "57": {
            "loss": 1.0865673021892148,
            "acc": 0.64224
        },
        "58": {
            "loss": 1.0926114154593718,
            "acc": 0.63732
        },
        "59": {
            "loss": 1.088426021358851,
            "acc": 0.64116
        },
        "60": {
            "loss": 1.091979591742806,
            "acc": 0.63758
        },
        "61": {
            "loss": 1.0794660218841279,
            "acc": 0.6461
        },
        "62": {
            "loss": 1.0763774338890524,
            "acc": 0.64554
        },
        "63": {
            "loss": 1.0765611515630542,
            "acc": 0.64254
        },
        "64": {
            "loss": 1.0758517459225472,
            "acc": 0.64398
        },
        "65": {
            "loss": 1.0726077751735288,
            "acc": 0.64478
        },
        "66": {
            "loss": 1.069101873108798,
            "acc": 0.64522
        },
        "67": {
            "loss": 1.0693463492576423,
            "acc": 0.64562
        },
        "68": {
            "loss": 1.0692630952886304,
            "acc": 0.64726
        },
        "69": {
            "loss": 1.0659792299770638,
            "acc": 0.64988
        },
        "70": {
            "loss": 1.059879010900512,
            "acc": 0.65044
        },
        "71": {
            "loss": 1.0613087781554902,
            "acc": 0.64746
        },
        "72": {
            "loss": 1.0599935510579277,
            "acc": 0.64932
        },
        "73": {
            "loss": 1.0602503219223998,
            "acc": 0.6515
        },
        "74": {
            "loss": 1.0533883474062167,
            "acc": 0.65234
        },
        "75": {
            "loss": 1.0693509048208252,
            "acc": 0.64944
        },
        "76": {
            "loss": 1.0649933167125867,
            "acc": 0.65132
        },
        "77": {
            "loss": 1.0591809748078855,
            "acc": 0.6509
        },
        "78": {
            "loss": 1.0559343087398791,
            "acc": 0.65384
        },
        "79": {
            "loss": 1.050657906038377,
            "acc": 0.65008
        },
        "80": {
            "loss": 1.0558783398259937,
            "acc": 0.64998
        },
        "81": {
            "loss": 1.059925822040919,
            "acc": 0.6498
        },
        "82": {
            "loss": 1.0584263818343278,
            "acc": 0.65124
        },
        "83": {
            "loss": 1.0506447646623986,
            "acc": 0.65496
        },
        "84": {
            "loss": 1.0475317340372774,
            "acc": 0.65266
        },
        "85": {
            "loss": 1.0552504774554612,
            "acc": 0.65454
        },
        "86": {
            "loss": 1.0585073996382905,
            "acc": 0.65118
        },
        "87": {
            "loss": 1.0689413404220816,
            "acc": 0.64806
        },
        "88": {
            "loss": 1.0624866781332303,
            "acc": 0.6494
        },
        "89": {
            "loss": 1.0580592281983028,
            "acc": 0.6513
        },
        "90": {
            "loss": 1.0639431497934835,
            "acc": 0.647
        },
        "91": {
            "loss": 1.0554219254142487,
            "acc": 0.65286
        },
        "92": {
            "loss": 1.0550086216243637,
            "acc": 0.65166
        },
        "93": {
            "loss": 1.0600091246387842,
            "acc": 0.6476
        },
        "94": {
            "loss": 1.0623291422948813,
            "acc": 0.64862
        },
        "95": {
            "loss": 1.0627525948807406,
            "acc": 0.65096
        },
        "96": {
            "loss": 1.0656690373445106,
            "acc": 0.64886
        },
        "97": {
            "loss": 1.0556266620335981,
            "acc": 0.65172
        },
        "98": {
            "loss": 1.0616149534959622,
            "acc": 0.64964
        },
        "99": {
            "loss": 1.0584181493810376,
            "acc": 0.65134
        },
        "100": {
            "loss": 0.8621009121770444,
            "acc": 0.71138
        },
        "101": {
            "loss": 0.8058241075262085,
            "acc": 0.7277
        },
        "102": {
            "loss": 0.7819809727656567,
            "acc": 0.73234
        },
        "103": {
            "loss": 0.7618077247953781,
            "acc": 0.73612
        },
        "104": {
            "loss": 0.7452636996041173,
            "acc": 0.74342
        },
        "105": {
            "loss": 0.7383523897441757,
            "acc": 0.7459
        },
        "106": {
            "loss": 0.7232353672042222,
            "acc": 0.74834
        },
        "107": {
            "loss": 0.7128912634251977,
            "acc": 0.75234
        },
        "108": {
            "loss": 0.7068913469991416,
            "acc": 0.75352
        },
        "109": {
            "loss": 0.694368774018934,
            "acc": 0.7583
        },
        "110": {
            "loss": 0.6852262531552473,
            "acc": 0.7607
        },
        "111": {
            "loss": 0.6796055665558867,
            "acc": 0.76336
        },
        "112": {
            "loss": 0.672176889217723,
            "acc": 0.76388
        },
        "113": {
            "loss": 0.6694620428487773,
            "acc": 0.76504
        },
        "114": {
            "loss": 0.6569681883315601,
            "acc": 0.7701
        },
        "115": {
            "loss": 0.6491154621324271,
            "acc": 0.77364
        },
        "116": {
            "loss": 0.6493288768679285,
            "acc": 0.77134
        },
        "117": {
            "loss": 0.6399630283760598,
            "acc": 0.77318
        },
        "118": {
            "loss": 0.6325934774735394,
            "acc": 0.7785
        },
        "119": {
            "loss": 0.6269822289114413,
            "acc": 0.77978
        },
        "120": {
            "loss": 0.6199599578404975,
            "acc": 0.7819
        },
        "121": {
            "loss": 0.6131598264969829,
            "acc": 0.785
        },
        "122": {
            "loss": 0.6110436719701723,
            "acc": 0.78428
        },
        "123": {
            "loss": 0.6068458717954738,
            "acc": 0.78638
        },
        "124": {
            "loss": 0.6022676663173129,
            "acc": 0.78576
        },
        "125": {
            "loss": 0.5937877167826113,
            "acc": 0.78978
        },
        "126": {
            "loss": 0.5823918317285035,
            "acc": 0.79342
        },
        "127": {
            "loss": 0.584737262762416,
            "acc": 0.79136
        },
        "128": {
            "loss": 0.5794410247479558,
            "acc": 0.79384
        },
        "129": {
            "loss": 0.571538499172996,
            "acc": 0.79684
        },
        "130": {
            "loss": 0.5630360133660114,
            "acc": 0.80026
        },
        "131": {
            "loss": 0.5622651301838858,
            "acc": 0.80046
        },
        "132": {
            "loss": 0.5617251279561416,
            "acc": 0.8009
        },
        "133": {
            "loss": 0.5528558304395212,
            "acc": 0.8044
        },
        "134": {
            "loss": 0.5451684860927065,
            "acc": 0.80624
        },
        "135": {
            "loss": 0.5396335867359815,
            "acc": 0.8101
        },
        "136": {
            "loss": 0.5400980181248901,
            "acc": 0.80742
        },
        "137": {
            "loss": 0.5309492772649926,
            "acc": 0.80942
        },
        "138": {
            "loss": 0.5231342375126031,
            "acc": 0.81408
        },
        "139": {
            "loss": 0.5222969934001298,
            "acc": 0.81336
        },
        "140": {
            "loss": 0.5160008258069567,
            "acc": 0.81426
        },
        "141": {
            "loss": 0.5076020244137406,
            "acc": 0.81722
        },
        "142": {
            "loss": 0.5091598702361212,
            "acc": 0.8174
        },
        "143": {
            "loss": 0.5033491470319841,
            "acc": 0.8195
        },
        "144": {
            "loss": 0.4966882139520572,
            "acc": 0.82232
        },
        "145": {
            "loss": 0.4894145370444373,
            "acc": 0.82416
        },
        "146": {
            "loss": 0.4855636703541212,
            "acc": 0.82526
        },
        "147": {
            "loss": 0.4813999616733902,
            "acc": 0.82834
        },
        "148": {
            "loss": 0.4797918019849626,
            "acc": 0.82816
        },
        "149": {
            "loss": 0.474849354656761,
            "acc": 0.82964
        },
        "150": {
            "loss": 0.4382265757797929,
            "acc": 0.84292
        },
        "151": {
            "loss": 0.42514427585522535,
            "acc": 0.84734
        },
        "152": {
            "loss": 0.42311693270645484,
            "acc": 0.84898
        },
        "153": {
            "loss": 0.41838752034375126,
            "acc": 0.85024
        },
        "154": {
            "loss": 0.4164410602406163,
            "acc": 0.84912
        },
        "155": {
            "loss": 0.41075983635909724,
            "acc": 0.85124
        },
        "156": {
            "loss": 0.40957871693022113,
            "acc": 0.85274
        },
        "157": {
            "loss": 0.41229012036872337,
            "acc": 0.85272
        },
        "158": {
            "loss": 0.3995700418339361,
            "acc": 0.85584
        },
        "159": {
            "loss": 0.39818759735130593,
            "acc": 0.8568
        },
        "160": {
            "loss": 0.40112670181352467,
            "acc": 0.85668
        },
        "161": {
            "loss": 0.3990475874575203,
            "acc": 0.85708
        },
        "162": {
            "loss": 0.3947343564856693,
            "acc": 0.85864
        },
        "163": {
            "loss": 0.39464761492084055,
            "acc": 0.85734
        },
        "164": {
            "loss": 0.3945594886913324,
            "acc": 0.85988
        },
        "165": {
            "loss": 0.3958357759296437,
            "acc": 0.85714
        },
        "166": {
            "loss": 0.38748596719158884,
            "acc": 0.86128
        },
        "167": {
            "loss": 0.3899512785627409,
            "acc": 0.86048
        },
        "168": {
            "loss": 0.38969488403833735,
            "acc": 0.85774
        },
        "169": {
            "loss": 0.38793264622883417,
            "acc": 0.8613
        },
        "170": {
            "loss": 0.3833315503566771,
            "acc": 0.86188
        },
        "171": {
            "loss": 0.3876760918694689,
            "acc": 0.86042
        },
        "172": {
            "loss": 0.38582739737027744,
            "acc": 0.86076
        },
        "173": {
            "loss": 0.3834250786953875,
            "acc": 0.86136
        },
        "174": {
            "loss": 0.3799664823676619,
            "acc": 0.86296
        },
        "175": {
            "loss": 0.3805920660038433,
            "acc": 0.86328
        },
        "176": {
            "loss": 0.37492635724184764,
            "acc": 0.8657
        },
        "177": {
            "loss": 0.3770888974828184,
            "acc": 0.8639
        },
        "178": {
            "loss": 0.37602952781997984,
            "acc": 0.86542
        },
        "179": {
            "loss": 0.3740249980822244,
            "acc": 0.86476
        },
        "180": {
            "loss": 0.3715546027473781,
            "acc": 0.86632
        },
        "181": {
            "loss": 0.37193284330465604,
            "acc": 0.86558
        },
        "182": {
            "loss": 0.37119539829013903,
            "acc": 0.8675
        },
        "183": {
            "loss": 0.3706827158360835,
            "acc": 0.86708
        },
        "184": {
            "loss": 0.36524911933695264,
            "acc": 0.86866
        },
        "185": {
            "loss": 0.3654990807137526,
            "acc": 0.86818
        },
        "186": {
            "loss": 0.363400805636745,
            "acc": 0.8686
        },
        "187": {
            "loss": 0.36167216106601385,
            "acc": 0.87008
        },
        "188": {
            "loss": 0.36465147743597054,
            "acc": 0.86816
        },
        "189": {
            "loss": 0.3599510443256334,
            "acc": 0.8704
        },
        "190": {
            "loss": 0.3568398222670226,
            "acc": 0.8717
        },
        "191": {
            "loss": 0.3606965024681652,
            "acc": 0.87006
        },
        "192": {
            "loss": 0.3540523168071152,
            "acc": 0.87352
        },
        "193": {
            "loss": 0.3571471415669717,
            "acc": 0.8699
        },
        "194": {
            "loss": 0.358784540230051,
            "acc": 0.86958
        },
        "195": {
            "loss": 0.3563851210696008,
            "acc": 0.87296
        },
        "196": {
            "loss": 0.3519742239619155,
            "acc": 0.87234
        },
        "197": {
            "loss": 0.3512200634650257,
            "acc": 0.87288
        },
        "198": {
            "loss": 0.35042448604808135,
            "acc": 0.87416
        },
        "199": {
            "loss": 0.34697731894910183,
            "acc": 0.87588
        },
        "200": {
            "loss": 0.3437015351355838,
            "acc": 0.877
        },
        "201": {
            "loss": 0.346032865440754,
            "acc": 0.87614
        },
        "202": {
            "loss": 0.3412658906043948,
            "acc": 0.87724
        },
        "203": {
            "loss": 0.3429184233593514,
            "acc": 0.87626
        },
        "204": {
            "loss": 0.34090673885382045,
            "acc": 0.87706
        },
        "205": {
            "loss": 0.3414350535406176,
            "acc": 0.87746
        },
        "206": {
            "loss": 0.3400882226807992,
            "acc": 0.8783
        },
        "207": {
            "loss": 0.3411381628812122,
            "acc": 0.87684
        },
        "208": {
            "loss": 0.3401773837978578,
            "acc": 0.87692
        },
        "209": {
            "loss": 0.34041290301496113,
            "acc": 0.87666
        },
        "210": {
            "loss": 0.3468368144901207,
            "acc": 0.8756
        },
        "211": {
            "loss": 0.3396055757084771,
            "acc": 0.87806
        },
        "212": {
            "loss": 0.343243916854834,
            "acc": 0.87616
        },
        "213": {
            "loss": 0.34196393153704036,
            "acc": 0.878
        },
        "214": {
            "loss": 0.3428206362611497,
            "acc": 0.87642
        },
        "215": {
            "loss": 0.3363646417094009,
            "acc": 0.87936
        },
        "216": {
            "loss": 0.34135977013031843,
            "acc": 0.87844
        },
        "217": {
            "loss": 0.337209866822833,
            "acc": 0.87946
        },
        "218": {
            "loss": 0.34276462656915035,
            "acc": 0.87626
        },
        "219": {
            "loss": 0.3432340799923748,
            "acc": 0.87752
        },
        "220": {
            "loss": 0.3402514208079604,
            "acc": 0.87896
        },
        "221": {
            "loss": 0.3372706238875913,
            "acc": 0.87842
        },
        "222": {
            "loss": 0.3378686361834216,
            "acc": 0.88044
        },
        "223": {
            "loss": 0.3357844996787703,
            "acc": 0.87928
        },
        "224": {
            "loss": 0.34364963923116476,
            "acc": 0.87632
        },
        "225": {
            "loss": 0.3389815847053552,
            "acc": 0.87724
        },
        "226": {
            "loss": 0.34025973763764666,
            "acc": 0.8779
        },
        "227": {
            "loss": 0.34365456496053337,
            "acc": 0.8777
        },
        "228": {
            "loss": 0.3364145607518418,
            "acc": 0.87806
        },
        "229": {
            "loss": 0.3340248716304369,
            "acc": 0.88196
        },
        "230": {
            "loss": 0.33798426728876657,
            "acc": 0.87924
        },
        "231": {
            "loss": 0.3363802057626607,
            "acc": 0.87914
        },
        "232": {
            "loss": 0.3413059193536144,
            "acc": 0.87784
        },
        "233": {
            "loss": 0.3387587058269764,
            "acc": 0.87712
        },
        "234": {
            "loss": 0.3377226014881183,
            "acc": 0.87976
        },
        "235": {
            "loss": 0.33600058473284594,
            "acc": 0.87948
        },
        "236": {
            "loss": 0.3334468701077849,
            "acc": 0.88226
        },
        "237": {
            "loss": 0.33710441553531706,
            "acc": 0.87928
        },
        "238": {
            "loss": 0.33272165746030297,
            "acc": 0.87858
        },
        "239": {
            "loss": 0.33806689685720315,
            "acc": 0.8789
        },
        "240": {
            "loss": 0.33790287886129317,
            "acc": 0.87894
        },
        "241": {
            "loss": 0.33688388086493365,
            "acc": 0.879
        },
        "242": {
            "loss": 0.3368920947584655,
            "acc": 0.8798
        },
        "243": {
            "loss": 0.33347126620504863,
            "acc": 0.88072
        },
        "244": {
            "loss": 0.3367849285797695,
            "acc": 0.8792
        },
        "245": {
            "loss": 0.335781098555421,
            "acc": 0.87976
        },
        "246": {
            "loss": 0.3362516526066129,
            "acc": 0.8791
        },
        "247": {
            "loss": 0.331182028821972,
            "acc": 0.87982
        },
        "248": {
            "loss": 0.3327432557216386,
            "acc": 0.88056
        },
        "249": {
            "loss": 0.33296510798242085,
            "acc": 0.8791
        }
    },
    "test": {
        "0": {
            "loss": 1.5044234704971313,
            "acc": 0.456
        },
        "1": {
            "loss": 1.4035890316963195,
            "acc": 0.5033
        },
        "3": {
            "loss": 1.2221405720710754,
            "acc": 0.5711
        },
        "5": {
            "loss": 1.1544172477722168,
            "acc": 0.6009
        },
        "7": {
            "loss": 1.132156513929367,
            "acc": 0.6127
        },
        "9": {
            "loss": 1.0997349619865417,
            "acc": 0.6269
        },
        "11": {
            "loss": 1.0960519075393678,
            "acc": 0.6285
        },
        "13": {
            "loss": 1.0896721637248994,
            "acc": 0.6315
        },
        "15": {
            "loss": 1.0730661475658416,
            "acc": 0.6398
        },
        "17": {
            "loss": 1.1709076607227324,
            "acc": 0.6263
        },
        "19": {
            "loss": 1.0873920440673828,
            "acc": 0.6315
        },
        "21": {
            "loss": 1.082245750427246,
            "acc": 0.6405
        },
        "23": {
            "loss": 1.0743117868900298,
            "acc": 0.6454
        },
        "25": {
            "loss": 1.1155727469921113,
            "acc": 0.6268
        },
        "27": {
            "loss": 1.117535433769226,
            "acc": 0.6386
        },
        "29": {
            "loss": 1.136872602701187,
            "acc": 0.6272
        },
        "31": {
            "loss": 1.117399855852127,
            "acc": 0.6322
        },
        "33": {
            "loss": 1.1082960700988769,
            "acc": 0.6343
        },
        "35": {
            "loss": 1.1173546230793,
            "acc": 0.6261
        },
        "37": {
            "loss": 1.129599529504776,
            "acc": 0.6101
        },
        "39": {
            "loss": 1.0698512673377991,
            "acc": 0.6464
        },
        "41": {
            "loss": 1.1310752630233765,
            "acc": 0.629
        },
        "43": {
            "loss": 1.1768442738056182,
            "acc": 0.632
        },
        "45": {
            "loss": 1.0922521901130677,
            "acc": 0.6345
        },
        "47": {
            "loss": 1.078129370212555,
            "acc": 0.6471
        },
        "49": {
            "loss": 1.1149868404865264,
            "acc": 0.6459
        },
        "51": {
            "loss": 1.1784694123268127,
            "acc": 0.6134
        },
        "53": {
            "loss": 1.0846194529533386,
            "acc": 0.6494
        },
        "55": {
            "loss": 1.070853202342987,
            "acc": 0.6504
        },
        "57": {
            "loss": 1.0685191023349763,
            "acc": 0.6607
        },
        "59": {
            "loss": 1.1281533980369567,
            "acc": 0.6146
        },
        "61": {
            "loss": 1.0939606595039368,
            "acc": 0.6482
        },
        "63": {
            "loss": 1.0400527429580688,
            "acc": 0.6568
        },
        "65": {
            "loss": 1.0497865235805512,
            "acc": 0.6667
        },
        "67": {
            "loss": 1.0913582396507264,
            "acc": 0.6479
        },
        "69": {
            "loss": 1.1224273240566254,
            "acc": 0.6338
        },
        "71": {
            "loss": 1.1470810520648955,
            "acc": 0.632
        },
        "73": {
            "loss": 1.0633388757705688,
            "acc": 0.6568
        },
        "75": {
            "loss": 1.048278282880783,
            "acc": 0.6535
        },
        "77": {
            "loss": 1.0288438665866853,
            "acc": 0.6632
        },
        "79": {
            "loss": 1.0361683654785157,
            "acc": 0.652
        },
        "81": {
            "loss": 1.0574151074886322,
            "acc": 0.6542
        },
        "83": {
            "loss": 1.036035144329071,
            "acc": 0.6538
        },
        "85": {
            "loss": 1.034111270904541,
            "acc": 0.6677
        },
        "87": {
            "loss": 1.0404132628440856,
            "acc": 0.6673
        },
        "89": {
            "loss": 1.0449736380577088,
            "acc": 0.6569
        },
        "91": {
            "loss": 1.021406602859497,
            "acc": 0.6662
        },
        "93": {
            "loss": 1.0578673255443574,
            "acc": 0.6575
        },
        "95": {
            "loss": 1.0351094329357147,
            "acc": 0.6624
        },
        "97": {
            "loss": 1.0509002649784087,
            "acc": 0.6579
        },
        "99": {
            "loss": 1.0643347156047822,
            "acc": 0.6551
        },
        "101": {
            "loss": 0.8266712093353271,
            "acc": 0.7218
        },
        "103": {
            "loss": 0.8065981149673462,
            "acc": 0.7277
        },
        "105": {
            "loss": 0.7836464762687683,
            "acc": 0.735
        },
        "107": {
            "loss": 0.7750499475002289,
            "acc": 0.7364
        },
        "109": {
            "loss": 0.7708334243297577,
            "acc": 0.7363
        },
        "111": {
            "loss": 0.7632752859592438,
            "acc": 0.7421
        },
        "113": {
            "loss": 0.75822709441185,
            "acc": 0.7384
        },
        "115": {
            "loss": 0.755522712469101,
            "acc": 0.7409
        },
        "117": {
            "loss": 0.750263307094574,
            "acc": 0.7467
        },
        "119": {
            "loss": 0.7435945582389831,
            "acc": 0.7483
        },
        "121": {
            "loss": 0.745303543806076,
            "acc": 0.7475
        },
        "123": {
            "loss": 0.7383298015594483,
            "acc": 0.751
        },
        "125": {
            "loss": 0.7307317435741425,
            "acc": 0.7539
        },
        "127": {
            "loss": 0.7426767265796661,
            "acc": 0.7515
        },
        "129": {
            "loss": 0.7393548202514648,
            "acc": 0.753
        },
        "131": {
            "loss": 0.7394397234916688,
            "acc": 0.7574
        },
        "133": {
            "loss": 0.7362728214263916,
            "acc": 0.7585
        },
        "135": {
            "loss": 0.7365819358825684,
            "acc": 0.7536
        },
        "137": {
            "loss": 0.7430575442314148,
            "acc": 0.7576
        },
        "139": {
            "loss": 0.7636101281642914,
            "acc": 0.7537
        },
        "141": {
            "loss": 0.7454008829593658,
            "acc": 0.7569
        },
        "143": {
            "loss": 0.7549000024795532,
            "acc": 0.7574
        },
        "145": {
            "loss": 0.7578843009471893,
            "acc": 0.7531
        },
        "147": {
            "loss": 0.7477518188953399,
            "acc": 0.756
        },
        "149": {
            "loss": 0.7723907506465912,
            "acc": 0.7474
        },
        "151": {
            "loss": 0.7555140554904938,
            "acc": 0.7591
        },
        "153": {
            "loss": 0.7579080390930176,
            "acc": 0.7596
        },
        "155": {
            "loss": 0.7610973107814789,
            "acc": 0.7619
        },
        "157": {
            "loss": 0.7650733292102814,
            "acc": 0.7585
        },
        "159": {
            "loss": 0.770613362789154,
            "acc": 0.7566
        },
        "161": {
            "loss": 0.7720200002193451,
            "acc": 0.7606
        },
        "163": {
            "loss": 0.7724542474746704,
            "acc": 0.7569
        },
        "165": {
            "loss": 0.775069364309311,
            "acc": 0.7577
        },
        "167": {
            "loss": 0.7771709859371185,
            "acc": 0.7577
        },
        "169": {
            "loss": 0.7804042720794677,
            "acc": 0.7574
        },
        "171": {
            "loss": 0.7807297360897064,
            "acc": 0.7569
        },
        "173": {
            "loss": 0.7809124457836151,
            "acc": 0.7581
        },
        "175": {
            "loss": 0.7832565629482269,
            "acc": 0.7563
        },
        "177": {
            "loss": 0.7862802171707153,
            "acc": 0.7581
        },
        "179": {
            "loss": 0.7893904376029969,
            "acc": 0.755
        },
        "181": {
            "loss": 0.7896469748020172,
            "acc": 0.7563
        },
        "183": {
            "loss": 0.7952331125736236,
            "acc": 0.7552
        },
        "185": {
            "loss": 0.7985325193405152,
            "acc": 0.7554
        },
        "187": {
            "loss": 0.7988616108894349,
            "acc": 0.7566
        },
        "189": {
            "loss": 0.7997420632839203,
            "acc": 0.7556
        },
        "191": {
            "loss": 0.8054297018051148,
            "acc": 0.7564
        },
        "193": {
            "loss": 0.805975284576416,
            "acc": 0.7572
        },
        "195": {
            "loss": 0.8084594476222992,
            "acc": 0.7578
        },
        "197": {
            "loss": 0.8154388678073883,
            "acc": 0.756
        },
        "199": {
            "loss": 0.8152075862884521,
            "acc": 0.7544
        },
        "201": {
            "loss": 0.8140764391422272,
            "acc": 0.7548
        },
        "203": {
            "loss": 0.8151788532733917,
            "acc": 0.7549
        },
        "205": {
            "loss": 0.8144957792758941,
            "acc": 0.7541
        },
        "207": {
            "loss": 0.8157307612895965,
            "acc": 0.7553
        },
        "209": {
            "loss": 0.8155085659027099,
            "acc": 0.7539
        },
        "211": {
            "loss": 0.8145931816101074,
            "acc": 0.7553
        },
        "213": {
            "loss": 0.8155000281333923,
            "acc": 0.7552
        },
        "215": {
            "loss": 0.8159720396995545,
            "acc": 0.7552
        },
        "217": {
            "loss": 0.8173965191841126,
            "acc": 0.7553
        },
        "219": {
            "loss": 0.8172467529773713,
            "acc": 0.7563
        },
        "221": {
            "loss": 0.8171298086643219,
            "acc": 0.7559
        },
        "223": {
            "loss": 0.8179033398628235,
            "acc": 0.7553
        },
        "225": {
            "loss": 0.8179847466945648,
            "acc": 0.7556
        },
        "227": {
            "loss": 0.8180909752845764,
            "acc": 0.7562
        },
        "229": {
            "loss": 0.8184244978427887,
            "acc": 0.7549
        },
        "231": {
            "loss": 0.8184660232067108,
            "acc": 0.756
        },
        "233": {
            "loss": 0.8185804963111878,
            "acc": 0.7561
        },
        "235": {
            "loss": 0.8184901857376099,
            "acc": 0.7544
        },
        "237": {
            "loss": 0.8191535520553589,
            "acc": 0.754
        },
        "239": {
            "loss": 0.8190761506557465,
            "acc": 0.7542
        },
        "241": {
            "loss": 0.82033775806427,
            "acc": 0.7539
        },
        "243": {
            "loss": 0.820833523273468,
            "acc": 0.7548
        },
        "245": {
            "loss": 0.8217360723018646,
            "acc": 0.7542
        },
        "247": {
            "loss": 0.8214741277694703,
            "acc": 0.7554
        },
        "249": {
            "loss": 0.8213483536243439,
            "acc": 0.7544
        }
    },
    "info": {
        "best_epoch": 155,
        "best_acc": 76.19,
        "n_params": 2453834
    }
}