{
    "train": {
        "0": {
            "loss": 1.795120404199566,
            "acc": 0.32744
        },
        "1": {
            "loss": 1.3742989441927742,
            "acc": 0.50548
        },
        "2": {
            "loss": 1.1912062317514054,
            "acc": 0.58028
        },
        "3": {
            "loss": 1.0760606085248006,
            "acc": 0.62228
        },
        "4": {
            "loss": 0.9895965292325715,
            "acc": 0.65768
        },
        "5": {
            "loss": 0.9358121627736884,
            "acc": 0.67746
        },
        "6": {
            "loss": 0.8871318283288375,
            "acc": 0.69254
        },
        "7": {
            "loss": 0.8538384920800738,
            "acc": 0.70796
        },
        "8": {
            "loss": 0.8118827396341602,
            "acc": 0.72018
        },
        "9": {
            "loss": 0.7975431458114663,
            "acc": 0.72766
        },
        "10": {
            "loss": 0.7791119307813132,
            "acc": 0.73472
        },
        "11": {
            "loss": 0.7536741838888135,
            "acc": 0.74216
        },
        "12": {
            "loss": 0.746571626428448,
            "acc": 0.74452
        },
        "13": {
            "loss": 0.7264208596228333,
            "acc": 0.75176
        },
        "14": {
            "loss": 0.7134655922117745,
            "acc": 0.7564
        },
        "15": {
            "loss": 0.7130104777453196,
            "acc": 0.76186
        },
        "16": {
            "loss": 0.704546426187086,
            "acc": 0.75884
        },
        "17": {
            "loss": 0.7029194907306711,
            "acc": 0.76292
        },
        "18": {
            "loss": 0.6905210657650248,
            "acc": 0.76796
        },
        "19": {
            "loss": 0.6894663287245709,
            "acc": 0.76808
        },
        "20": {
            "loss": 0.69046040858759,
            "acc": 0.76742
        },
        "21": {
            "loss": 0.6871129371930876,
            "acc": 0.7688
        },
        "22": {
            "loss": 0.6765702978881729,
            "acc": 0.77298
        },
        "23": {
            "loss": 0.6758926752430704,
            "acc": 0.77228
        },
        "24": {
            "loss": 0.6701846318629087,
            "acc": 0.7766
        },
        "25": {
            "loss": 0.6723072214809525,
            "acc": 0.77692
        },
        "26": {
            "loss": 0.6722660955718106,
            "acc": 0.77598
        },
        "27": {
            "loss": 0.6652435670270944,
            "acc": 0.777
        },
        "28": {
            "loss": 0.6686560337043479,
            "acc": 0.78104
        },
        "29": {
            "loss": 0.6718388871311227,
            "acc": 0.77816
        },
        "30": {
            "loss": 0.668515576578467,
            "acc": 0.78004
        },
        "31": {
            "loss": 0.669946856053589,
            "acc": 0.77964
        },
        "32": {
            "loss": 0.6602415419600504,
            "acc": 0.78462
        },
        "33": {
            "loss": 0.660822923835891,
            "acc": 0.78262
        },
        "34": {
            "loss": 0.6601100760652586,
            "acc": 0.78422
        },
        "35": {
            "loss": 0.6601731533284687,
            "acc": 0.78468
        },
        "36": {
            "loss": 0.6688642278504189,
            "acc": 0.7813
        },
        "37": {
            "loss": 0.6741585991419184,
            "acc": 0.78194
        },
        "38": {
            "loss": 0.6647518185703346,
            "acc": 0.78154
        },
        "39": {
            "loss": 0.6512684571316175,
            "acc": 0.78644
        },
        "40": {
            "loss": 0.6688568175906111,
            "acc": 0.78212
        },
        "41": {
            "loss": 0.6642102531307493,
            "acc": 0.78212
        },
        "42": {
            "loss": 0.6555634691282306,
            "acc": 0.78584
        },
        "43": {
            "loss": 0.6640253273574898,
            "acc": 0.7855
        },
        "44": {
            "loss": 0.677461697393671,
            "acc": 0.78128
        },
        "45": {
            "loss": 0.6620528342778725,
            "acc": 0.78616
        },
        "46": {
            "loss": 0.6661528744508544,
            "acc": 0.78448
        },
        "47": {
            "loss": 0.6635339562697788,
            "acc": 0.78412
        },
        "48": {
            "loss": 0.6581372752823793,
            "acc": 0.78646
        },
        "49": {
            "loss": 0.6748434378362983,
            "acc": 0.78198
        },
        "50": {
            "loss": 0.6659848421735837,
            "acc": 0.78564
        },
        "51": {
            "loss": 0.6697693369577608,
            "acc": 0.78358
        },
        "52": {
            "loss": 0.6589202738326528,
            "acc": 0.788
        },
        "53": {
            "loss": 0.6727751843307329,
            "acc": 0.78502
        },
        "54": {
            "loss": 0.6665979693155459,
            "acc": 0.78526
        },
        "55": {
            "loss": 0.6755782381805313,
            "acc": 0.7848
        },
        "56": {
            "loss": 0.6563397726744337,
            "acc": 0.79008
        },
        "57": {
            "loss": 0.658909814818131,
            "acc": 0.78988
        },
        "58": {
            "loss": 0.654586126584836,
            "acc": 0.79114
        },
        "59": {
            "loss": 0.6553760676280312,
            "acc": 0.79078
        },
        "60": {
            "loss": 0.6541026602773106,
            "acc": 0.79204
        },
        "61": {
            "loss": 0.6585714602104539,
            "acc": 0.78792
        },
        "62": {
            "loss": 0.6611559048790456,
            "acc": 0.78776
        },
        "63": {
            "loss": 0.6447899699058679,
            "acc": 0.79434
        },
        "64": {
            "loss": 0.6474821398325283,
            "acc": 0.79288
        },
        "65": {
            "loss": 0.6590454429006942,
            "acc": 0.78832
        },
        "66": {
            "loss": 0.6457691824497165,
            "acc": 0.79448
        },
        "67": {
            "loss": 0.6479298739939394,
            "acc": 0.79234
        },
        "68": {
            "loss": 0.6602434271284382,
            "acc": 0.78862
        },
        "69": {
            "loss": 0.6485834419727325,
            "acc": 0.79352
        },
        "70": {
            "loss": 0.6600457141009133,
            "acc": 0.79002
        },
        "71": {
            "loss": 0.65320176953245,
            "acc": 0.79236
        },
        "72": {
            "loss": 0.6548876826415586,
            "acc": 0.79194
        },
        "73": {
            "loss": 0.6545880581716748,
            "acc": 0.79146
        },
        "74": {
            "loss": 0.6480431244958698,
            "acc": 0.79708
        },
        "75": {
            "loss": 0.6517697816614605,
            "acc": 0.79394
        },
        "76": {
            "loss": 0.6433251754707082,
            "acc": 0.79502
        },
        "77": {
            "loss": 0.634859637607394,
            "acc": 0.79926
        },
        "78": {
            "loss": 0.6497032698005667,
            "acc": 0.7948
        },
        "79": {
            "loss": 0.6365876526326475,
            "acc": 0.79998
        },
        "80": {
            "loss": 0.6451665152369253,
            "acc": 0.79576
        },
        "81": {
            "loss": 0.6442285888182843,
            "acc": 0.79792
        },
        "82": {
            "loss": 0.6372151427409228,
            "acc": 0.79752
        },
        "83": {
            "loss": 0.6330898234911282,
            "acc": 0.80146
        },
        "84": {
            "loss": 0.6461165173889121,
            "acc": 0.7968
        },
        "85": {
            "loss": 0.631295224589765,
            "acc": 0.8008
        },
        "86": {
            "loss": 0.6292462269668384,
            "acc": 0.8021
        },
        "87": {
            "loss": 0.6399867573510045,
            "acc": 0.7964
        },
        "88": {
            "loss": 0.6360388143593089,
            "acc": 0.79918
        },
        "89": {
            "loss": 0.6398363358072002,
            "acc": 0.79894
        },
        "90": {
            "loss": 0.6234103441238403,
            "acc": 0.80294
        },
        "91": {
            "loss": 0.6361635536184091,
            "acc": 0.80016
        },
        "92": {
            "loss": 0.6304468828851305,
            "acc": 0.80312
        },
        "93": {
            "loss": 0.6178202449970538,
            "acc": 0.8058
        },
        "94": {
            "loss": 0.6294532736091663,
            "acc": 0.80028
        },
        "95": {
            "loss": 0.613842774916183,
            "acc": 0.80636
        },
        "96": {
            "loss": 0.6137945268617566,
            "acc": 0.80734
        },
        "97": {
            "loss": 0.6136808089740441,
            "acc": 0.80662
        },
        "98": {
            "loss": 0.6123326475662954,
            "acc": 0.80626
        },
        "99": {
            "loss": 0.6032254947420886,
            "acc": 0.80822
        },
        "100": {
            "loss": 0.4597646781550649,
            "acc": 0.85186
        },
        "101": {
            "loss": 0.40073649878697015,
            "acc": 0.86976
        },
        "102": {
            "loss": 0.37755885929860117,
            "acc": 0.87646
        },
        "103": {
            "loss": 0.3607005483049261,
            "acc": 0.88086
        },
        "104": {
            "loss": 0.34820279219876166,
            "acc": 0.88514
        },
        "105": {
            "loss": 0.34238649504568874,
            "acc": 0.88528
        },
        "106": {
            "loss": 0.3304419859748362,
            "acc": 0.88904
        },
        "107": {
            "loss": 0.32353402723741653,
            "acc": 0.89092
        },
        "108": {
            "loss": 0.310742167293873,
            "acc": 0.8956
        },
        "109": {
            "loss": 0.30934953003588234,
            "acc": 0.8958
        },
        "110": {
            "loss": 0.30421992671459225,
            "acc": 0.89732
        },
        "111": {
            "loss": 0.2932228044704403,
            "acc": 0.89874
        },
        "112": {
            "loss": 0.2885545182334798,
            "acc": 0.90316
        },
        "113": {
            "loss": 0.2886540498155767,
            "acc": 0.90136
        },
        "114": {
            "loss": 0.28102467540661086,
            "acc": 0.90354
        },
        "115": {
            "loss": 0.2728713385360625,
            "acc": 0.9068
        },
        "116": {
            "loss": 0.27171435641586933,
            "acc": 0.90798
        },
        "117": {
            "loss": 0.26775537244499187,
            "acc": 0.90828
        },
        "118": {
            "loss": 0.26471907233871766,
            "acc": 0.90846
        },
        "119": {
            "loss": 0.2604485613953732,
            "acc": 0.91062
        },
        "120": {
            "loss": 0.25562423416187086,
            "acc": 0.91228
        },
        "121": {
            "loss": 0.25133335733276496,
            "acc": 0.91348
        },
        "122": {
            "loss": 0.24415693068138475,
            "acc": 0.91504
        },
        "123": {
            "loss": 0.24213720118755575,
            "acc": 0.91604
        },
        "124": {
            "loss": 0.24167598526724768,
            "acc": 0.91568
        },
        "125": {
            "loss": 0.2393741624053482,
            "acc": 0.91776
        },
        "126": {
            "loss": 0.23434008541695603,
            "acc": 0.9191
        },
        "127": {
            "loss": 0.2275133142462167,
            "acc": 0.92018
        },
        "128": {
            "loss": 0.2263171981515177,
            "acc": 0.92148
        },
        "129": {
            "loss": 0.22432729405591556,
            "acc": 0.92138
        },
        "130": {
            "loss": 0.22563297709311975,
            "acc": 0.92152
        },
        "131": {
            "loss": 0.21860397492756928,
            "acc": 0.923
        },
        "132": {
            "loss": 0.21744302770746943,
            "acc": 0.92538
        },
        "133": {
            "loss": 0.21414103764859613,
            "acc": 0.92512
        },
        "134": {
            "loss": 0.21372086263221243,
            "acc": 0.9252
        },
        "135": {
            "loss": 0.20861217642531676,
            "acc": 0.92714
        },
        "136": {
            "loss": 0.2012721108239325,
            "acc": 0.92974
        },
        "137": {
            "loss": 0.20387477653525066,
            "acc": 0.92904
        },
        "138": {
            "loss": 0.1984994794477892,
            "acc": 0.9292
        },
        "139": {
            "loss": 0.1979316012252627,
            "acc": 0.9317
        },
        "140": {
            "loss": 0.1952316069694431,
            "acc": 0.93264
        },
        "141": {
            "loss": 0.19307979928029467,
            "acc": 0.93262
        },
        "142": {
            "loss": 0.1888390616763888,
            "acc": 0.93386
        },
        "143": {
            "loss": 0.18545951275988612,
            "acc": 0.93506
        },
        "144": {
            "loss": 0.18223214618232855,
            "acc": 0.93554
        },
        "145": {
            "loss": 0.18129204060224927,
            "acc": 0.93612
        },
        "146": {
            "loss": 0.1780136374332716,
            "acc": 0.937
        },
        "147": {
            "loss": 0.17770669733167,
            "acc": 0.93858
        },
        "148": {
            "loss": 0.17608953308304556,
            "acc": 0.9377
        },
        "149": {
            "loss": 0.17380272090206367,
            "acc": 0.93996
        },
        "150": {
            "loss": 0.16503854581843252,
            "acc": 0.94258
        },
        "151": {
            "loss": 0.15733602434358634,
            "acc": 0.94422
        },
        "152": {
            "loss": 0.15933299266621279,
            "acc": 0.94454
        },
        "153": {
            "loss": 0.16024279339081796,
            "acc": 0.9437
        },
        "154": {
            "loss": 0.1554566514309105,
            "acc": 0.94668
        },
        "155": {
            "loss": 0.15370115269061244,
            "acc": 0.94592
        },
        "156": {
            "loss": 0.15923216567396203,
            "acc": 0.94398
        },
        "157": {
            "loss": 0.15476216183370337,
            "acc": 0.94526
        },
        "158": {
            "loss": 0.15391651342820634,
            "acc": 0.94696
        },
        "159": {
            "loss": 0.15167721926861102,
            "acc": 0.94648
        },
        "160": {
            "loss": 0.15170080281432022,
            "acc": 0.94732
        },
        "161": {
            "loss": 0.15137721255154865,
            "acc": 0.946
        },
        "162": {
            "loss": 0.15195477046929967,
            "acc": 0.94664
        },
        "163": {
            "loss": 0.15158843903628458,
            "acc": 0.94656
        },
        "164": {
            "loss": 0.14997192053005215,
            "acc": 0.94774
        },
        "165": {
            "loss": 0.14967578964884323,
            "acc": 0.94734
        },
        "166": {
            "loss": 0.149020639869868,
            "acc": 0.94706
        },
        "167": {
            "loss": 0.15375467616578806,
            "acc": 0.9466
        },
        "168": {
            "loss": 0.1508559878258144,
            "acc": 0.94632
        },
        "169": {
            "loss": 0.14628870487975343,
            "acc": 0.94924
        },
        "170": {
            "loss": 0.14823816954860908,
            "acc": 0.94724
        },
        "171": {
            "loss": 0.14557757186691475,
            "acc": 0.94898
        },
        "172": {
            "loss": 0.14895237723122473,
            "acc": 0.94864
        },
        "173": {
            "loss": 0.14862129914448086,
            "acc": 0.94862
        },
        "174": {
            "loss": 0.1516428215100485,
            "acc": 0.94654
        },
        "175": {
            "loss": 0.14829911860396794,
            "acc": 0.9483
        },
        "176": {
            "loss": 0.14638006799589948,
            "acc": 0.94844
        },
        "177": {
            "loss": 0.14733580570391683,
            "acc": 0.94862
        },
        "178": {
            "loss": 0.14511378773528597,
            "acc": 0.9486
        },
        "179": {
            "loss": 0.14886216142826983,
            "acc": 0.94772
        },
        "180": {
            "loss": 0.14745865529760374,
            "acc": 0.9485
        },
        "181": {
            "loss": 0.14799882790735922,
            "acc": 0.94786
        },
        "182": {
            "loss": 0.14631822813883463,
            "acc": 0.94896
        },
        "183": {
            "loss": 0.14473380634318228,
            "acc": 0.94858
        },
        "184": {
            "loss": 0.14608094503012153,
            "acc": 0.94862
        },
        "185": {
            "loss": 0.1454907780098717,
            "acc": 0.94874
        },
        "186": {
            "loss": 0.1445433007996253,
            "acc": 0.95012
        },
        "187": {
            "loss": 0.1438144879687168,
            "acc": 0.9486
        },
        "188": {
            "loss": 0.1406113397129966,
            "acc": 0.95004
        },
        "189": {
            "loss": 0.14404675927575286,
            "acc": 0.94982
        },
        "190": {
            "loss": 0.1441958154292058,
            "acc": 0.94974
        },
        "191": {
            "loss": 0.13883922326252285,
            "acc": 0.95074
        },
        "192": {
            "loss": 0.14227425435658,
            "acc": 0.94958
        },
        "193": {
            "loss": 0.14048419977583543,
            "acc": 0.95098
        },
        "194": {
            "loss": 0.1417575876330933,
            "acc": 0.94906
        },
        "195": {
            "loss": 0.14367188074056755,
            "acc": 0.94938
        },
        "196": {
            "loss": 0.14140273152333696,
            "acc": 0.95004
        },
        "197": {
            "loss": 0.1415953186276319,
            "acc": 0.95034
        },
        "198": {
            "loss": 0.14264683282988913,
            "acc": 0.95058
        },
        "199": {
            "loss": 0.13983578173934347,
            "acc": 0.95054
        },
        "200": {
            "loss": 0.1412751006291193,
            "acc": 0.9506
        },
        "201": {
            "loss": 0.13700389518114306,
            "acc": 0.9515
        },
        "202": {
            "loss": 0.13710500127481073,
            "acc": 0.95204
        },
        "203": {
            "loss": 0.13958806860858522,
            "acc": 0.95066
        },
        "204": {
            "loss": 0.13880909997445848,
            "acc": 0.95228
        },
        "205": {
            "loss": 0.1402879049882407,
            "acc": 0.95052
        },
        "206": {
            "loss": 0.13951780831874788,
            "acc": 0.9508
        },
        "207": {
            "loss": 0.14284237042602982,
            "acc": 0.94948
        },
        "208": {
            "loss": 0.13874105563211014,
            "acc": 0.95118
        },
        "209": {
            "loss": 0.13626316248837028,
            "acc": 0.9514
        },
        "210": {
            "loss": 0.13781479152534015,
            "acc": 0.9518
        },
        "211": {
            "loss": 0.13839461751129772,
            "acc": 0.95154
        },
        "212": {
            "loss": 0.1422486713017954,
            "acc": 0.95094
        },
        "213": {
            "loss": 0.14296831460217077,
            "acc": 0.9499
        },
        "214": {
            "loss": 0.1384669525448776,
            "acc": 0.9518
        },
        "215": {
            "loss": 0.14052703818473058,
            "acc": 0.95048
        },
        "216": {
            "loss": 0.13655588377619643,
            "acc": 0.95156
        },
        "217": {
            "loss": 0.1397230292925292,
            "acc": 0.9504
        },
        "218": {
            "loss": 0.13773321727162127,
            "acc": 0.95182
        },
        "219": {
            "loss": 0.1385533615298893,
            "acc": 0.95152
        },
        "220": {
            "loss": 0.13830549420450655,
            "acc": 0.95142
        },
        "221": {
            "loss": 0.14077972892262136,
            "acc": 0.95016
        },
        "222": {
            "loss": 0.1378461177868154,
            "acc": 0.95234
        },
        "223": {
            "loss": 0.1411878695649564,
            "acc": 0.9507
        },
        "224": {
            "loss": 0.1392372153280184,
            "acc": 0.95088
        },
        "225": {
            "loss": 0.13661872173476097,
            "acc": 0.95338
        },
        "226": {
            "loss": 0.13751101672001506,
            "acc": 0.95074
        },
        "227": {
            "loss": 0.13684510270519482,
            "acc": 0.9528
        },
        "228": {
            "loss": 0.13697454667724002,
            "acc": 0.95188
        },
        "229": {
            "loss": 0.13820110616819634,
            "acc": 0.95094
        },
        "230": {
            "loss": 0.13867713326154768,
            "acc": 0.95194
        },
        "231": {
            "loss": 0.13660043513264192,
            "acc": 0.95198
        },
        "232": {
            "loss": 0.13511314297385532,
            "acc": 0.95182
        },
        "233": {
            "loss": 0.1401315028957851,
            "acc": 0.9507
        },
        "234": {
            "loss": 0.1367385371509568,
            "acc": 0.95144
        },
        "235": {
            "loss": 0.13527461508636737,
            "acc": 0.95162
        },
        "236": {
            "loss": 0.13952162412121472,
            "acc": 0.9506
        },
        "237": {
            "loss": 0.13840134043599028,
            "acc": 0.95048
        },
        "238": {
            "loss": 0.13810268183574653,
            "acc": 0.95196
        },
        "239": {
            "loss": 0.13643862887778702,
            "acc": 0.95176
        },
        "240": {
            "loss": 0.13889278579131722,
            "acc": 0.9507
        },
        "241": {
            "loss": 0.1394659912170809,
            "acc": 0.95046
        },
        "242": {
            "loss": 0.1391346959582985,
            "acc": 0.95092
        },
        "243": {
            "loss": 0.13735745282238707,
            "acc": 0.95194
        },
        "244": {
            "loss": 0.13770072920071652,
            "acc": 0.95122
        },
        "245": {
            "loss": 0.13759339576029717,
            "acc": 0.9515
        },
        "246": {
            "loss": 0.13856719161772058,
            "acc": 0.951
        },
        "247": {
            "loss": 0.14069169268126377,
            "acc": 0.95026
        },
        "248": {
            "loss": 0.13371402673099353,
            "acc": 0.95366
        },
        "249": {
            "loss": 0.1393163782708785,
            "acc": 0.95112
        }
    },
    "test": {
        "0": {
            "loss": 1.4858623218536378,
            "acc": 0.4631
        },
        "1": {
            "loss": 1.2634612154960632,
            "acc": 0.5544
        },
        "3": {
            "loss": 0.9851892447471619,
            "acc": 0.66
        },
        "5": {
            "loss": 0.9764829206466675,
            "acc": 0.6622
        },
        "7": {
            "loss": 0.8428346049785614,
            "acc": 0.715
        },
        "9": {
            "loss": 0.862287278175354,
            "acc": 0.7183
        },
        "11": {
            "loss": 0.8117645800113678,
            "acc": 0.728
        },
        "13": {
            "loss": 0.8913256204128266,
            "acc": 0.7065
        },
        "15": {
            "loss": 0.7626120638847351,
            "acc": 0.7454
        },
        "17": {
            "loss": 0.7643402564525604,
            "acc": 0.7463
        },
        "19": {
            "loss": 0.7491289556026459,
            "acc": 0.7607
        },
        "21": {
            "loss": 0.7796198952198029,
            "acc": 0.7468
        },
        "23": {
            "loss": 0.7762988829612731,
            "acc": 0.7507
        },
        "25": {
            "loss": 0.7823438167572021,
            "acc": 0.7484
        },
        "27": {
            "loss": 0.7481027960777282,
            "acc": 0.7616
        },
        "29": {
            "loss": 0.7739545643329621,
            "acc": 0.7584
        },
        "31": {
            "loss": 0.7649626016616822,
            "acc": 0.7551
        },
        "33": {
            "loss": 0.8303213012218476,
            "acc": 0.7437
        },
        "35": {
            "loss": 0.8129580104351044,
            "acc": 0.7438
        },
        "37": {
            "loss": 0.8110878646373749,
            "acc": 0.7522
        },
        "39": {
            "loss": 0.793045723438263,
            "acc": 0.7573
        },
        "41": {
            "loss": 0.7862658202648163,
            "acc": 0.7623
        },
        "43": {
            "loss": 0.8218676805496216,
            "acc": 0.7511
        },
        "45": {
            "loss": 0.8612013483047485,
            "acc": 0.7394
        },
        "47": {
            "loss": 0.7774273407459259,
            "acc": 0.7585
        },
        "49": {
            "loss": 0.8222520661354065,
            "acc": 0.7506
        },
        "51": {
            "loss": 0.8065981543064118,
            "acc": 0.7618
        },
        "53": {
            "loss": 0.8141600072383881,
            "acc": 0.758
        },
        "55": {
            "loss": 0.8072086095809936,
            "acc": 0.7498
        },
        "57": {
            "loss": 0.7918808436393738,
            "acc": 0.7567
        },
        "59": {
            "loss": 0.8172250199317932,
            "acc": 0.7574
        },
        "61": {
            "loss": 0.8408160603046417,
            "acc": 0.7408
        },
        "63": {
            "loss": 0.7730677449703216,
            "acc": 0.764
        },
        "65": {
            "loss": 0.7983653616905212,
            "acc": 0.7597
        },
        "67": {
            "loss": 0.8128477323055268,
            "acc": 0.756
        },
        "69": {
            "loss": 0.8206063151359558,
            "acc": 0.7548
        },
        "71": {
            "loss": 0.7988896214962006,
            "acc": 0.7714
        },
        "73": {
            "loss": 0.7893005001544953,
            "acc": 0.7619
        },
        "75": {
            "loss": 0.8144687509536743,
            "acc": 0.7582
        },
        "77": {
            "loss": 0.8445716965198516,
            "acc": 0.7621
        },
        "79": {
            "loss": 0.8154402101039886,
            "acc": 0.7591
        },
        "81": {
            "loss": 0.8039352893829346,
            "acc": 0.7671
        },
        "83": {
            "loss": 0.8006979143619537,
            "acc": 0.7628
        },
        "85": {
            "loss": 0.7913967192173004,
            "acc": 0.763
        },
        "87": {
            "loss": 0.8160186898708344,
            "acc": 0.766
        },
        "89": {
            "loss": 0.8140245532989502,
            "acc": 0.7551
        },
        "91": {
            "loss": 0.8198918461799621,
            "acc": 0.7654
        },
        "93": {
            "loss": 0.7941437590122223,
            "acc": 0.7601
        },
        "95": {
            "loss": 0.7719435012340545,
            "acc": 0.7703
        },
        "97": {
            "loss": 0.8371965670585633,
            "acc": 0.7639
        },
        "99": {
            "loss": 0.7621754848957062,
            "acc": 0.7733
        },
        "101": {
            "loss": 0.612555935382843,
            "acc": 0.8184
        },
        "103": {
            "loss": 0.6148541015386582,
            "acc": 0.8169
        },
        "105": {
            "loss": 0.60506975710392,
            "acc": 0.8231
        },
        "107": {
            "loss": 0.5980927366018295,
            "acc": 0.823
        },
        "109": {
            "loss": 0.5947043418884277,
            "acc": 0.828
        },
        "111": {
            "loss": 0.604029346704483,
            "acc": 0.8265
        },
        "113": {
            "loss": 0.5915719276666641,
            "acc": 0.8299
        },
        "115": {
            "loss": 0.6019393944740296,
            "acc": 0.8296
        },
        "117": {
            "loss": 0.602305400967598,
            "acc": 0.8306
        },
        "119": {
            "loss": 0.5974937725067139,
            "acc": 0.833
        },
        "121": {
            "loss": 0.6011058211326599,
            "acc": 0.8323
        },
        "123": {
            "loss": 0.6037205910682678,
            "acc": 0.8307
        },
        "125": {
            "loss": 0.6040223544836044,
            "acc": 0.8319
        },
        "127": {
            "loss": 0.606381561756134,
            "acc": 0.8343
        },
        "129": {
            "loss": 0.6130291932821273,
            "acc": 0.8337
        },
        "131": {
            "loss": 0.6216941690444946,
            "acc": 0.834
        },
        "133": {
            "loss": 0.6181105232238769,
            "acc": 0.836
        },
        "135": {
            "loss": 0.6242573553323746,
            "acc": 0.8348
        },
        "137": {
            "loss": 0.6227898836135864,
            "acc": 0.8371
        },
        "139": {
            "loss": 0.623227254152298,
            "acc": 0.8357
        },
        "141": {
            "loss": 0.6290644019842148,
            "acc": 0.8365
        },
        "143": {
            "loss": 0.6349494862556457,
            "acc": 0.8362
        },
        "145": {
            "loss": 0.631886528134346,
            "acc": 0.8373
        },
        "147": {
            "loss": 0.638172556757927,
            "acc": 0.8376
        },
        "149": {
            "loss": 0.6407932484149933,
            "acc": 0.8402
        },
        "151": {
            "loss": 0.6389921897649765,
            "acc": 0.8398
        },
        "153": {
            "loss": 0.6418226009607315,
            "acc": 0.8397
        },
        "155": {
            "loss": 0.6427900379896164,
            "acc": 0.8403
        },
        "157": {
            "loss": 0.6446354103088379,
            "acc": 0.8403
        },
        "159": {
            "loss": 0.6482353162765503,
            "acc": 0.8403
        },
        "161": {
            "loss": 0.6510394066572189,
            "acc": 0.8397
        },
        "163": {
            "loss": 0.6516225337982178,
            "acc": 0.8393
        },
        "165": {
            "loss": 0.6538707554340363,
            "acc": 0.8408
        },
        "167": {
            "loss": 0.6522672522068024,
            "acc": 0.8411
        },
        "169": {
            "loss": 0.655867977142334,
            "acc": 0.8399
        },
        "171": {
            "loss": 0.6570623147487641,
            "acc": 0.8404
        },
        "173": {
            "loss": 0.6544951915740966,
            "acc": 0.8408
        },
        "175": {
            "loss": 0.6537013566493988,
            "acc": 0.841
        },
        "177": {
            "loss": 0.6543291985988617,
            "acc": 0.8404
        },
        "179": {
            "loss": 0.6579173731803895,
            "acc": 0.8415
        },
        "181": {
            "loss": 0.6587458372116088,
            "acc": 0.8397
        },
        "183": {
            "loss": 0.6566559582948684,
            "acc": 0.8409
        },
        "185": {
            "loss": 0.6582764089107513,
            "acc": 0.8397
        },
        "187": {
            "loss": 0.6588422691822052,
            "acc": 0.841
        },
        "189": {
            "loss": 0.6606377243995667,
            "acc": 0.8408
        },
        "191": {
            "loss": 0.6622549438476563,
            "acc": 0.8399
        },
        "193": {
            "loss": 0.6634167647361755,
            "acc": 0.841
        },
        "195": {
            "loss": 0.6658459782600403,
            "acc": 0.8411
        },
        "197": {
            "loss": 0.6661324518918991,
            "acc": 0.841
        },
        "199": {
            "loss": 0.6664795792102813,
            "acc": 0.841
        },
        "201": {
            "loss": 0.6655892950296401,
            "acc": 0.8414
        },
        "203": {
            "loss": 0.6654471653699875,
            "acc": 0.8411
        },
        "205": {
            "loss": 0.6657523769140243,
            "acc": 0.8414
        },
        "207": {
            "loss": 0.6656837046146393,
            "acc": 0.8422
        },
        "209": {
            "loss": 0.6659246373176575,
            "acc": 0.841
        },
        "211": {
            "loss": 0.6661686128377915,
            "acc": 0.8418
        },
        "213": {
            "loss": 0.6653646785020828,
            "acc": 0.842
        },
        "215": {
            "loss": 0.6657096993923187,
            "acc": 0.8419
        },
        "217": {
            "loss": 0.6656460309028626,
            "acc": 0.8421
        },
        "219": {
            "loss": 0.6660588830709457,
            "acc": 0.8416
        },
        "221": {
            "loss": 0.665937276482582,
            "acc": 0.8416
        },
        "223": {
            "loss": 0.666302804350853,
            "acc": 0.8412
        },
        "225": {
            "loss": 0.666902883052826,
            "acc": 0.8413
        },
        "227": {
            "loss": 0.6665975731611252,
            "acc": 0.8413
        },
        "229": {
            "loss": 0.6671438306570053,
            "acc": 0.8412
        },
        "231": {
            "loss": 0.6668300700187683,
            "acc": 0.8417
        },
        "233": {
            "loss": 0.6673325723409653,
            "acc": 0.8413
        },
        "235": {
            "loss": 0.6678837078809738,
            "acc": 0.8413
        },
        "237": {
            "loss": 0.6680879884958267,
            "acc": 0.8413
        },
        "239": {
            "loss": 0.6681691497564316,
            "acc": 0.8418
        },
        "241": {
            "loss": 0.6682304489612579,
            "acc": 0.8416
        },
        "243": {
            "loss": 0.6683431249856949,
            "acc": 0.8414
        },
        "245": {
            "loss": 0.6683474683761597,
            "acc": 0.8415
        },
        "247": {
            "loss": 0.668333676457405,
            "acc": 0.8418
        },
        "249": {
            "loss": 0.6690260481834411,
            "acc": 0.8414
        }
    },
    "best": {
        "best_epoch": 207,
        "best_acc": 84.22
    }
}