{
    "train": {
        "0": {
            "loss": 2.164549127564101,
            "acc": 0.16024
        },
        "1": {
            "loss": 1.7107696264906003,
            "acc": 0.35504
        },
        "2": {
            "loss": 1.5118455609397206,
            "acc": 0.45026
        },
        "3": {
            "loss": 1.4227436771783073,
            "acc": 0.49066
        },
        "4": {
            "loss": 1.3672931868097056,
            "acc": 0.51156
        },
        "5": {
            "loss": 1.3333332995929377,
            "acc": 0.52576
        },
        "6": {
            "loss": 1.3109742366444423,
            "acc": 0.53576
        },
        "7": {
            "loss": 1.2930920386253415,
            "acc": 0.54126
        },
        "8": {
            "loss": 1.2796595120978782,
            "acc": 0.55088
        },
        "9": {
            "loss": 1.256897895842257,
            "acc": 0.55944
        },
        "10": {
            "loss": 1.2491643658989227,
            "acc": 0.56326
        },
        "11": {
            "loss": 1.2405395663302878,
            "acc": 0.56422
        },
        "12": {
            "loss": 1.231233805189352,
            "acc": 0.56814
        },
        "13": {
            "loss": 1.2290967506216006,
            "acc": 0.57078
        },
        "14": {
            "loss": 1.2236535492760445,
            "acc": 0.57742
        },
        "15": {
            "loss": 1.214404250654723,
            "acc": 0.579
        },
        "16": {
            "loss": 1.2119230632586857,
            "acc": 0.58176
        },
        "17": {
            "loss": 1.1999394007960853,
            "acc": 0.58214
        },
        "18": {
            "loss": 1.1991211741476717,
            "acc": 0.58584
        },
        "19": {
            "loss": 1.2050967647901276,
            "acc": 0.58228
        },
        "20": {
            "loss": 1.2014084543718402,
            "acc": 0.58458
        },
        "21": {
            "loss": 1.1932736232762446,
            "acc": 0.58892
        },
        "22": {
            "loss": 1.185195878643514,
            "acc": 0.58842
        },
        "23": {
            "loss": 1.1929882219075547,
            "acc": 0.5902
        },
        "24": {
            "loss": 1.1908848599704636,
            "acc": 0.59052
        },
        "25": {
            "loss": 1.1908275247229945,
            "acc": 0.58922
        },
        "26": {
            "loss": 1.1910405712359398,
            "acc": 0.59118
        },
        "27": {
            "loss": 1.18801930097058,
            "acc": 0.59182
        },
        "28": {
            "loss": 1.1859261869164683,
            "acc": 0.59226
        },
        "29": {
            "loss": 1.178864342324874,
            "acc": 0.59456
        },
        "30": {
            "loss": 1.178959702591762,
            "acc": 0.59666
        },
        "31": {
            "loss": 1.174176749975785,
            "acc": 0.59626
        },
        "32": {
            "loss": 1.182515128036899,
            "acc": 0.59612
        },
        "33": {
            "loss": 1.1724631649149044,
            "acc": 0.59954
        },
        "34": {
            "loss": 1.1767240018795824,
            "acc": 0.5988
        },
        "35": {
            "loss": 1.1800497317558054,
            "acc": 0.59708
        },
        "36": {
            "loss": 1.1679720450240327,
            "acc": 0.59976
        },
        "37": {
            "loss": 1.1708869694748802,
            "acc": 0.59888
        },
        "38": {
            "loss": 1.1647516877754875,
            "acc": 0.60058
        },
        "39": {
            "loss": 1.1699352715631275,
            "acc": 0.60022
        },
        "40": {
            "loss": 1.1749188849688186,
            "acc": 0.59708
        },
        "41": {
            "loss": 1.1760541632047394,
            "acc": 0.59846
        },
        "42": {
            "loss": 1.1729439676875044,
            "acc": 0.5998
        },
        "43": {
            "loss": 1.1648112716882124,
            "acc": 0.60082
        },
        "44": {
            "loss": 1.1733135946876252,
            "acc": 0.6019
        },
        "45": {
            "loss": 1.1669143384984693,
            "acc": 0.5977
        },
        "46": {
            "loss": 1.168304197776043,
            "acc": 0.60014
        },
        "47": {
            "loss": 1.1792533649203112,
            "acc": 0.59708
        },
        "48": {
            "loss": 1.1706135186088054,
            "acc": 0.60046
        },
        "49": {
            "loss": 1.1626638206069733,
            "acc": 0.59998
        },
        "50": {
            "loss": 1.1620828481891272,
            "acc": 0.6039
        },
        "51": {
            "loss": 1.1687300295171226,
            "acc": 0.6009
        },
        "52": {
            "loss": 1.1672351976184894,
            "acc": 0.59848
        },
        "53": {
            "loss": 1.159063427497054,
            "acc": 0.60352
        },
        "54": {
            "loss": 1.154725602520701,
            "acc": 0.60492
        },
        "55": {
            "loss": 1.1585130612258716,
            "acc": 0.60438
        },
        "56": {
            "loss": 1.170919100189453,
            "acc": 0.60308
        },
        "57": {
            "loss": 1.164162330615246,
            "acc": 0.602
        },
        "58": {
            "loss": 1.160568301025254,
            "acc": 0.60404
        },
        "59": {
            "loss": 1.167325784940549,
            "acc": 0.59994
        },
        "60": {
            "loss": 1.160943762878018,
            "acc": 0.6067
        },
        "61": {
            "loss": 1.1707050722578298,
            "acc": 0.60068
        },
        "62": {
            "loss": 1.1595887575308075,
            "acc": 0.60392
        },
        "63": {
            "loss": 1.1605894495459164,
            "acc": 0.60548
        },
        "64": {
            "loss": 1.1508249741076204,
            "acc": 0.60678
        },
        "65": {
            "loss": 1.161131478636466,
            "acc": 0.60332
        },
        "66": {
            "loss": 1.1629462729939415,
            "acc": 0.60638
        },
        "67": {
            "loss": 1.1630871981915916,
            "acc": 0.60374
        },
        "68": {
            "loss": 1.1638944927993637,
            "acc": 0.60202
        },
        "69": {
            "loss": 1.1515719878399158,
            "acc": 0.60914
        },
        "70": {
            "loss": 1.155107117522403,
            "acc": 0.60632
        },
        "71": {
            "loss": 1.1531714111032998,
            "acc": 0.60682
        },
        "72": {
            "loss": 1.1549738822385782,
            "acc": 0.60796
        },
        "73": {
            "loss": 1.1544868978088165,
            "acc": 0.60948
        },
        "74": {
            "loss": 1.1509151522765684,
            "acc": 0.60994
        },
        "75": {
            "loss": 1.157609985764984,
            "acc": 0.60734
        },
        "76": {
            "loss": 1.1602699527959994,
            "acc": 0.60618
        },
        "77": {
            "loss": 1.1459186630480735,
            "acc": 0.60948
        },
        "78": {
            "loss": 1.1473851335018188,
            "acc": 0.60812
        },
        "79": {
            "loss": 1.1662105154198454,
            "acc": 0.60256
        },
        "80": {
            "loss": 1.1464091225353348,
            "acc": 0.60782
        },
        "81": {
            "loss": 1.1495968089689075,
            "acc": 0.60974
        },
        "82": {
            "loss": 1.1479158732287413,
            "acc": 0.61106
        },
        "83": {
            "loss": 1.1548111819855087,
            "acc": 0.60774
        },
        "84": {
            "loss": 1.1464279016570362,
            "acc": 0.61026
        },
        "85": {
            "loss": 1.1449386559788832,
            "acc": 0.61088
        },
        "86": {
            "loss": 1.1416822341092103,
            "acc": 0.614
        },
        "87": {
            "loss": 1.154231065069623,
            "acc": 0.6075
        },
        "88": {
            "loss": 1.1528469993330328,
            "acc": 0.60828
        },
        "89": {
            "loss": 1.1549746110616133,
            "acc": 0.60966
        },
        "90": {
            "loss": 1.1498040976121908,
            "acc": 0.60948
        },
        "91": {
            "loss": 1.149772364465172,
            "acc": 0.61144
        },
        "92": {
            "loss": 1.1446572668717037,
            "acc": 0.6096
        },
        "93": {
            "loss": 1.1444599317467732,
            "acc": 0.61078
        },
        "94": {
            "loss": 1.1397696160294515,
            "acc": 0.61372
        },
        "95": {
            "loss": 1.140253065187303,
            "acc": 0.61344
        },
        "96": {
            "loss": 1.1468174605418349,
            "acc": 0.6116
        },
        "97": {
            "loss": 1.150188292993609,
            "acc": 0.60888
        },
        "98": {
            "loss": 1.1383459831747558,
            "acc": 0.61748
        },
        "99": {
            "loss": 1.1458677777548885,
            "acc": 0.61092
        },
        "100": {
            "loss": 0.9744899175356111,
            "acc": 0.66504
        },
        "101": {
            "loss": 0.9039720456923366,
            "acc": 0.68746
        },
        "102": {
            "loss": 0.8831278430226513,
            "acc": 0.6934
        },
        "103": {
            "loss": 0.8598026639360297,
            "acc": 0.70064
        },
        "104": {
            "loss": 0.8441060357691382,
            "acc": 0.70576
        },
        "105": {
            "loss": 0.8339835223944291,
            "acc": 0.70748
        },
        "106": {
            "loss": 0.8188127418003424,
            "acc": 0.71426
        },
        "107": {
            "loss": 0.8098383437642052,
            "acc": 0.71492
        },
        "108": {
            "loss": 0.8032469714389128,
            "acc": 0.7169
        },
        "109": {
            "loss": 0.7967912275772875,
            "acc": 0.72098
        },
        "110": {
            "loss": 0.7904225430830055,
            "acc": 0.7215
        },
        "111": {
            "loss": 0.7806422344558989,
            "acc": 0.72678
        },
        "112": {
            "loss": 0.7724887036606479,
            "acc": 0.72956
        },
        "113": {
            "loss": 0.7625879177352046,
            "acc": 0.73102
        },
        "114": {
            "loss": 0.7633495379591841,
            "acc": 0.7292
        },
        "115": {
            "loss": 0.7571590555750806,
            "acc": 0.7296
        },
        "116": {
            "loss": 0.7476301874651019,
            "acc": 0.7341
        },
        "117": {
            "loss": 0.7401854504099892,
            "acc": 0.73744
        },
        "118": {
            "loss": 0.7347944808738006,
            "acc": 0.73954
        },
        "119": {
            "loss": 0.7314952474725825,
            "acc": 0.7414
        },
        "120": {
            "loss": 0.7216603148471364,
            "acc": 0.74366
        },
        "121": {
            "loss": 0.7114269446838847,
            "acc": 0.7467
        },
        "122": {
            "loss": 0.7133534756462897,
            "acc": 0.74678
        },
        "123": {
            "loss": 0.7063753811447212,
            "acc": 0.74912
        },
        "124": {
            "loss": 0.7019710474459412,
            "acc": 0.74774
        },
        "125": {
            "loss": 0.6997052429582152,
            "acc": 0.75178
        },
        "126": {
            "loss": 0.6930583178844598,
            "acc": 0.75096
        },
        "127": {
            "loss": 0.6861437880017264,
            "acc": 0.75398
        },
        "128": {
            "loss": 0.6833362204339498,
            "acc": 0.75618
        },
        "129": {
            "loss": 0.6839163080810586,
            "acc": 0.75598
        },
        "130": {
            "loss": 0.6688036458266665,
            "acc": 0.76244
        },
        "131": {
            "loss": 0.6672105448477713,
            "acc": 0.75968
        },
        "132": {
            "loss": 0.6606017738352041,
            "acc": 0.76286
        },
        "133": {
            "loss": 0.6612567876458473,
            "acc": 0.76286
        },
        "134": {
            "loss": 0.6588724202969495,
            "acc": 0.76516
        },
        "135": {
            "loss": 0.6515899117645401,
            "acc": 0.76632
        },
        "136": {
            "loss": 0.6440339107495134,
            "acc": 0.76954
        },
        "137": {
            "loss": 0.6370101657212542,
            "acc": 0.7716
        },
        "138": {
            "loss": 0.6353266541000522,
            "acc": 0.77258
        },
        "139": {
            "loss": 0.6308052423207656,
            "acc": 0.77464
        },
        "140": {
            "loss": 0.6225021739902399,
            "acc": 0.77546
        },
        "141": {
            "loss": 0.6237318156777746,
            "acc": 0.77864
        },
        "142": {
            "loss": 0.621870879931828,
            "acc": 0.77746
        },
        "143": {
            "loss": 0.6117537704575092,
            "acc": 0.77978
        },
        "144": {
            "loss": 0.6075875416893484,
            "acc": 0.78066
        },
        "145": {
            "loss": 0.6026077163036522,
            "acc": 0.78526
        },
        "146": {
            "loss": 0.5968359419147072,
            "acc": 0.78626
        },
        "147": {
            "loss": 0.594774058636497,
            "acc": 0.786
        },
        "148": {
            "loss": 0.5922183635289712,
            "acc": 0.78724
        },
        "149": {
            "loss": 0.5897721074273824,
            "acc": 0.7864
        },
        "150": {
            "loss": 0.5515621681804852,
            "acc": 0.80178
        },
        "151": {
            "loss": 0.5355862018549838,
            "acc": 0.80628
        },
        "152": {
            "loss": 0.5312075881701906,
            "acc": 0.80804
        },
        "153": {
            "loss": 0.5247546509861032,
            "acc": 0.81038
        },
        "154": {
            "loss": 0.5250783250917255,
            "acc": 0.81166
        },
        "155": {
            "loss": 0.521617993598094,
            "acc": 0.81298
        },
        "156": {
            "loss": 0.5205643992594746,
            "acc": 0.8137
        },
        "157": {
            "loss": 0.520152828348872,
            "acc": 0.81262
        },
        "158": {
            "loss": 0.5183474727146461,
            "acc": 0.81392
        },
        "159": {
            "loss": 0.5108761210423296,
            "acc": 0.81536
        },
        "160": {
            "loss": 0.510589161035045,
            "acc": 0.81456
        },
        "161": {
            "loss": 0.5078138515467534,
            "acc": 0.8181
        },
        "162": {
            "loss": 0.5092814912271622,
            "acc": 0.81742
        },
        "163": {
            "loss": 0.5010137520635219,
            "acc": 0.8189
        },
        "164": {
            "loss": 0.5100450625504984,
            "acc": 0.8166
        },
        "165": {
            "loss": 0.5008865579619737,
            "acc": 0.81952
        },
        "166": {
            "loss": 0.503165986074511,
            "acc": 0.82124
        },
        "167": {
            "loss": 0.5001657709593663,
            "acc": 0.81998
        },
        "168": {
            "loss": 0.49549904755314295,
            "acc": 0.82016
        },
        "169": {
            "loss": 0.49886466543692765,
            "acc": 0.8194
        },
        "170": {
            "loss": 0.5024770227692011,
            "acc": 0.81878
        },
        "171": {
            "loss": 0.49398709319131756,
            "acc": 0.82206
        },
        "172": {
            "loss": 0.4941610030048644,
            "acc": 0.82076
        },
        "173": {
            "loss": 0.49278417740331587,
            "acc": 0.82284
        },
        "174": {
            "loss": 0.495475970418252,
            "acc": 0.8216
        },
        "175": {
            "loss": 0.48864944968991875,
            "acc": 0.82408
        },
        "176": {
            "loss": 0.4902720553490817,
            "acc": 0.82408
        },
        "177": {
            "loss": 0.4894742130318566,
            "acc": 0.82326
        },
        "178": {
            "loss": 0.4865702200881051,
            "acc": 0.82302
        },
        "179": {
            "loss": 0.4864586130584902,
            "acc": 0.82488
        },
        "180": {
            "loss": 0.4822503452563225,
            "acc": 0.82646
        },
        "181": {
            "loss": 0.48336286130158795,
            "acc": 0.82622
        },
        "182": {
            "loss": 0.48528357318905,
            "acc": 0.8264
        },
        "183": {
            "loss": 0.4783518446985718,
            "acc": 0.82814
        },
        "184": {
            "loss": 0.48007373035411394,
            "acc": 0.82628
        },
        "185": {
            "loss": 0.4795923758193355,
            "acc": 0.82802
        },
        "186": {
            "loss": 0.47591457609325416,
            "acc": 0.82908
        },
        "187": {
            "loss": 0.47927345827107537,
            "acc": 0.827
        },
        "188": {
            "loss": 0.47684003797638447,
            "acc": 0.82912
        },
        "189": {
            "loss": 0.47612916897324953,
            "acc": 0.82922
        },
        "190": {
            "loss": 0.46823092715819475,
            "acc": 0.8307
        },
        "191": {
            "loss": 0.4738314237131182,
            "acc": 0.83016
        },
        "192": {
            "loss": 0.4696774838678062,
            "acc": 0.83136
        },
        "193": {
            "loss": 0.46774281191703915,
            "acc": 0.83174
        },
        "194": {
            "loss": 0.4685092188818071,
            "acc": 0.83102
        },
        "195": {
            "loss": 0.4686849422924354,
            "acc": 0.83226
        },
        "196": {
            "loss": 0.4675854378191711,
            "acc": 0.83072
        },
        "197": {
            "loss": 0.46518369190528264,
            "acc": 0.83404
        },
        "198": {
            "loss": 0.4631455001776176,
            "acc": 0.83388
        },
        "199": {
            "loss": 0.46412436164858395,
            "acc": 0.83288
        },
        "200": {
            "loss": 0.45752328176937446,
            "acc": 0.83436
        },
        "201": {
            "loss": 0.45971499516835906,
            "acc": 0.83706
        },
        "202": {
            "loss": 0.4542368917209108,
            "acc": 0.83608
        },
        "203": {
            "loss": 0.4560433822062314,
            "acc": 0.8353
        },
        "204": {
            "loss": 0.46058115607027506,
            "acc": 0.83378
        },
        "205": {
            "loss": 0.45620270283020975,
            "acc": 0.83564
        },
        "206": {
            "loss": 0.4537645541798428,
            "acc": 0.83576
        },
        "207": {
            "loss": 0.4521924822074373,
            "acc": 0.83744
        },
        "208": {
            "loss": 0.4549786438569998,
            "acc": 0.83678
        },
        "209": {
            "loss": 0.45258746862106614,
            "acc": 0.83722
        },
        "210": {
            "loss": 0.4554127615583522,
            "acc": 0.83584
        },
        "211": {
            "loss": 0.4503994627529398,
            "acc": 0.83862
        },
        "212": {
            "loss": 0.45005953654913644,
            "acc": 0.83634
        },
        "213": {
            "loss": 0.45503368691715135,
            "acc": 0.83706
        },
        "214": {
            "loss": 0.4510854978847991,
            "acc": 0.83686
        },
        "215": {
            "loss": 0.45127547465626844,
            "acc": 0.83832
        },
        "216": {
            "loss": 0.45849808341706805,
            "acc": 0.83582
        },
        "217": {
            "loss": 0.4495041384111585,
            "acc": 0.83876
        },
        "218": {
            "loss": 0.4534726834967923,
            "acc": 0.83624
        },
        "219": {
            "loss": 0.45003617499642967,
            "acc": 0.8386
        },
        "220": {
            "loss": 0.4489873241433097,
            "acc": 0.83782
        },
        "221": {
            "loss": 0.45489887416820085,
            "acc": 0.83572
        },
        "222": {
            "loss": 0.4503908479762504,
            "acc": 0.83742
        },
        "223": {
            "loss": 0.45251398790827796,
            "acc": 0.83624
        },
        "224": {
            "loss": 0.4523106090095647,
            "acc": 0.83804
        },
        "225": {
            "loss": 0.44810865701311997,
            "acc": 0.83806
        },
        "226": {
            "loss": 0.4494276619933145,
            "acc": 0.83726
        },
        "227": {
            "loss": 0.45375550067638193,
            "acc": 0.83814
        },
        "228": {
            "loss": 0.44980161200703866,
            "acc": 0.8369
        },
        "229": {
            "loss": 0.4475454589747407,
            "acc": 0.83968
        },
        "230": {
            "loss": 0.45096561922441664,
            "acc": 0.83814
        },
        "231": {
            "loss": 0.4499662484201934,
            "acc": 0.83904
        },
        "232": {
            "loss": 0.4527551038643283,
            "acc": 0.83814
        },
        "233": {
            "loss": 0.4518236206163226,
            "acc": 0.83708
        },
        "234": {
            "loss": 0.448427621665818,
            "acc": 0.8396
        },
        "235": {
            "loss": 0.4488531927318524,
            "acc": 0.8381
        },
        "236": {
            "loss": 0.4452228096440015,
            "acc": 0.8396
        },
        "237": {
            "loss": 0.4511535157023184,
            "acc": 0.8379
        },
        "238": {
            "loss": 0.45024315955693767,
            "acc": 0.83882
        },
        "239": {
            "loss": 0.45095844593499324,
            "acc": 0.83852
        },
        "240": {
            "loss": 0.4492244746374047,
            "acc": 0.83872
        },
        "241": {
            "loss": 0.447961584457656,
            "acc": 0.83892
        },
        "242": {
            "loss": 0.44819085715371937,
            "acc": 0.83894
        },
        "243": {
            "loss": 0.4506778252856506,
            "acc": 0.83664
        },
        "244": {
            "loss": 0.45284407332425225,
            "acc": 0.83646
        },
        "245": {
            "loss": 0.4424162952948714,
            "acc": 0.84212
        },
        "246": {
            "loss": 0.4477395787263465,
            "acc": 0.83784
        },
        "247": {
            "loss": 0.4497327572092071,
            "acc": 0.83646
        },
        "248": {
            "loss": 0.4422900229692459,
            "acc": 0.84202
        },
        "249": {
            "loss": 0.4451635176568385,
            "acc": 0.8406
        }
    },
    "test": {
        "0": {
            "loss": 1.8677165699005127,
            "acc": 0.255
        },
        "1": {
            "loss": 1.5229100370407105,
            "acc": 0.4376
        },
        "3": {
            "loss": 1.3780117964744567,
            "acc": 0.5144
        },
        "5": {
            "loss": 1.2898674607276917,
            "acc": 0.5361
        },
        "7": {
            "loss": 1.230073790550232,
            "acc": 0.5698
        },
        "9": {
            "loss": 1.2347468686103822,
            "acc": 0.5705
        },
        "11": {
            "loss": 1.2089804601669312,
            "acc": 0.5805
        },
        "13": {
            "loss": 1.2006952333450318,
            "acc": 0.5855
        },
        "15": {
            "loss": 1.208507297039032,
            "acc": 0.5846
        },
        "17": {
            "loss": 1.1282824158668519,
            "acc": 0.6119
        },
        "19": {
            "loss": 1.1345771312713624,
            "acc": 0.6092
        },
        "21": {
            "loss": 1.187482581138611,
            "acc": 0.5955
        },
        "23": {
            "loss": 1.1463120317459106,
            "acc": 0.6105
        },
        "25": {
            "loss": 1.1354964637756348,
            "acc": 0.6115
        },
        "27": {
            "loss": 1.1805158853530884,
            "acc": 0.6039
        },
        "29": {
            "loss": 1.1740960919857024,
            "acc": 0.5949
        },
        "31": {
            "loss": 1.1537243163585662,
            "acc": 0.6059
        },
        "33": {
            "loss": 1.151552176475525,
            "acc": 0.6054
        },
        "35": {
            "loss": 1.1641802501678467,
            "acc": 0.6013
        },
        "37": {
            "loss": 1.1285244941711425,
            "acc": 0.6198
        },
        "39": {
            "loss": 1.1582562673091887,
            "acc": 0.6031
        },
        "41": {
            "loss": 1.176101427078247,
            "acc": 0.5993
        },
        "43": {
            "loss": 1.1500613701343536,
            "acc": 0.6067
        },
        "45": {
            "loss": 1.1473258566856384,
            "acc": 0.6136
        },
        "47": {
            "loss": 1.113792461156845,
            "acc": 0.6206
        },
        "49": {
            "loss": 1.1932720732688904,
            "acc": 0.6052
        },
        "51": {
            "loss": 1.214009325504303,
            "acc": 0.5857
        },
        "53": {
            "loss": 1.159133824110031,
            "acc": 0.6064
        },
        "55": {
            "loss": 1.1310781693458558,
            "acc": 0.6204
        },
        "57": {
            "loss": 1.1549680244922638,
            "acc": 0.6083
        },
        "59": {
            "loss": 1.1325595963001251,
            "acc": 0.6245
        },
        "61": {
            "loss": 1.1257228004932402,
            "acc": 0.6152
        },
        "63": {
            "loss": 1.161318714618683,
            "acc": 0.6
        },
        "65": {
            "loss": 1.1362423884868622,
            "acc": 0.6146
        },
        "67": {
            "loss": 1.1740729784965516,
            "acc": 0.6006
        },
        "69": {
            "loss": 1.1877740013599396,
            "acc": 0.6035
        },
        "71": {
            "loss": 1.1695053136348725,
            "acc": 0.6145
        },
        "73": {
            "loss": 1.1723869860172271,
            "acc": 0.6054
        },
        "75": {
            "loss": 1.1378982222080232,
            "acc": 0.6194
        },
        "77": {
            "loss": 1.1448280680179597,
            "acc": 0.615
        },
        "79": {
            "loss": 1.1876682984828948,
            "acc": 0.5943
        },
        "81": {
            "loss": 1.1423659324645996,
            "acc": 0.6155
        },
        "83": {
            "loss": 1.1473755371570586,
            "acc": 0.6138
        },
        "85": {
            "loss": 1.1131072878837585,
            "acc": 0.6196
        },
        "87": {
            "loss": 1.1088508009910583,
            "acc": 0.625
        },
        "89": {
            "loss": 1.1332943606376649,
            "acc": 0.626
        },
        "91": {
            "loss": 1.1243597555160523,
            "acc": 0.6122
        },
        "93": {
            "loss": 1.193386845588684,
            "acc": 0.5979
        },
        "95": {
            "loss": 1.1336808276176453,
            "acc": 0.6276
        },
        "97": {
            "loss": 1.1157515013217927,
            "acc": 0.6273
        },
        "99": {
            "loss": 1.1090440773963928,
            "acc": 0.6288
        },
        "101": {
            "loss": 0.9315965151786805,
            "acc": 0.6795
        },
        "103": {
            "loss": 0.9087951672077179,
            "acc": 0.6862
        },
        "105": {
            "loss": 0.8926745796203613,
            "acc": 0.6956
        },
        "107": {
            "loss": 0.8831293416023255,
            "acc": 0.6979
        },
        "109": {
            "loss": 0.8717128300666809,
            "acc": 0.6989
        },
        "111": {
            "loss": 0.8595537400245666,
            "acc": 0.7031
        },
        "113": {
            "loss": 0.8582902264595031,
            "acc": 0.7043
        },
        "115": {
            "loss": 0.8605628550052643,
            "acc": 0.7043
        },
        "117": {
            "loss": 0.8497545206546784,
            "acc": 0.7111
        },
        "119": {
            "loss": 0.8603333401679992,
            "acc": 0.7072
        },
        "121": {
            "loss": 0.8497093307971955,
            "acc": 0.7127
        },
        "123": {
            "loss": 0.8429656767845154,
            "acc": 0.717
        },
        "125": {
            "loss": 0.8545486044883728,
            "acc": 0.7124
        },
        "127": {
            "loss": 0.8412495136260987,
            "acc": 0.7179
        },
        "129": {
            "loss": 0.8431544828414917,
            "acc": 0.7115
        },
        "131": {
            "loss": 0.8481341218948364,
            "acc": 0.7145
        },
        "133": {
            "loss": 0.8531750571727753,
            "acc": 0.7147
        },
        "135": {
            "loss": 0.8434858310222626,
            "acc": 0.7169
        },
        "137": {
            "loss": 0.8508005023002625,
            "acc": 0.7145
        },
        "139": {
            "loss": 0.8467525124549866,
            "acc": 0.7158
        },
        "141": {
            "loss": 0.8449453389644623,
            "acc": 0.7174
        },
        "143": {
            "loss": 0.8531200551986694,
            "acc": 0.7158
        },
        "145": {
            "loss": 0.8599439823627472,
            "acc": 0.7141
        },
        "147": {
            "loss": 0.8532689893245697,
            "acc": 0.7191
        },
        "149": {
            "loss": 0.8721055030822754,
            "acc": 0.7168
        },
        "151": {
            "loss": 0.8486376690864563,
            "acc": 0.7222
        },
        "153": {
            "loss": 0.852474285364151,
            "acc": 0.7212
        },
        "155": {
            "loss": 0.8522669959068299,
            "acc": 0.7238
        },
        "157": {
            "loss": 0.8531437754631043,
            "acc": 0.7206
        },
        "159": {
            "loss": 0.8647741174697876,
            "acc": 0.7205
        },
        "161": {
            "loss": 0.860473940372467,
            "acc": 0.7226
        },
        "163": {
            "loss": 0.8645337009429932,
            "acc": 0.7227
        },
        "165": {
            "loss": 0.8648061323165893,
            "acc": 0.7224
        },
        "167": {
            "loss": 0.8685871386528015,
            "acc": 0.7218
        },
        "169": {
            "loss": 0.8711702013015747,
            "acc": 0.7205
        },
        "171": {
            "loss": 0.8719427645206451,
            "acc": 0.7192
        },
        "173": {
            "loss": 0.8679774451255798,
            "acc": 0.7224
        },
        "175": {
            "loss": 0.8718925094604493,
            "acc": 0.7217
        },
        "177": {
            "loss": 0.876359941959381,
            "acc": 0.7193
        },
        "179": {
            "loss": 0.8768696630001068,
            "acc": 0.7192
        },
        "181": {
            "loss": 0.8788021647930145,
            "acc": 0.7236
        },
        "183": {
            "loss": 0.8818348932266236,
            "acc": 0.7196
        },
        "185": {
            "loss": 0.8828489565849305,
            "acc": 0.7202
        },
        "187": {
            "loss": 0.8836609280109405,
            "acc": 0.719
        },
        "189": {
            "loss": 0.8839638876914978,
            "acc": 0.7203
        },
        "191": {
            "loss": 0.8890984380245208,
            "acc": 0.7196
        },
        "193": {
            "loss": 0.8915597999095917,
            "acc": 0.7185
        },
        "195": {
            "loss": 0.8900529813766479,
            "acc": 0.7197
        },
        "197": {
            "loss": 0.8897939646244049,
            "acc": 0.7203
        },
        "199": {
            "loss": 0.8925966715812683,
            "acc": 0.7207
        },
        "201": {
            "loss": 0.8908417272567749,
            "acc": 0.7216
        },
        "203": {
            "loss": 0.8907725977897644,
            "acc": 0.7199
        },
        "205": {
            "loss": 0.8917948150634766,
            "acc": 0.7192
        },
        "207": {
            "loss": 0.8917403817176819,
            "acc": 0.7187
        },
        "209": {
            "loss": 0.8929547262191773,
            "acc": 0.7211
        },
        "211": {
            "loss": 0.8933117818832398,
            "acc": 0.7207
        },
        "213": {
            "loss": 0.893634979724884,
            "acc": 0.7209
        },
        "215": {
            "loss": 0.8948178434371948,
            "acc": 0.7203
        },
        "217": {
            "loss": 0.8944227862358093,
            "acc": 0.7211
        },
        "219": {
            "loss": 0.8945222496986389,
            "acc": 0.72
        },
        "221": {
            "loss": 0.8938628363609314,
            "acc": 0.7208
        },
        "223": {
            "loss": 0.8946764922142029,
            "acc": 0.7202
        },
        "225": {
            "loss": 0.8946896910667419,
            "acc": 0.7213
        },
        "227": {
            "loss": 0.8949119377136231,
            "acc": 0.7216
        },
        "229": {
            "loss": 0.8956385886669159,
            "acc": 0.7218
        },
        "231": {
            "loss": 0.8944185543060302,
            "acc": 0.7216
        },
        "233": {
            "loss": 0.8947364151477813,
            "acc": 0.7213
        },
        "235": {
            "loss": 0.8944584584236145,
            "acc": 0.7208
        },
        "237": {
            "loss": 0.8948552584648133,
            "acc": 0.721
        },
        "239": {
            "loss": 0.8951542949676514,
            "acc": 0.7205
        },
        "241": {
            "loss": 0.8957841515541076,
            "acc": 0.7207
        },
        "243": {
            "loss": 0.8960496985912323,
            "acc": 0.7204
        },
        "245": {
            "loss": 0.8952244079113006,
            "acc": 0.7212
        },
        "247": {
            "loss": 0.8955297088623047,
            "acc": 0.7201
        },
        "249": {
            "loss": 0.8969761526584625,
            "acc": 0.7201
        }
    },
    "info": {
        "best_epoch": 155,
        "best_acc": 72.38,
        "n_params": 9987402
    }
}