{
    "train": {
        "0": {
            "loss": 1.9545381032597378,
            "acc": 0.25178
        },
        "1": {
            "loss": 1.5579409968212743,
            "acc": 0.43106
        },
        "2": {
            "loss": 1.429815466446645,
            "acc": 0.48366
        },
        "3": {
            "loss": 1.3525626247801135,
            "acc": 0.51976
        },
        "4": {
            "loss": 1.316389851253051,
            "acc": 0.5302
        },
        "5": {
            "loss": 1.2773605639977224,
            "acc": 0.54676
        },
        "6": {
            "loss": 1.2567150858052247,
            "acc": 0.5579
        },
        "7": {
            "loss": 1.2329032854046054,
            "acc": 0.56518
        },
        "8": {
            "loss": 1.2174374084643391,
            "acc": 0.57346
        },
        "9": {
            "loss": 1.1981466801270195,
            "acc": 0.5803
        },
        "10": {
            "loss": 1.195663041318469,
            "acc": 0.58212
        },
        "11": {
            "loss": 1.1810018691565374,
            "acc": 0.58606
        },
        "12": {
            "loss": 1.176023200497298,
            "acc": 0.5888
        },
        "13": {
            "loss": 1.17171117122216,
            "acc": 0.59282
        },
        "14": {
            "loss": 1.1749630000280298,
            "acc": 0.59006
        },
        "15": {
            "loss": 1.160274797693238,
            "acc": 0.59598
        },
        "16": {
            "loss": 1.1610528011151287,
            "acc": 0.59602
        },
        "17": {
            "loss": 1.1544356085455325,
            "acc": 0.5972
        },
        "18": {
            "loss": 1.1575280382200275,
            "acc": 0.59878
        },
        "19": {
            "loss": 1.1541171386418745,
            "acc": 0.5989
        },
        "20": {
            "loss": 1.1549611852297088,
            "acc": 0.5993
        },
        "21": {
            "loss": 1.149062645404845,
            "acc": 0.60394
        },
        "22": {
            "loss": 1.1463183899364813,
            "acc": 0.60328
        },
        "23": {
            "loss": 1.1558002600889377,
            "acc": 0.60072
        },
        "24": {
            "loss": 1.148251405609843,
            "acc": 0.60464
        },
        "25": {
            "loss": 1.1525067638253312,
            "acc": 0.60116
        },
        "26": {
            "loss": 1.1518398860226506,
            "acc": 0.60428
        },
        "27": {
            "loss": 1.1590795910266964,
            "acc": 0.60308
        },
        "28": {
            "loss": 1.1552678024982248,
            "acc": 0.60206
        },
        "29": {
            "loss": 1.1515200616758499,
            "acc": 0.6018
        },
        "30": {
            "loss": 1.1576062411908299,
            "acc": 0.60242
        },
        "31": {
            "loss": 1.1530515941817436,
            "acc": 0.60406
        },
        "32": {
            "loss": 1.1648932004828587,
            "acc": 0.604
        },
        "33": {
            "loss": 1.1596760188832003,
            "acc": 0.6033
        },
        "34": {
            "loss": 1.1614308021867368,
            "acc": 0.60274
        },
        "35": {
            "loss": 1.158648061630366,
            "acc": 0.60354
        },
        "36": {
            "loss": 1.1702042388184297,
            "acc": 0.59998
        },
        "37": {
            "loss": 1.1635112626778195,
            "acc": 0.60172
        },
        "38": {
            "loss": 1.1607348226830172,
            "acc": 0.6039
        },
        "39": {
            "loss": 1.1552826326216579,
            "acc": 0.60608
        },
        "40": {
            "loss": 1.158939589167495,
            "acc": 0.60188
        },
        "41": {
            "loss": 1.155280423591204,
            "acc": 0.60512
        },
        "42": {
            "loss": 1.1614301491271504,
            "acc": 0.60336
        },
        "43": {
            "loss": 1.1543804312605992,
            "acc": 0.60584
        },
        "44": {
            "loss": 1.1561968360105743,
            "acc": 0.60468
        },
        "45": {
            "loss": 1.1575321094764164,
            "acc": 0.6062
        },
        "46": {
            "loss": 1.1564201096744489,
            "acc": 0.60662
        },
        "47": {
            "loss": 1.1477358443352876,
            "acc": 0.6072
        },
        "48": {
            "loss": 1.1455644959074152,
            "acc": 0.60966
        },
        "49": {
            "loss": 1.1576468915585667,
            "acc": 0.60426
        },
        "50": {
            "loss": 1.1506019088313402,
            "acc": 0.60694
        },
        "51": {
            "loss": 1.157061715260186,
            "acc": 0.60576
        },
        "52": {
            "loss": 1.152114909018397,
            "acc": 0.60702
        },
        "53": {
            "loss": 1.151040442306977,
            "acc": 0.6078
        },
        "54": {
            "loss": 1.1461420973853382,
            "acc": 0.6106
        },
        "55": {
            "loss": 1.1474326755994422,
            "acc": 0.60928
        },
        "56": {
            "loss": 1.1451028544274742,
            "acc": 0.60648
        },
        "57": {
            "loss": 1.1476194323481197,
            "acc": 0.60902
        },
        "58": {
            "loss": 1.1461623753123271,
            "acc": 0.61012
        },
        "59": {
            "loss": 1.1385931380264593,
            "acc": 0.61162
        },
        "60": {
            "loss": 1.1474029720591767,
            "acc": 0.61078
        },
        "61": {
            "loss": 1.1375897134966253,
            "acc": 0.61026
        },
        "62": {
            "loss": 1.1422518548148368,
            "acc": 0.61114
        },
        "63": {
            "loss": 1.143546216170806,
            "acc": 0.61002
        },
        "64": {
            "loss": 1.1429860521765316,
            "acc": 0.61114
        },
        "65": {
            "loss": 1.1476023895356355,
            "acc": 0.60806
        },
        "66": {
            "loss": 1.1389186790837047,
            "acc": 0.61132
        },
        "67": {
            "loss": 1.1460248362987548,
            "acc": 0.6113
        },
        "68": {
            "loss": 1.138402444932162,
            "acc": 0.61018
        },
        "69": {
            "loss": 1.1403674093048897,
            "acc": 0.61322
        },
        "70": {
            "loss": 1.139469864270876,
            "acc": 0.61134
        },
        "71": {
            "loss": 1.1312799308915882,
            "acc": 0.61324
        },
        "72": {
            "loss": 1.1412482578736132,
            "acc": 0.6094
        },
        "73": {
            "loss": 1.1442883321086463,
            "acc": 0.60778
        },
        "74": {
            "loss": 1.1358342501513488,
            "acc": 0.61294
        },
        "75": {
            "loss": 1.1353713347174017,
            "acc": 0.61366
        },
        "76": {
            "loss": 1.1328578039508341,
            "acc": 0.6144
        },
        "77": {
            "loss": 1.1323766915694526,
            "acc": 0.6148
        },
        "78": {
            "loss": 1.1393147982904672,
            "acc": 0.61328
        },
        "79": {
            "loss": 1.1420071486316983,
            "acc": 0.61518
        },
        "80": {
            "loss": 1.1405574568092365,
            "acc": 0.61404
        },
        "81": {
            "loss": 1.1400510735828857,
            "acc": 0.6151
        },
        "82": {
            "loss": 1.129937531545644,
            "acc": 0.61876
        },
        "83": {
            "loss": 1.136918293240735,
            "acc": 0.61424
        },
        "84": {
            "loss": 1.1304459273052947,
            "acc": 0.61512
        },
        "85": {
            "loss": 1.1368918214612604,
            "acc": 0.61814
        },
        "86": {
            "loss": 1.1310244115722148,
            "acc": 0.61376
        },
        "87": {
            "loss": 1.1261276284142223,
            "acc": 0.61574
        },
        "88": {
            "loss": 1.1317877092629747,
            "acc": 0.61378
        },
        "89": {
            "loss": 1.1288409518158955,
            "acc": 0.61912
        },
        "90": {
            "loss": 1.1296231601854114,
            "acc": 0.61752
        },
        "91": {
            "loss": 1.1352888210045406,
            "acc": 0.6153
        },
        "92": {
            "loss": 1.1293214058022365,
            "acc": 0.61586
        },
        "93": {
            "loss": 1.1388082444820258,
            "acc": 0.61564
        },
        "94": {
            "loss": 1.1347933443610931,
            "acc": 0.61488
        },
        "95": {
            "loss": 1.1425246044497965,
            "acc": 0.61008
        },
        "96": {
            "loss": 1.134213791936255,
            "acc": 0.6184
        },
        "97": {
            "loss": 1.1270077068482518,
            "acc": 0.61882
        },
        "98": {
            "loss": 1.1342161986833947,
            "acc": 0.61566
        },
        "99": {
            "loss": 1.1338969444679787,
            "acc": 0.61406
        },
        "100": {
            "loss": 0.9606896370573117,
            "acc": 0.6708
        },
        "101": {
            "loss": 0.8963672136101881,
            "acc": 0.69134
        },
        "102": {
            "loss": 0.8651670366906754,
            "acc": 0.69926
        },
        "103": {
            "loss": 0.8434333804318362,
            "acc": 0.707
        },
        "104": {
            "loss": 0.8372661318925335,
            "acc": 0.70686
        },
        "105": {
            "loss": 0.8205162036754287,
            "acc": 0.71294
        },
        "106": {
            "loss": 0.808050462199599,
            "acc": 0.71828
        },
        "107": {
            "loss": 0.7988161504116205,
            "acc": 0.72082
        },
        "108": {
            "loss": 0.7864988908133543,
            "acc": 0.7236
        },
        "109": {
            "loss": 0.7786607460292709,
            "acc": 0.72626
        },
        "110": {
            "loss": 0.771563416551751,
            "acc": 0.72758
        },
        "111": {
            "loss": 0.7652407512640405,
            "acc": 0.7309
        },
        "112": {
            "loss": 0.7548236424660744,
            "acc": 0.73388
        },
        "113": {
            "loss": 0.7533161816999431,
            "acc": 0.73374
        },
        "114": {
            "loss": 0.7464862813425186,
            "acc": 0.73732
        },
        "115": {
            "loss": 0.7365414843229992,
            "acc": 0.7397
        },
        "116": {
            "loss": 0.7328490906054407,
            "acc": 0.7426
        },
        "117": {
            "loss": 0.7305682875463725,
            "acc": 0.74284
        },
        "118": {
            "loss": 0.7192080089503237,
            "acc": 0.74426
        },
        "119": {
            "loss": 0.7166131908631386,
            "acc": 0.74596
        },
        "120": {
            "loss": 0.7123671169476131,
            "acc": 0.74848
        },
        "121": {
            "loss": 0.7042931963110823,
            "acc": 0.75156
        },
        "122": {
            "loss": 0.6992957936528393,
            "acc": 0.75242
        },
        "123": {
            "loss": 0.6850276234204812,
            "acc": 0.75592
        },
        "124": {
            "loss": 0.6815346022853461,
            "acc": 0.75678
        },
        "125": {
            "loss": 0.6795121669921729,
            "acc": 0.75912
        },
        "126": {
            "loss": 0.6759433072546254,
            "acc": 0.759
        },
        "127": {
            "loss": 0.6678469460791029,
            "acc": 0.7617
        },
        "128": {
            "loss": 0.6589026396231883,
            "acc": 0.76526
        },
        "129": {
            "loss": 0.6607323657063877,
            "acc": 0.76566
        },
        "130": {
            "loss": 0.6587124878488233,
            "acc": 0.76426
        },
        "131": {
            "loss": 0.6506240603411594,
            "acc": 0.76662
        },
        "132": {
            "loss": 0.6468411150490841,
            "acc": 0.7697
        },
        "133": {
            "loss": 0.6381701843817825,
            "acc": 0.77046
        },
        "134": {
            "loss": 0.6420527679078719,
            "acc": 0.7719
        },
        "135": {
            "loss": 0.6301066565239216,
            "acc": 0.77418
        },
        "136": {
            "loss": 0.623388670594491,
            "acc": 0.77662
        },
        "137": {
            "loss": 0.6218795524076428,
            "acc": 0.776
        },
        "138": {
            "loss": 0.6198546307166214,
            "acc": 0.77642
        },
        "139": {
            "loss": 0.612486156737408,
            "acc": 0.78122
        },
        "140": {
            "loss": 0.6010772532514294,
            "acc": 0.7863
        },
        "141": {
            "loss": 0.5989750821114807,
            "acc": 0.7847
        },
        "142": {
            "loss": 0.5994144599608449,
            "acc": 0.78558
        },
        "143": {
            "loss": 0.5948519154887675,
            "acc": 0.78596
        },
        "144": {
            "loss": 0.5835501161377753,
            "acc": 0.79228
        },
        "145": {
            "loss": 0.5789495285819558,
            "acc": 0.79188
        },
        "146": {
            "loss": 0.5786964016039963,
            "acc": 0.79194
        },
        "147": {
            "loss": 0.5671738290878208,
            "acc": 0.79836
        },
        "148": {
            "loss": 0.5648320951425206,
            "acc": 0.79634
        },
        "149": {
            "loss": 0.5569842120113275,
            "acc": 0.79874
        },
        "150": {
            "loss": 0.5230062440838046,
            "acc": 0.81176
        },
        "151": {
            "loss": 0.5134093329272307,
            "acc": 0.81468
        },
        "152": {
            "loss": 0.5089348777175864,
            "acc": 0.81702
        },
        "153": {
            "loss": 0.5060006514991946,
            "acc": 0.81896
        },
        "154": {
            "loss": 0.5015331400782251,
            "acc": 0.82114
        },
        "155": {
            "loss": 0.5017649517644702,
            "acc": 0.82022
        },
        "156": {
            "loss": 0.490557555804777,
            "acc": 0.82424
        },
        "157": {
            "loss": 0.49207007130393593,
            "acc": 0.82534
        },
        "158": {
            "loss": 0.49417934065584634,
            "acc": 0.82068
        },
        "159": {
            "loss": 0.4872954978662379,
            "acc": 0.82492
        },
        "160": {
            "loss": 0.48488470683317353,
            "acc": 0.82542
        },
        "161": {
            "loss": 0.48328681149141256,
            "acc": 0.82562
        },
        "162": {
            "loss": 0.48747793586967547,
            "acc": 0.82642
        },
        "163": {
            "loss": 0.48166481361669655,
            "acc": 0.82916
        },
        "164": {
            "loss": 0.4806554433329941,
            "acc": 0.82824
        },
        "165": {
            "loss": 0.47610382777650645,
            "acc": 0.82956
        },
        "166": {
            "loss": 0.4804020896744545,
            "acc": 0.8262
        },
        "167": {
            "loss": 0.47833637089070763,
            "acc": 0.82826
        },
        "168": {
            "loss": 0.4738219404007163,
            "acc": 0.83062
        },
        "169": {
            "loss": 0.47557308622028516,
            "acc": 0.8308
        },
        "170": {
            "loss": 0.47461903674523237,
            "acc": 0.82832
        },
        "171": {
            "loss": 0.47269650546791,
            "acc": 0.82856
        },
        "172": {
            "loss": 0.47574403016920896,
            "acc": 0.82972
        },
        "173": {
            "loss": 0.46958737765126823,
            "acc": 0.83174
        },
        "174": {
            "loss": 0.46813739603742616,
            "acc": 0.83212
        },
        "175": {
            "loss": 0.4676531038778212,
            "acc": 0.83148
        },
        "176": {
            "loss": 0.46389196992225357,
            "acc": 0.83438
        },
        "177": {
            "loss": 0.4652535124584232,
            "acc": 0.83372
        },
        "178": {
            "loss": 0.4626697548057722,
            "acc": 0.8339
        },
        "179": {
            "loss": 0.46478452684019533,
            "acc": 0.83414
        },
        "180": {
            "loss": 0.461797923230759,
            "acc": 0.83258
        },
        "181": {
            "loss": 0.45689643061984225,
            "acc": 0.8355
        },
        "182": {
            "loss": 0.45772782189157,
            "acc": 0.83588
        },
        "183": {
            "loss": 0.45126676144045025,
            "acc": 0.83732
        },
        "184": {
            "loss": 0.4483335436228901,
            "acc": 0.83762
        },
        "185": {
            "loss": 0.4587732188384551,
            "acc": 0.83514
        },
        "186": {
            "loss": 0.4504082518084275,
            "acc": 0.83828
        },
        "187": {
            "loss": 0.44990104627426325,
            "acc": 0.83886
        },
        "188": {
            "loss": 0.4481270262195021,
            "acc": 0.83908
        },
        "189": {
            "loss": 0.4508609270195827,
            "acc": 0.83832
        },
        "190": {
            "loss": 0.4483328633143774,
            "acc": 0.83684
        },
        "191": {
            "loss": 0.45287698324379105,
            "acc": 0.83648
        },
        "192": {
            "loss": 0.4464239472013605,
            "acc": 0.84038
        },
        "193": {
            "loss": 0.44498473085710766,
            "acc": 0.8396
        },
        "194": {
            "loss": 0.4452279839674225,
            "acc": 0.84128
        },
        "195": {
            "loss": 0.4436852835938144,
            "acc": 0.84134
        },
        "196": {
            "loss": 0.44236977806176675,
            "acc": 0.8424
        },
        "197": {
            "loss": 0.4350131264580485,
            "acc": 0.84384
        },
        "198": {
            "loss": 0.44196168853498785,
            "acc": 0.84112
        },
        "199": {
            "loss": 0.4366217408033893,
            "acc": 0.84242
        },
        "200": {
            "loss": 0.4379845249378468,
            "acc": 0.8438
        },
        "201": {
            "loss": 0.4337092783978528,
            "acc": 0.84408
        },
        "202": {
            "loss": 0.4361931460592753,
            "acc": 0.84404
        },
        "203": {
            "loss": 0.4310996766056856,
            "acc": 0.84614
        },
        "204": {
            "loss": 0.4319247469267882,
            "acc": 0.8452
        },
        "205": {
            "loss": 0.4274590695300675,
            "acc": 0.84768
        },
        "206": {
            "loss": 0.4355069879833085,
            "acc": 0.84288
        },
        "207": {
            "loss": 0.42958121066508087,
            "acc": 0.84488
        },
        "208": {
            "loss": 0.43170246462840256,
            "acc": 0.84494
        },
        "209": {
            "loss": 0.4318514208278388,
            "acc": 0.8456
        },
        "210": {
            "loss": 0.43126432136501497,
            "acc": 0.84492
        },
        "211": {
            "loss": 0.43225231278887793,
            "acc": 0.84358
        },
        "212": {
            "loss": 0.43487184043125726,
            "acc": 0.8449
        },
        "213": {
            "loss": 0.428026368627158,
            "acc": 0.84724
        },
        "214": {
            "loss": 0.4312098730555581,
            "acc": 0.84608
        },
        "215": {
            "loss": 0.4303891985007869,
            "acc": 0.84598
        },
        "216": {
            "loss": 0.42775830039587776,
            "acc": 0.84534
        },
        "217": {
            "loss": 0.42807442193750833,
            "acc": 0.84722
        },
        "218": {
            "loss": 0.4338476461217836,
            "acc": 0.84458
        },
        "219": {
            "loss": 0.42807981097484793,
            "acc": 0.8482
        },
        "220": {
            "loss": 0.42979872379156636,
            "acc": 0.84562
        },
        "221": {
            "loss": 0.42655577097097624,
            "acc": 0.84674
        },
        "222": {
            "loss": 0.43308749577730815,
            "acc": 0.84494
        },
        "223": {
            "loss": 0.42851015212743176,
            "acc": 0.84572
        },
        "224": {
            "loss": 0.4307033653987948,
            "acc": 0.84458
        },
        "225": {
            "loss": 0.4255053744749035,
            "acc": 0.84712
        },
        "226": {
            "loss": 0.42520177516790914,
            "acc": 0.84744
        },
        "227": {
            "loss": 0.42205860391449745,
            "acc": 0.84884
        },
        "228": {
            "loss": 0.42531164928013104,
            "acc": 0.8486
        },
        "229": {
            "loss": 0.42995708841649466,
            "acc": 0.84642
        },
        "230": {
            "loss": 0.4302264019046598,
            "acc": 0.84648
        },
        "231": {
            "loss": 0.42839089367548217,
            "acc": 0.84676
        },
        "232": {
            "loss": 0.42688264928357983,
            "acc": 0.84752
        },
        "233": {
            "loss": 0.4272826195068067,
            "acc": 0.84654
        },
        "234": {
            "loss": 0.4222127249478684,
            "acc": 0.84842
        },
        "235": {
            "loss": 0.4270163646439457,
            "acc": 0.84648
        },
        "236": {
            "loss": 0.42920121394307414,
            "acc": 0.84754
        },
        "237": {
            "loss": 0.4226322133675256,
            "acc": 0.84852
        },
        "238": {
            "loss": 0.42820145567054946,
            "acc": 0.847
        },
        "239": {
            "loss": 0.42380199042122685,
            "acc": 0.84816
        },
        "240": {
            "loss": 0.42706251300661763,
            "acc": 0.8472
        },
        "241": {
            "loss": 0.4262593980411739,
            "acc": 0.845
        },
        "242": {
            "loss": 0.4282720332484111,
            "acc": 0.84646
        },
        "243": {
            "loss": 0.4258663924530034,
            "acc": 0.84738
        },
        "244": {
            "loss": 0.4282174027331955,
            "acc": 0.84808
        },
        "245": {
            "loss": 0.4230704305650633,
            "acc": 0.84856
        },
        "246": {
            "loss": 0.4290751397914594,
            "acc": 0.84406
        },
        "247": {
            "loss": 0.4229194916727598,
            "acc": 0.84914
        },
        "248": {
            "loss": 0.42830023184761673,
            "acc": 0.84612
        },
        "249": {
            "loss": 0.4228397381046544,
            "acc": 0.8501
        }
    },
    "test": {
        "0": {
            "loss": 1.616690764427185,
            "acc": 0.4052
        },
        "1": {
            "loss": 1.4223738813400268,
            "acc": 0.4805
        },
        "3": {
            "loss": 1.3688867020606994,
            "acc": 0.5271
        },
        "5": {
            "loss": 1.2424336647987366,
            "acc": 0.5723
        },
        "7": {
            "loss": 1.175467027425766,
            "acc": 0.581
        },
        "9": {
            "loss": 1.19133136510849,
            "acc": 0.5889
        },
        "11": {
            "loss": 1.1770550441741943,
            "acc": 0.5979
        },
        "13": {
            "loss": 1.1772602200508118,
            "acc": 0.5853
        },
        "15": {
            "loss": 1.15348597407341,
            "acc": 0.6072
        },
        "17": {
            "loss": 1.1697834300994874,
            "acc": 0.598
        },
        "19": {
            "loss": 1.1044208669662476,
            "acc": 0.6211
        },
        "21": {
            "loss": 1.1360214495658874,
            "acc": 0.6017
        },
        "23": {
            "loss": 1.120989807844162,
            "acc": 0.6142
        },
        "25": {
            "loss": 1.121468060016632,
            "acc": 0.6129
        },
        "27": {
            "loss": 1.1432393610477447,
            "acc": 0.609
        },
        "29": {
            "loss": 1.186958100795746,
            "acc": 0.5996
        },
        "31": {
            "loss": 1.2234470319747925,
            "acc": 0.5948
        },
        "33": {
            "loss": 1.1370731377601624,
            "acc": 0.6126
        },
        "35": {
            "loss": 1.2126089978218078,
            "acc": 0.5945
        },
        "37": {
            "loss": 1.1755492758750916,
            "acc": 0.6123
        },
        "39": {
            "loss": 1.1510865545272828,
            "acc": 0.6113
        },
        "41": {
            "loss": 1.1320926177501678,
            "acc": 0.6189
        },
        "43": {
            "loss": 1.142891080379486,
            "acc": 0.6193
        },
        "45": {
            "loss": 1.1740984392166138,
            "acc": 0.6041
        },
        "47": {
            "loss": 1.136264181137085,
            "acc": 0.6153
        },
        "49": {
            "loss": 1.1645835828781128,
            "acc": 0.5967
        },
        "51": {
            "loss": 1.12807279586792,
            "acc": 0.6155
        },
        "53": {
            "loss": 1.1137458717823028,
            "acc": 0.6229
        },
        "55": {
            "loss": 1.177851288318634,
            "acc": 0.6007
        },
        "57": {
            "loss": 1.092931010723114,
            "acc": 0.6292
        },
        "59": {
            "loss": 1.1644864892959594,
            "acc": 0.6058
        },
        "61": {
            "loss": 1.1702033257484437,
            "acc": 0.6041
        },
        "63": {
            "loss": 1.1303119850158692,
            "acc": 0.6113
        },
        "65": {
            "loss": 1.1635895919799806,
            "acc": 0.6086
        },
        "67": {
            "loss": 1.1106635916233063,
            "acc": 0.6266
        },
        "69": {
            "loss": 1.1456850600242614,
            "acc": 0.6116
        },
        "71": {
            "loss": 1.1497041285037994,
            "acc": 0.6158
        },
        "73": {
            "loss": 1.1456949710845947,
            "acc": 0.6138
        },
        "75": {
            "loss": 1.131153585910797,
            "acc": 0.6113
        },
        "77": {
            "loss": 1.1131145918369294,
            "acc": 0.6251
        },
        "79": {
            "loss": 1.1536107850074768,
            "acc": 0.6157
        },
        "81": {
            "loss": 1.1070106065273284,
            "acc": 0.6319
        },
        "83": {
            "loss": 1.1904855895042419,
            "acc": 0.5901
        },
        "85": {
            "loss": 1.1275671052932739,
            "acc": 0.615
        },
        "87": {
            "loss": 1.120506352186203,
            "acc": 0.6275
        },
        "89": {
            "loss": 1.1473755276203155,
            "acc": 0.6193
        },
        "91": {
            "loss": 1.1306446158885957,
            "acc": 0.6205
        },
        "93": {
            "loss": 1.1422522711753844,
            "acc": 0.6165
        },
        "95": {
            "loss": 1.1130967378616332,
            "acc": 0.624
        },
        "97": {
            "loss": 1.1253579795360564,
            "acc": 0.614
        },
        "99": {
            "loss": 1.1262220108509065,
            "acc": 0.6219
        },
        "101": {
            "loss": 0.923221743106842,
            "acc": 0.6859
        },
        "103": {
            "loss": 0.9019780945777893,
            "acc": 0.6956
        },
        "105": {
            "loss": 0.8856096053123474,
            "acc": 0.6961
        },
        "107": {
            "loss": 0.8935678470134735,
            "acc": 0.6993
        },
        "109": {
            "loss": 0.8680107939243317,
            "acc": 0.7053
        },
        "111": {
            "loss": 0.8651349747180939,
            "acc": 0.7123
        },
        "113": {
            "loss": 0.8625011110305786,
            "acc": 0.7085
        },
        "115": {
            "loss": 0.8620094585418702,
            "acc": 0.7102
        },
        "117": {
            "loss": 0.8507560622692109,
            "acc": 0.7133
        },
        "119": {
            "loss": 0.8518546330928802,
            "acc": 0.712
        },
        "121": {
            "loss": 0.8478390443325042,
            "acc": 0.714
        },
        "123": {
            "loss": 0.8433939290046691,
            "acc": 0.7179
        },
        "125": {
            "loss": 0.8622382986545563,
            "acc": 0.7103
        },
        "127": {
            "loss": 0.8463863241672516,
            "acc": 0.7182
        },
        "129": {
            "loss": 0.8509341764450074,
            "acc": 0.7173
        },
        "131": {
            "loss": 0.8428271579742431,
            "acc": 0.7158
        },
        "133": {
            "loss": 0.8403151619434357,
            "acc": 0.7198
        },
        "135": {
            "loss": 0.8498067498207093,
            "acc": 0.7184
        },
        "137": {
            "loss": 0.8482935667037964,
            "acc": 0.7179
        },
        "139": {
            "loss": 0.8635008811950684,
            "acc": 0.7149
        },
        "141": {
            "loss": 0.8529533553123474,
            "acc": 0.7156
        },
        "143": {
            "loss": 0.8556498110294342,
            "acc": 0.7196
        },
        "145": {
            "loss": 0.8638710749149322,
            "acc": 0.7215
        },
        "147": {
            "loss": 0.8773922753334046,
            "acc": 0.7181
        },
        "149": {
            "loss": 0.8688704538345337,
            "acc": 0.7179
        },
        "151": {
            "loss": 0.8589604222774505,
            "acc": 0.7244
        },
        "153": {
            "loss": 0.8612129890918732,
            "acc": 0.7277
        },
        "155": {
            "loss": 0.8639532542228698,
            "acc": 0.7268
        },
        "157": {
            "loss": 0.8668490672111511,
            "acc": 0.726
        },
        "159": {
            "loss": 0.8679049980640411,
            "acc": 0.7258
        },
        "161": {
            "loss": 0.872144593000412,
            "acc": 0.7274
        },
        "163": {
            "loss": 0.8724904191493988,
            "acc": 0.7226
        },
        "165": {
            "loss": 0.8767406070232391,
            "acc": 0.7258
        },
        "167": {
            "loss": 0.8758423626422882,
            "acc": 0.7251
        },
        "169": {
            "loss": 0.8773151957988738,
            "acc": 0.7244
        },
        "171": {
            "loss": 0.8762961339950561,
            "acc": 0.724
        },
        "173": {
            "loss": 0.8813353896141052,
            "acc": 0.7238
        },
        "175": {
            "loss": 0.8817980468273163,
            "acc": 0.7236
        },
        "177": {
            "loss": 0.8834320318698883,
            "acc": 0.7241
        },
        "179": {
            "loss": 0.8848642182350158,
            "acc": 0.7244
        },
        "181": {
            "loss": 0.8865498495101929,
            "acc": 0.7248
        },
        "183": {
            "loss": 0.8909162318706513,
            "acc": 0.7237
        },
        "185": {
            "loss": 0.8913617002964019,
            "acc": 0.7225
        },
        "187": {
            "loss": 0.8998023366928101,
            "acc": 0.7239
        },
        "189": {
            "loss": 0.8968531513214111,
            "acc": 0.7239
        },
        "191": {
            "loss": 0.9026016116142273,
            "acc": 0.7222
        },
        "193": {
            "loss": 0.8973550426959992,
            "acc": 0.7225
        },
        "195": {
            "loss": 0.9000834155082703,
            "acc": 0.7263
        },
        "197": {
            "loss": 0.9054052686691284,
            "acc": 0.7239
        },
        "199": {
            "loss": 0.901387265920639,
            "acc": 0.7216
        },
        "201": {
            "loss": 0.900719940662384,
            "acc": 0.7237
        },
        "203": {
            "loss": 0.9014260816574097,
            "acc": 0.7239
        },
        "205": {
            "loss": 0.9019171142578125,
            "acc": 0.723
        },
        "207": {
            "loss": 0.9028095173835754,
            "acc": 0.7226
        },
        "209": {
            "loss": 0.9040048921108246,
            "acc": 0.7226
        },
        "211": {
            "loss": 0.9038480973243713,
            "acc": 0.7229
        },
        "213": {
            "loss": 0.9039173519611359,
            "acc": 0.7229
        },
        "215": {
            "loss": 0.9041038846969605,
            "acc": 0.7234
        },
        "217": {
            "loss": 0.9050251090526581,
            "acc": 0.7231
        },
        "219": {
            "loss": 0.9052654504776001,
            "acc": 0.7226
        },
        "221": {
            "loss": 0.9055056381225586,
            "acc": 0.7228
        },
        "223": {
            "loss": 0.9056597244739533,
            "acc": 0.722
        },
        "225": {
            "loss": 0.9065809118747711,
            "acc": 0.7218
        },
        "227": {
            "loss": 0.9064765012264252,
            "acc": 0.7238
        },
        "229": {
            "loss": 0.9072102665901184,
            "acc": 0.723
        },
        "231": {
            "loss": 0.9071934127807617,
            "acc": 0.7223
        },
        "233": {
            "loss": 0.9069862365722656,
            "acc": 0.7221
        },
        "235": {
            "loss": 0.9073138892650604,
            "acc": 0.7227
        },
        "237": {
            "loss": 0.907536004781723,
            "acc": 0.7216
        },
        "239": {
            "loss": 0.9077126777172089,
            "acc": 0.7222
        },
        "241": {
            "loss": 0.9089925348758697,
            "acc": 0.722
        },
        "243": {
            "loss": 0.9090523731708526,
            "acc": 0.7212
        },
        "245": {
            "loss": 0.9081413924694062,
            "acc": 0.7224
        },
        "247": {
            "loss": 0.9100933659076691,
            "acc": 0.7216
        },
        "249": {
            "loss": 0.9094053113460541,
            "acc": 0.7218
        }
    },
    "info": {
        "best_epoch": 153,
        "best_acc": 72.77,
        "n_params": 6055242
    }
}