{
    "train": {
        "0": {
            "loss": 1.8062311261511215,
            "acc": 0.3216
        },
        "1": {
            "loss": 1.4773291818930974,
            "acc": 0.46518
        },
        "2": {
            "loss": 1.3552193961789847,
            "acc": 0.51722
        },
        "3": {
            "loss": 1.2792691934444105,
            "acc": 0.54792
        },
        "4": {
            "loss": 1.2299729042955676,
            "acc": 0.56724
        },
        "5": {
            "loss": 1.1991052197678316,
            "acc": 0.5796
        },
        "6": {
            "loss": 1.1751160299991403,
            "acc": 0.59374
        },
        "7": {
            "loss": 1.151052549976827,
            "acc": 0.6006
        },
        "8": {
            "loss": 1.1408938285334946,
            "acc": 0.60556
        },
        "9": {
            "loss": 1.134207105850015,
            "acc": 0.60774
        },
        "10": {
            "loss": 1.1281693362823837,
            "acc": 0.60952
        },
        "11": {
            "loss": 1.1245984814660934,
            "acc": 0.61292
        },
        "12": {
            "loss": 1.1291425231167727,
            "acc": 0.61324
        },
        "13": {
            "loss": 1.1260280635045923,
            "acc": 0.61362
        },
        "14": {
            "loss": 1.1334406710646647,
            "acc": 0.61478
        },
        "15": {
            "loss": 1.1233763943242905,
            "acc": 0.61768
        },
        "16": {
            "loss": 1.1390560039169038,
            "acc": 0.61492
        },
        "17": {
            "loss": 1.130108054794009,
            "acc": 0.61466
        },
        "18": {
            "loss": 1.1352844069071133,
            "acc": 0.61356
        },
        "19": {
            "loss": 1.1416878047806527,
            "acc": 0.61162
        },
        "20": {
            "loss": 1.149508470312104,
            "acc": 0.6111
        },
        "21": {
            "loss": 1.1439269207932454,
            "acc": 0.61136
        },
        "22": {
            "loss": 1.1511899455429038,
            "acc": 0.61032
        },
        "23": {
            "loss": 1.1453191168472896,
            "acc": 0.6149
        },
        "24": {
            "loss": 1.1526936202707803,
            "acc": 0.6112
        },
        "25": {
            "loss": 1.1501188625764969,
            "acc": 0.61164
        },
        "26": {
            "loss": 1.151204885881575,
            "acc": 0.61452
        },
        "27": {
            "loss": 1.1571092851021711,
            "acc": 0.61372
        },
        "28": {
            "loss": 1.1554958228869816,
            "acc": 0.61286
        },
        "29": {
            "loss": 1.1620170810948247,
            "acc": 0.61072
        },
        "30": {
            "loss": 1.1619842788752388,
            "acc": 0.60972
        },
        "31": {
            "loss": 1.160956992060327,
            "acc": 0.61312
        },
        "32": {
            "loss": 1.1593010707584488,
            "acc": 0.61186
        },
        "33": {
            "loss": 1.1628614702188145,
            "acc": 0.61294
        },
        "34": {
            "loss": 1.1696883321113294,
            "acc": 0.60756
        },
        "35": {
            "loss": 1.1755294042170201,
            "acc": 0.6098
        },
        "36": {
            "loss": 1.172730804556776,
            "acc": 0.60958
        },
        "37": {
            "loss": 1.1754544220312173,
            "acc": 0.6075
        },
        "38": {
            "loss": 1.1746934068477368,
            "acc": 0.60974
        },
        "39": {
            "loss": 1.1683920370343397,
            "acc": 0.60972
        },
        "40": {
            "loss": 1.1613411561912284,
            "acc": 0.614
        },
        "41": {
            "loss": 1.1761305074557624,
            "acc": 0.60656
        },
        "42": {
            "loss": 1.1595611226223315,
            "acc": 0.61396
        },
        "43": {
            "loss": 1.163297487494281,
            "acc": 0.61258
        },
        "44": {
            "loss": 1.1718511552457005,
            "acc": 0.6109
        },
        "45": {
            "loss": 1.1558595086302599,
            "acc": 0.6178
        },
        "46": {
            "loss": 1.1606806487683445,
            "acc": 0.61364
        },
        "47": {
            "loss": 1.1524638003095642,
            "acc": 0.61628
        },
        "48": {
            "loss": 1.1557371421238345,
            "acc": 0.6155
        },
        "49": {
            "loss": 1.1698323361708989,
            "acc": 0.60782
        },
        "50": {
            "loss": 1.1572480197147945,
            "acc": 0.61488
        },
        "51": {
            "loss": 1.1739135405901449,
            "acc": 0.6128
        },
        "52": {
            "loss": 1.1532501246008422,
            "acc": 0.61538
        },
        "53": {
            "loss": 1.1594228605785029,
            "acc": 0.61446
        },
        "54": {
            "loss": 1.1523657874073214,
            "acc": 0.61524
        },
        "55": {
            "loss": 1.142114528457222,
            "acc": 0.62088
        },
        "56": {
            "loss": 1.1437545337945298,
            "acc": 0.61966
        },
        "57": {
            "loss": 1.1568147716924662,
            "acc": 0.61662
        },
        "58": {
            "loss": 1.1482949089211272,
            "acc": 0.61886
        },
        "59": {
            "loss": 1.1487745014602875,
            "acc": 0.62032
        },
        "60": {
            "loss": 1.1483113198633998,
            "acc": 0.61918
        },
        "61": {
            "loss": 1.1464724030031268,
            "acc": 0.61832
        },
        "62": {
            "loss": 1.1493406393338956,
            "acc": 0.61878
        },
        "63": {
            "loss": 1.1436899165668146,
            "acc": 0.62202
        },
        "64": {
            "loss": 1.1456239083234,
            "acc": 0.6231
        },
        "65": {
            "loss": 1.1463409265898683,
            "acc": 0.6224
        },
        "66": {
            "loss": 1.1463957349662586,
            "acc": 0.62318
        },
        "67": {
            "loss": 1.1373232510083777,
            "acc": 0.62394
        },
        "68": {
            "loss": 1.14435480104383,
            "acc": 0.6199
        },
        "69": {
            "loss": 1.157033553666166,
            "acc": 0.61608
        },
        "70": {
            "loss": 1.1364553637821655,
            "acc": 0.62018
        },
        "71": {
            "loss": 1.154848956695908,
            "acc": 0.61568
        },
        "72": {
            "loss": 1.1386896659955954,
            "acc": 0.62376
        },
        "73": {
            "loss": 1.1428354909962706,
            "acc": 0.62212
        },
        "74": {
            "loss": 1.1574761846181376,
            "acc": 0.6214
        },
        "75": {
            "loss": 1.1417973530871788,
            "acc": 0.62488
        },
        "76": {
            "loss": 1.1436814568231783,
            "acc": 0.62032
        },
        "77": {
            "loss": 1.127490372761436,
            "acc": 0.62754
        },
        "78": {
            "loss": 1.1434237888402037,
            "acc": 0.62106
        },
        "79": {
            "loss": 1.1456170771128076,
            "acc": 0.61616
        },
        "80": {
            "loss": 1.148070764358696,
            "acc": 0.6188
        },
        "81": {
            "loss": 1.132790205576231,
            "acc": 0.62458
        },
        "82": {
            "loss": 1.129626053373527,
            "acc": 0.62666
        },
        "83": {
            "loss": 1.139808409049383,
            "acc": 0.62284
        },
        "84": {
            "loss": 1.1427966130663976,
            "acc": 0.6235
        },
        "85": {
            "loss": 1.1273742979749695,
            "acc": 0.62822
        },
        "86": {
            "loss": 1.1438322750198873,
            "acc": 0.62176
        },
        "87": {
            "loss": 1.143718232126797,
            "acc": 0.6219
        },
        "88": {
            "loss": 1.1420270370705354,
            "acc": 0.62536
        },
        "89": {
            "loss": 1.1321332239738815,
            "acc": 0.62546
        },
        "90": {
            "loss": 1.115749051198935,
            "acc": 0.6325
        },
        "91": {
            "loss": 1.1361365603364033,
            "acc": 0.62294
        },
        "92": {
            "loss": 1.1110349988083705,
            "acc": 0.6331
        },
        "93": {
            "loss": 1.1305731019705458,
            "acc": 0.6284
        },
        "94": {
            "loss": 1.1359735667857978,
            "acc": 0.62628
        },
        "95": {
            "loss": 1.1219803294562318,
            "acc": 0.6295
        },
        "96": {
            "loss": 1.1241689385355587,
            "acc": 0.62758
        },
        "97": {
            "loss": 1.1305425025313103,
            "acc": 0.62708
        },
        "98": {
            "loss": 1.1186714210473667,
            "acc": 0.6287
        },
        "99": {
            "loss": 1.1105166387070171,
            "acc": 0.63342
        },
        "100": {
            "loss": 0.9231451118693632,
            "acc": 0.68986
        },
        "101": {
            "loss": 0.8544173306211487,
            "acc": 0.7104
        },
        "102": {
            "loss": 0.8287501437279879,
            "acc": 0.71812
        },
        "103": {
            "loss": 0.8066168505212535,
            "acc": 0.72494
        },
        "104": {
            "loss": 0.7873631775988947,
            "acc": 0.73006
        },
        "105": {
            "loss": 0.781485525695869,
            "acc": 0.73086
        },
        "106": {
            "loss": 0.768651990329518,
            "acc": 0.7366
        },
        "107": {
            "loss": 0.7546379488447438,
            "acc": 0.74108
        },
        "108": {
            "loss": 0.7447702598846172,
            "acc": 0.74348
        },
        "109": {
            "loss": 0.7384810677879606,
            "acc": 0.7474
        },
        "110": {
            "loss": 0.7322900420259637,
            "acc": 0.74656
        },
        "111": {
            "loss": 0.7186155896967329,
            "acc": 0.75144
        },
        "112": {
            "loss": 0.7165893327702036,
            "acc": 0.74876
        },
        "113": {
            "loss": 0.7069425360321084,
            "acc": 0.7516
        },
        "114": {
            "loss": 0.7011379192552298,
            "acc": 0.75514
        },
        "115": {
            "loss": 0.6990257226445181,
            "acc": 0.75504
        },
        "116": {
            "loss": 0.6806217292538079,
            "acc": 0.76094
        },
        "117": {
            "loss": 0.6783523149502552,
            "acc": 0.76152
        },
        "118": {
            "loss": 0.6744565962220702,
            "acc": 0.76496
        },
        "119": {
            "loss": 0.6673087135452749,
            "acc": 0.76536
        },
        "120": {
            "loss": 0.6644013185635247,
            "acc": 0.76556
        },
        "121": {
            "loss": 0.6568109401504097,
            "acc": 0.76872
        },
        "122": {
            "loss": 0.6470797142714185,
            "acc": 0.77194
        },
        "123": {
            "loss": 0.648133774776288,
            "acc": 0.7719
        },
        "124": {
            "loss": 0.6443712655693064,
            "acc": 0.77306
        },
        "125": {
            "loss": 0.6379677936091752,
            "acc": 0.7769
        },
        "126": {
            "loss": 0.6316194435214753,
            "acc": 0.77646
        },
        "127": {
            "loss": 0.6260406268222253,
            "acc": 0.77938
        },
        "128": {
            "loss": 0.6190568607329102,
            "acc": 0.7802
        },
        "129": {
            "loss": 0.6150722479271462,
            "acc": 0.78306
        },
        "130": {
            "loss": 0.6110944149591734,
            "acc": 0.785
        },
        "131": {
            "loss": 0.6059958020134655,
            "acc": 0.7856
        },
        "132": {
            "loss": 0.5971948139350433,
            "acc": 0.78874
        },
        "133": {
            "loss": 0.5943159885571131,
            "acc": 0.79038
        },
        "134": {
            "loss": 0.5918450292266543,
            "acc": 0.7912
        },
        "135": {
            "loss": 0.5851508562674608,
            "acc": 0.79134
        },
        "136": {
            "loss": 0.581342073505187,
            "acc": 0.79384
        },
        "137": {
            "loss": 0.5807038696525652,
            "acc": 0.79366
        },
        "138": {
            "loss": 0.5769131300242051,
            "acc": 0.79544
        },
        "139": {
            "loss": 0.5700681817043772,
            "acc": 0.7977
        },
        "140": {
            "loss": 0.5630124956750504,
            "acc": 0.80062
        },
        "141": {
            "loss": 0.5602800515301697,
            "acc": 0.80072
        },
        "142": {
            "loss": 0.554773778180637,
            "acc": 0.80342
        },
        "143": {
            "loss": 0.5520918611675272,
            "acc": 0.8026
        },
        "144": {
            "loss": 0.5500026794193346,
            "acc": 0.80262
        },
        "145": {
            "loss": 0.5445483980123954,
            "acc": 0.80512
        },
        "146": {
            "loss": 0.5297905584735334,
            "acc": 0.81174
        },
        "147": {
            "loss": 0.5329556966681614,
            "acc": 0.80986
        },
        "148": {
            "loss": 0.5271036912260763,
            "acc": 0.80918
        },
        "149": {
            "loss": 0.5237689256058324,
            "acc": 0.81306
        },
        "150": {
            "loss": 0.4965526735233834,
            "acc": 0.8237
        },
        "151": {
            "loss": 0.48990187239463984,
            "acc": 0.8236
        },
        "152": {
            "loss": 0.4825725832101329,
            "acc": 0.82746
        },
        "153": {
            "loss": 0.47781330674810485,
            "acc": 0.82974
        },
        "154": {
            "loss": 0.4790217810122253,
            "acc": 0.82766
        },
        "155": {
            "loss": 0.4795365276391549,
            "acc": 0.82722
        },
        "156": {
            "loss": 0.4758355590083715,
            "acc": 0.82948
        },
        "157": {
            "loss": 0.4689202995403953,
            "acc": 0.83334
        },
        "158": {
            "loss": 0.46552595656241297,
            "acc": 0.83384
        },
        "159": {
            "loss": 0.46797819325076345,
            "acc": 0.83452
        },
        "160": {
            "loss": 0.46807268414351033,
            "acc": 0.8325
        },
        "161": {
            "loss": 0.46280617047758665,
            "acc": 0.83356
        },
        "162": {
            "loss": 0.4596854857624034,
            "acc": 0.83482
        },
        "163": {
            "loss": 0.4573997310207933,
            "acc": 0.83678
        },
        "164": {
            "loss": 0.460657951319614,
            "acc": 0.83414
        },
        "165": {
            "loss": 0.4598825603647305,
            "acc": 0.83454
        },
        "166": {
            "loss": 0.45622354913550567,
            "acc": 0.83658
        },
        "167": {
            "loss": 0.4586243833727239,
            "acc": 0.8354
        },
        "168": {
            "loss": 0.4557195632811398,
            "acc": 0.83548
        },
        "169": {
            "loss": 0.44900050172415534,
            "acc": 0.83966
        },
        "170": {
            "loss": 0.4587182501697784,
            "acc": 0.83426
        },
        "171": {
            "loss": 0.45261841185410007,
            "acc": 0.83908
        },
        "172": {
            "loss": 0.45665712124856234,
            "acc": 0.83538
        },
        "173": {
            "loss": 0.45247861689618785,
            "acc": 0.8363
        },
        "174": {
            "loss": 0.44477800979181326,
            "acc": 0.8386
        },
        "175": {
            "loss": 0.4465209525030897,
            "acc": 0.84066
        },
        "176": {
            "loss": 0.44560921634249673,
            "acc": 0.83904
        },
        "177": {
            "loss": 0.4419195908872063,
            "acc": 0.84212
        },
        "178": {
            "loss": 0.4443111492849677,
            "acc": 0.841
        },
        "179": {
            "loss": 0.4438525078927769,
            "acc": 0.83966
        },
        "180": {
            "loss": 0.4404843701502246,
            "acc": 0.843
        },
        "181": {
            "loss": 0.4417053724036497,
            "acc": 0.83938
        },
        "182": {
            "loss": 0.4327671672682018,
            "acc": 0.84434
        },
        "183": {
            "loss": 0.43735265891875147,
            "acc": 0.84288
        },
        "184": {
            "loss": 0.43588393095814054,
            "acc": 0.84212
        },
        "185": {
            "loss": 0.43901787618237076,
            "acc": 0.84254
        },
        "186": {
            "loss": 0.4367481903042025,
            "acc": 0.84294
        },
        "187": {
            "loss": 0.4330332489193553,
            "acc": 0.84238
        },
        "188": {
            "loss": 0.434912342168486,
            "acc": 0.84114
        },
        "189": {
            "loss": 0.43120744538581585,
            "acc": 0.84578
        },
        "190": {
            "loss": 0.4385476718320871,
            "acc": 0.84346
        },
        "191": {
            "loss": 0.43061254209722094,
            "acc": 0.84304
        },
        "192": {
            "loss": 0.42897406113727016,
            "acc": 0.84644
        },
        "193": {
            "loss": 0.4270666943639136,
            "acc": 0.84592
        },
        "194": {
            "loss": 0.42705592825589583,
            "acc": 0.84672
        },
        "195": {
            "loss": 0.4334766662029354,
            "acc": 0.8437
        },
        "196": {
            "loss": 0.42709711727583805,
            "acc": 0.84756
        },
        "197": {
            "loss": 0.4243135382909604,
            "acc": 0.84644
        },
        "198": {
            "loss": 0.42407696673174955,
            "acc": 0.84674
        },
        "199": {
            "loss": 0.42182812708265643,
            "acc": 0.84774
        },
        "200": {
            "loss": 0.42248081078614724,
            "acc": 0.84724
        },
        "201": {
            "loss": 0.4175166172901993,
            "acc": 0.84956
        },
        "202": {
            "loss": 0.4248121099551315,
            "acc": 0.84716
        },
        "203": {
            "loss": 0.41765867726272327,
            "acc": 0.84994
        },
        "204": {
            "loss": 0.4157524372229491,
            "acc": 0.85038
        },
        "205": {
            "loss": 0.42030302940122305,
            "acc": 0.85034
        },
        "206": {
            "loss": 0.42010298683820174,
            "acc": 0.8497
        },
        "207": {
            "loss": 0.4183240054208604,
            "acc": 0.84974
        },
        "208": {
            "loss": 0.4182748199652528,
            "acc": 0.84958
        },
        "209": {
            "loss": 0.4164235283194296,
            "acc": 0.84886
        },
        "210": {
            "loss": 0.4149836742740763,
            "acc": 0.85104
        },
        "211": {
            "loss": 0.41967743029222465,
            "acc": 0.8472
        },
        "212": {
            "loss": 0.41827624407418246,
            "acc": 0.8499
        },
        "213": {
            "loss": 0.42230473150072806,
            "acc": 0.8493
        },
        "214": {
            "loss": 0.4205663496880885,
            "acc": 0.84964
        },
        "215": {
            "loss": 0.412797668820147,
            "acc": 0.85184
        },
        "216": {
            "loss": 0.4124799688987415,
            "acc": 0.85178
        },
        "217": {
            "loss": 0.4164667422585475,
            "acc": 0.85252
        },
        "218": {
            "loss": 0.41580363787958385,
            "acc": 0.8511
        },
        "219": {
            "loss": 0.41981071157528616,
            "acc": 0.84812
        },
        "220": {
            "loss": 0.41528232483302846,
            "acc": 0.85108
        },
        "221": {
            "loss": 0.4148352208268612,
            "acc": 0.84946
        },
        "222": {
            "loss": 0.4128009923888594,
            "acc": 0.85062
        },
        "223": {
            "loss": 0.41736497194565775,
            "acc": 0.84922
        },
        "224": {
            "loss": 0.4148006164051993,
            "acc": 0.8517
        },
        "225": {
            "loss": 0.41259911412473227,
            "acc": 0.8504
        },
        "226": {
            "loss": 0.41466421788305885,
            "acc": 0.85088
        },
        "227": {
            "loss": 0.4119381021965495,
            "acc": 0.85166
        },
        "228": {
            "loss": 0.4132874027237563,
            "acc": 0.85096
        },
        "229": {
            "loss": 0.41336612567267456,
            "acc": 0.85308
        },
        "230": {
            "loss": 0.41371774982156045,
            "acc": 0.8524
        },
        "231": {
            "loss": 0.4158561626434936,
            "acc": 0.85104
        },
        "232": {
            "loss": 0.41570987920169633,
            "acc": 0.85018
        },
        "233": {
            "loss": 0.41278149572479755,
            "acc": 0.85006
        },
        "234": {
            "loss": 0.41027237082381385,
            "acc": 0.85184
        },
        "235": {
            "loss": 0.41630022124866084,
            "acc": 0.85082
        },
        "236": {
            "loss": 0.4179932186213296,
            "acc": 0.85084
        },
        "237": {
            "loss": 0.40639711409578544,
            "acc": 0.85342
        },
        "238": {
            "loss": 0.41272615494630527,
            "acc": 0.85
        },
        "239": {
            "loss": 0.4111880401668646,
            "acc": 0.8519
        },
        "240": {
            "loss": 0.4126813413237062,
            "acc": 0.84972
        },
        "241": {
            "loss": 0.41193423490695025,
            "acc": 0.85152
        },
        "242": {
            "loss": 0.41312886465845816,
            "acc": 0.85124
        },
        "243": {
            "loss": 0.4139699389410141,
            "acc": 0.85058
        },
        "244": {
            "loss": 0.4104300323883286,
            "acc": 0.85204
        },
        "245": {
            "loss": 0.4083614819647406,
            "acc": 0.85348
        },
        "246": {
            "loss": 0.41296836710951823,
            "acc": 0.85212
        },
        "247": {
            "loss": 0.41204725407883336,
            "acc": 0.85218
        },
        "248": {
            "loss": 0.4147166109374722,
            "acc": 0.85104
        },
        "249": {
            "loss": 0.41087471649927254,
            "acc": 0.85306
        }
    },
    "test": {
        "0": {
            "loss": 1.512466185092926,
            "acc": 0.4386
        },
        "1": {
            "loss": 1.3662950944900514,
            "acc": 0.5123
        },
        "3": {
            "loss": 1.20649484872818,
            "acc": 0.576
        },
        "5": {
            "loss": 1.1977713429927825,
            "acc": 0.5927
        },
        "7": {
            "loss": 1.1052146017551423,
            "acc": 0.6259
        },
        "9": {
            "loss": 1.0843936145305633,
            "acc": 0.6362
        },
        "11": {
            "loss": 1.1093212628364564,
            "acc": 0.624
        },
        "13": {
            "loss": 1.1304064095020294,
            "acc": 0.6087
        },
        "15": {
            "loss": 1.0983902037143707,
            "acc": 0.6383
        },
        "17": {
            "loss": 1.109621285200119,
            "acc": 0.6358
        },
        "19": {
            "loss": 1.107240024805069,
            "acc": 0.6217
        },
        "21": {
            "loss": 1.1742009282112122,
            "acc": 0.6077
        },
        "23": {
            "loss": 1.1234237921237946,
            "acc": 0.6311
        },
        "25": {
            "loss": 1.1548472452163696,
            "acc": 0.6123
        },
        "27": {
            "loss": 1.2008395445346833,
            "acc": 0.6063
        },
        "29": {
            "loss": 1.1731940126419067,
            "acc": 0.6139
        },
        "31": {
            "loss": 1.1387032556533814,
            "acc": 0.6223
        },
        "33": {
            "loss": 1.1470496249198914,
            "acc": 0.6165
        },
        "35": {
            "loss": 1.126858513355255,
            "acc": 0.6196
        },
        "37": {
            "loss": 1.1623683822155,
            "acc": 0.6223
        },
        "39": {
            "loss": 1.1340252447128296,
            "acc": 0.6225
        },
        "41": {
            "loss": 1.172112045288086,
            "acc": 0.6127
        },
        "43": {
            "loss": 1.1616914236545564,
            "acc": 0.6118
        },
        "45": {
            "loss": 1.1389000010490418,
            "acc": 0.6244
        },
        "47": {
            "loss": 1.1121471905708313,
            "acc": 0.6334
        },
        "49": {
            "loss": 1.1722065544128417,
            "acc": 0.6147
        },
        "51": {
            "loss": 1.1588339805603027,
            "acc": 0.6184
        },
        "53": {
            "loss": 1.1449090445041656,
            "acc": 0.634
        },
        "55": {
            "loss": 1.1694363141059876,
            "acc": 0.6107
        },
        "57": {
            "loss": 1.0952812874317168,
            "acc": 0.6389
        },
        "59": {
            "loss": 1.1205375874042511,
            "acc": 0.6253
        },
        "61": {
            "loss": 1.1803631806373596,
            "acc": 0.6138
        },
        "63": {
            "loss": 1.197731728553772,
            "acc": 0.6137
        },
        "65": {
            "loss": 1.1446372294425964,
            "acc": 0.6367
        },
        "67": {
            "loss": 1.1268122100830078,
            "acc": 0.6371
        },
        "69": {
            "loss": 1.1839259994029998,
            "acc": 0.616
        },
        "71": {
            "loss": 1.1421571063995362,
            "acc": 0.6251
        },
        "73": {
            "loss": 1.1493314588069916,
            "acc": 0.6198
        },
        "75": {
            "loss": 1.1349089300632478,
            "acc": 0.633
        },
        "77": {
            "loss": 1.1172841787338257,
            "acc": 0.6373
        },
        "79": {
            "loss": 1.1590691697597504,
            "acc": 0.6295
        },
        "81": {
            "loss": 1.097106499671936,
            "acc": 0.6364
        },
        "83": {
            "loss": 1.187935507297516,
            "acc": 0.6044
        },
        "85": {
            "loss": 1.1055271565914153,
            "acc": 0.6379
        },
        "87": {
            "loss": 1.08010178565979,
            "acc": 0.6533
        },
        "89": {
            "loss": 1.0999444556236266,
            "acc": 0.646
        },
        "91": {
            "loss": 1.0661655116081237,
            "acc": 0.652
        },
        "93": {
            "loss": 1.1358509624004365,
            "acc": 0.6364
        },
        "95": {
            "loss": 1.1128836739063264,
            "acc": 0.6391
        },
        "97": {
            "loss": 1.1184201323986054,
            "acc": 0.6398
        },
        "99": {
            "loss": 1.1029875099658966,
            "acc": 0.6343
        },
        "101": {
            "loss": 0.8668567156791687,
            "acc": 0.7088
        },
        "103": {
            "loss": 0.8503421425819397,
            "acc": 0.7161
        },
        "105": {
            "loss": 0.83035231590271,
            "acc": 0.7219
        },
        "107": {
            "loss": 0.8054257106781005,
            "acc": 0.7265
        },
        "109": {
            "loss": 0.8043012166023255,
            "acc": 0.7307
        },
        "111": {
            "loss": 0.791038955450058,
            "acc": 0.737
        },
        "113": {
            "loss": 0.7835189986228943,
            "acc": 0.737
        },
        "115": {
            "loss": 0.7782476079463959,
            "acc": 0.7375
        },
        "117": {
            "loss": 0.7635297977924347,
            "acc": 0.7401
        },
        "119": {
            "loss": 0.7680868470668792,
            "acc": 0.744
        },
        "121": {
            "loss": 0.7659226489067078,
            "acc": 0.742
        },
        "123": {
            "loss": 0.750170886516571,
            "acc": 0.7467
        },
        "125": {
            "loss": 0.7435878777503967,
            "acc": 0.7498
        },
        "127": {
            "loss": 0.7388175427913666,
            "acc": 0.7502
        },
        "129": {
            "loss": 0.7479556238651276,
            "acc": 0.7465
        },
        "131": {
            "loss": 0.7431653368473053,
            "acc": 0.7487
        },
        "133": {
            "loss": 0.7366388130187989,
            "acc": 0.7495
        },
        "135": {
            "loss": 0.7386089551448822,
            "acc": 0.7517
        },
        "137": {
            "loss": 0.745893280506134,
            "acc": 0.7487
        },
        "139": {
            "loss": 0.7421724903583526,
            "acc": 0.7506
        },
        "141": {
            "loss": 0.7312605357170106,
            "acc": 0.7549
        },
        "143": {
            "loss": 0.7497989249229431,
            "acc": 0.7499
        },
        "145": {
            "loss": 0.7344558656215667,
            "acc": 0.7544
        },
        "147": {
            "loss": 0.7450536072254181,
            "acc": 0.751
        },
        "149": {
            "loss": 0.7327369391918183,
            "acc": 0.7549
        },
        "151": {
            "loss": 0.720876053571701,
            "acc": 0.7613
        },
        "153": {
            "loss": 0.7266369307041168,
            "acc": 0.7611
        },
        "155": {
            "loss": 0.7256226217746735,
            "acc": 0.7583
        },
        "157": {
            "loss": 0.7232609415054321,
            "acc": 0.7589
        },
        "159": {
            "loss": 0.721676025390625,
            "acc": 0.7617
        },
        "161": {
            "loss": 0.7253367638587952,
            "acc": 0.7588
        },
        "163": {
            "loss": 0.7284118747711181,
            "acc": 0.7624
        },
        "165": {
            "loss": 0.72709108710289,
            "acc": 0.7596
        },
        "167": {
            "loss": 0.7301332974433898,
            "acc": 0.7597
        },
        "169": {
            "loss": 0.7314713370800018,
            "acc": 0.7614
        },
        "171": {
            "loss": 0.7299350190162659,
            "acc": 0.7594
        },
        "173": {
            "loss": 0.7310652804374694,
            "acc": 0.7604
        },
        "175": {
            "loss": 0.7319658434391022,
            "acc": 0.7631
        },
        "177": {
            "loss": 0.7328602659702301,
            "acc": 0.7602
        },
        "179": {
            "loss": 0.7321448528766632,
            "acc": 0.7617
        },
        "181": {
            "loss": 0.7330535018444061,
            "acc": 0.7633
        },
        "183": {
            "loss": 0.7385514318943024,
            "acc": 0.7588
        },
        "185": {
            "loss": 0.7337771880626679,
            "acc": 0.7612
        },
        "187": {
            "loss": 0.7357093632221222,
            "acc": 0.7617
        },
        "189": {
            "loss": 0.7417799603939056,
            "acc": 0.7593
        },
        "191": {
            "loss": 0.7389670813083649,
            "acc": 0.7606
        },
        "193": {
            "loss": 0.7430322682857513,
            "acc": 0.7598
        },
        "195": {
            "loss": 0.7400956118106842,
            "acc": 0.7594
        },
        "197": {
            "loss": 0.7431028664112092,
            "acc": 0.7583
        },
        "199": {
            "loss": 0.7428787350654602,
            "acc": 0.7586
        },
        "201": {
            "loss": 0.7419631576538086,
            "acc": 0.7574
        },
        "203": {
            "loss": 0.7412404179573059,
            "acc": 0.7576
        },
        "205": {
            "loss": 0.7419961988925934,
            "acc": 0.7566
        },
        "207": {
            "loss": 0.7417091238498688,
            "acc": 0.7562
        },
        "209": {
            "loss": 0.7422811734676361,
            "acc": 0.7565
        },
        "211": {
            "loss": 0.7432777678966522,
            "acc": 0.7569
        },
        "213": {
            "loss": 0.7428136837482452,
            "acc": 0.7573
        },
        "215": {
            "loss": 0.7436032843589783,
            "acc": 0.7566
        },
        "217": {
            "loss": 0.7445573818683624,
            "acc": 0.7567
        },
        "219": {
            "loss": 0.7440786623954773,
            "acc": 0.757
        },
        "221": {
            "loss": 0.7434506011009216,
            "acc": 0.7571
        },
        "223": {
            "loss": 0.743260817527771,
            "acc": 0.757
        },
        "225": {
            "loss": 0.7440708267688751,
            "acc": 0.757
        },
        "227": {
            "loss": 0.7445663428306579,
            "acc": 0.7572
        },
        "229": {
            "loss": 0.7435358893871308,
            "acc": 0.7582
        },
        "231": {
            "loss": 0.7444382250308991,
            "acc": 0.7571
        },
        "233": {
            "loss": 0.7443959903717041,
            "acc": 0.7583
        },
        "235": {
            "loss": 0.7438385260105133,
            "acc": 0.7589
        },
        "237": {
            "loss": 0.7439415991306305,
            "acc": 0.7582
        },
        "239": {
            "loss": 0.744222822189331,
            "acc": 0.7588
        },
        "241": {
            "loss": 0.7438265013694764,
            "acc": 0.7589
        },
        "243": {
            "loss": 0.7442075252532959,
            "acc": 0.7591
        },
        "245": {
            "loss": 0.7449990296363831,
            "acc": 0.7597
        },
        "247": {
            "loss": 0.7452956569194794,
            "acc": 0.7589
        },
        "249": {
            "loss": 0.7450693011283874,
            "acc": 0.759
        }
    },
    "info": {
        "best_epoch": 181,
        "best_acc": 76.33,
        "n_params": 2257226
    }
}