{
    "train": {
        "0": {
            "loss": 1.7569898010214882,
            "acc": 0.35192
        },
        "1": {
            "loss": 1.321678257049502,
            "acc": 0.52734
        },
        "2": {
            "loss": 1.112779394744912,
            "acc": 0.60958
        },
        "3": {
            "loss": 0.9975180607622541,
            "acc": 0.6516
        },
        "4": {
            "loss": 0.9385325058037058,
            "acc": 0.67758
        },
        "5": {
            "loss": 0.8990207005034933,
            "acc": 0.69218
        },
        "6": {
            "loss": 0.8686277270317078,
            "acc": 0.70096
        },
        "7": {
            "loss": 0.8423312384149303,
            "acc": 0.71276
        },
        "8": {
            "loss": 0.8315979916116466,
            "acc": 0.71702
        },
        "9": {
            "loss": 0.8229649861145507,
            "acc": 0.72138
        },
        "10": {
            "loss": 0.8229271615557658,
            "acc": 0.72272
        },
        "11": {
            "loss": 0.8236002076007521,
            "acc": 0.7239
        },
        "12": {
            "loss": 0.8253640160536218,
            "acc": 0.72452
        },
        "13": {
            "loss": 0.8289203577486756,
            "acc": 0.72248
        },
        "14": {
            "loss": 0.8280517393365845,
            "acc": 0.72342
        },
        "15": {
            "loss": 0.8276649211983547,
            "acc": 0.72752
        },
        "16": {
            "loss": 0.8310174475545469,
            "acc": 0.72586
        },
        "17": {
            "loss": 0.8467529108152365,
            "acc": 0.72372
        },
        "18": {
            "loss": 0.8484690771688281,
            "acc": 0.72086
        },
        "19": {
            "loss": 0.8302346615840102,
            "acc": 0.72652
        },
        "20": {
            "loss": 0.8557206642292344,
            "acc": 0.71986
        },
        "21": {
            "loss": 0.8641979558693479,
            "acc": 0.71774
        },
        "22": {
            "loss": 0.8697104553127533,
            "acc": 0.71602
        },
        "23": {
            "loss": 0.8751538005631293,
            "acc": 0.71868
        },
        "24": {
            "loss": 0.8901418500849049,
            "acc": 0.71204
        },
        "25": {
            "loss": 0.8887125813137845,
            "acc": 0.71456
        },
        "26": {
            "loss": 0.9020945423704279,
            "acc": 0.70986
        },
        "27": {
            "loss": 0.9098728744270247,
            "acc": 0.7079
        },
        "28": {
            "loss": 0.9131767498257825,
            "acc": 0.707
        },
        "29": {
            "loss": 0.9204732478427156,
            "acc": 0.70328
        },
        "30": {
            "loss": 0.9379027508713705,
            "acc": 0.70132
        },
        "31": {
            "loss": 0.9598382467504047,
            "acc": 0.69568
        },
        "32": {
            "loss": 0.9596208247077435,
            "acc": 0.69436
        },
        "33": {
            "loss": 0.9422164600523536,
            "acc": 0.69866
        },
        "34": {
            "loss": 0.9671058999303052,
            "acc": 0.69396
        },
        "35": {
            "loss": 0.9619266678914999,
            "acc": 0.69692
        },
        "36": {
            "loss": 0.983333048613175,
            "acc": 0.68704
        },
        "37": {
            "loss": 0.9639891816679474,
            "acc": 0.69396
        },
        "38": {
            "loss": 0.9980955960805459,
            "acc": 0.68396
        },
        "39": {
            "loss": 1.0233574479132357,
            "acc": 0.67728
        },
        "40": {
            "loss": 1.0064506387466665,
            "acc": 0.68084
        },
        "41": {
            "loss": 1.0175812768814203,
            "acc": 0.68056
        },
        "42": {
            "loss": 1.0354906678809535,
            "acc": 0.67602
        },
        "43": {
            "loss": 1.0005402648845292,
            "acc": 0.6847
        },
        "44": {
            "loss": 1.0344532973626082,
            "acc": 0.6732
        },
        "45": {
            "loss": 1.0253762860432305,
            "acc": 0.67554
        },
        "46": {
            "loss": 1.0157125211127884,
            "acc": 0.68138
        },
        "47": {
            "loss": 1.0422809398387705,
            "acc": 0.67334
        },
        "48": {
            "loss": 1.0347405406825072,
            "acc": 0.6752
        },
        "49": {
            "loss": 1.0351307340290234,
            "acc": 0.676
        },
        "50": {
            "loss": 1.0071134449880752,
            "acc": 0.68214
        },
        "51": {
            "loss": 1.0268055545094679,
            "acc": 0.67958
        },
        "52": {
            "loss": 1.0135005271953086,
            "acc": 0.68336
        },
        "53": {
            "loss": 1.0384721204143046,
            "acc": 0.67834
        },
        "54": {
            "loss": 1.0392424753864709,
            "acc": 0.6766
        },
        "55": {
            "loss": 1.0132885464012165,
            "acc": 0.68376
        },
        "56": {
            "loss": 1.0587527204657454,
            "acc": 0.66852
        },
        "57": {
            "loss": 1.0044553720432778,
            "acc": 0.68668
        },
        "58": {
            "loss": 1.0587612556679475,
            "acc": 0.67268
        },
        "59": {
            "loss": 1.033891593861153,
            "acc": 0.67674
        },
        "60": {
            "loss": 1.0278447163684288,
            "acc": 0.68326
        },
        "61": {
            "loss": 1.0205403333124907,
            "acc": 0.68206
        },
        "62": {
            "loss": 1.0419728919063382,
            "acc": 0.67718
        },
        "63": {
            "loss": 0.9957885917495278,
            "acc": 0.69042
        },
        "64": {
            "loss": 1.0069257184062772,
            "acc": 0.68846
        },
        "65": {
            "loss": 1.0093852633710407,
            "acc": 0.68664
        },
        "66": {
            "loss": 1.0227764349459383,
            "acc": 0.68514
        },
        "67": {
            "loss": 1.0492566749262993,
            "acc": 0.67732
        },
        "68": {
            "loss": 1.151723171896337,
            "acc": 0.64588
        },
        "69": {
            "loss": 1.0706013056933117,
            "acc": 0.67226
        },
        "70": {
            "loss": 1.0833794540151611,
            "acc": 0.66752
        },
        "71": {
            "loss": 1.115785706988381,
            "acc": 0.65756
        },
        "72": {
            "loss": 1.0309360473966964,
            "acc": 0.68188
        },
        "73": {
            "loss": 1.006047032220894,
            "acc": 0.68914
        },
        "74": {
            "loss": 1.0206738486314368,
            "acc": 0.68456
        },
        "75": {
            "loss": 1.0774757273666693,
            "acc": 0.66862
        },
        "76": {
            "loss": 1.0380367325699849,
            "acc": 0.67858
        },
        "77": {
            "loss": 1.0093837744744538,
            "acc": 0.68958
        },
        "78": {
            "loss": 1.018603607974089,
            "acc": 0.68554
        },
        "79": {
            "loss": 0.9708324475666447,
            "acc": 0.70214
        },
        "80": {
            "loss": 0.9588956329828638,
            "acc": 0.7004
        },
        "81": {
            "loss": 0.9613689707063348,
            "acc": 0.70312
        },
        "82": {
            "loss": 0.9592582304459398,
            "acc": 0.7052
        },
        "83": {
            "loss": 0.9536585457184735,
            "acc": 0.70616
        },
        "84": {
            "loss": 0.9857276024111091,
            "acc": 0.69952
        },
        "85": {
            "loss": 0.9832138970989706,
            "acc": 0.69544
        },
        "86": {
            "loss": 0.9602945616178196,
            "acc": 0.70558
        },
        "87": {
            "loss": 0.9369038215378667,
            "acc": 0.70722
        },
        "88": {
            "loss": 0.941945945210469,
            "acc": 0.71014
        },
        "89": {
            "loss": 0.9735697103888178,
            "acc": 0.6991
        },
        "90": {
            "loss": 1.0185862736933677,
            "acc": 0.6883
        },
        "91": {
            "loss": 0.9448672057417653,
            "acc": 0.7071
        },
        "92": {
            "loss": 0.9435806096057453,
            "acc": 0.71078
        },
        "93": {
            "loss": 0.9641074137309628,
            "acc": 0.7037
        },
        "94": {
            "loss": 0.9288553937011973,
            "acc": 0.71526
        },
        "95": {
            "loss": 0.9255098802659213,
            "acc": 0.71602
        },
        "96": {
            "loss": 0.9092578022071468,
            "acc": 0.72088
        },
        "97": {
            "loss": 0.8996609565242172,
            "acc": 0.72314
        },
        "98": {
            "loss": 0.8990568756447423,
            "acc": 0.7221
        },
        "99": {
            "loss": 0.883763660707742,
            "acc": 0.72844
        },
        "100": {
            "loss": 0.6825657890885687,
            "acc": 0.78566
        },
        "101": {
            "loss": 0.5906642353748117,
            "acc": 0.81136
        },
        "102": {
            "loss": 0.5489114285125147,
            "acc": 0.82232
        },
        "103": {
            "loss": 0.5369176886728048,
            "acc": 0.826
        },
        "104": {
            "loss": 0.5119110043243984,
            "acc": 0.83216
        },
        "105": {
            "loss": 0.502781534553184,
            "acc": 0.83674
        },
        "106": {
            "loss": 0.48939080220049297,
            "acc": 0.83954
        },
        "107": {
            "loss": 0.4792153746118326,
            "acc": 0.84244
        },
        "108": {
            "loss": 0.4711184446006785,
            "acc": 0.84358
        },
        "109": {
            "loss": 0.4676550410287764,
            "acc": 0.8452
        },
        "110": {
            "loss": 0.452324946670581,
            "acc": 0.8504
        },
        "111": {
            "loss": 0.44196915668447306,
            "acc": 0.85396
        },
        "112": {
            "loss": 0.43818641646438855,
            "acc": 0.8545
        },
        "113": {
            "loss": 0.43698305348910943,
            "acc": 0.85302
        },
        "114": {
            "loss": 0.42737497164465277,
            "acc": 0.85698
        },
        "115": {
            "loss": 0.4210158503421432,
            "acc": 0.86046
        },
        "116": {
            "loss": 0.4162007200595973,
            "acc": 0.86036
        },
        "117": {
            "loss": 0.4130645628323031,
            "acc": 0.86152
        },
        "118": {
            "loss": 0.4076313113083925,
            "acc": 0.862
        },
        "119": {
            "loss": 0.403065983482334,
            "acc": 0.86492
        },
        "120": {
            "loss": 0.3945414380115621,
            "acc": 0.86788
        },
        "121": {
            "loss": 0.3915238029816571,
            "acc": 0.86832
        },
        "122": {
            "loss": 0.3886194196351044,
            "acc": 0.8696
        },
        "123": {
            "loss": 0.38060917063137456,
            "acc": 0.8713
        },
        "124": {
            "loss": 0.379805382636502,
            "acc": 0.87242
        },
        "125": {
            "loss": 0.37148539504736583,
            "acc": 0.8747
        },
        "126": {
            "loss": 0.36694515868068656,
            "acc": 0.8758
        },
        "127": {
            "loss": 0.36474556786477413,
            "acc": 0.8771
        },
        "128": {
            "loss": 0.36197224834843367,
            "acc": 0.87778
        },
        "129": {
            "loss": 0.35688251157855744,
            "acc": 0.8788
        },
        "130": {
            "loss": 0.3509339684872981,
            "acc": 0.88164
        },
        "131": {
            "loss": 0.3465990766768565,
            "acc": 0.8825
        },
        "132": {
            "loss": 0.344160637815895,
            "acc": 0.88274
        },
        "133": {
            "loss": 0.34126001398276795,
            "acc": 0.88398
        },
        "134": {
            "loss": 0.3324100329061908,
            "acc": 0.88726
        },
        "135": {
            "loss": 0.3308551050817875,
            "acc": 0.88696
        },
        "136": {
            "loss": 0.32911270578651475,
            "acc": 0.88754
        },
        "137": {
            "loss": 0.3251127482908766,
            "acc": 0.88896
        },
        "138": {
            "loss": 0.3230292247155743,
            "acc": 0.88978
        },
        "139": {
            "loss": 0.32115162996684804,
            "acc": 0.89124
        },
        "140": {
            "loss": 0.3179735274189878,
            "acc": 0.89268
        },
        "141": {
            "loss": 0.310060933384749,
            "acc": 0.8954
        },
        "142": {
            "loss": 0.30796305755215225,
            "acc": 0.89424
        },
        "143": {
            "loss": 0.30482239748739526,
            "acc": 0.89542
        },
        "144": {
            "loss": 0.2989969156739657,
            "acc": 0.89848
        },
        "145": {
            "loss": 0.29785356356207365,
            "acc": 0.89816
        },
        "146": {
            "loss": 0.29300114733483784,
            "acc": 0.9001
        },
        "147": {
            "loss": 0.29294849156647385,
            "acc": 0.89898
        },
        "148": {
            "loss": 0.2913128566711455,
            "acc": 0.89994
        },
        "149": {
            "loss": 0.2885564082037762,
            "acc": 0.9001
        },
        "150": {
            "loss": 0.2755178577454804,
            "acc": 0.90506
        },
        "151": {
            "loss": 0.2676545996647662,
            "acc": 0.90676
        },
        "152": {
            "loss": 0.2682409748015806,
            "acc": 0.90838
        },
        "153": {
            "loss": 0.2657396373389017,
            "acc": 0.90964
        },
        "154": {
            "loss": 0.26656156568728445,
            "acc": 0.90656
        },
        "155": {
            "loss": 0.26553765975910687,
            "acc": 0.90792
        },
        "156": {
            "loss": 0.2643429784061354,
            "acc": 0.909
        },
        "157": {
            "loss": 0.26580721399058466,
            "acc": 0.90862
        },
        "158": {
            "loss": 0.2647563880285644,
            "acc": 0.90916
        },
        "159": {
            "loss": 0.26480079076402935,
            "acc": 0.90832
        },
        "160": {
            "loss": 0.2657499680929172,
            "acc": 0.90808
        },
        "161": {
            "loss": 0.2653276795888191,
            "acc": 0.9091
        },
        "162": {
            "loss": 0.26217870519060615,
            "acc": 0.90968
        },
        "163": {
            "loss": 0.2630213186564043,
            "acc": 0.90874
        },
        "164": {
            "loss": 0.26197511441719806,
            "acc": 0.90948
        },
        "165": {
            "loss": 0.2604859445596595,
            "acc": 0.90978
        },
        "166": {
            "loss": 0.2597487407457798,
            "acc": 0.91004
        },
        "167": {
            "loss": 0.2563395326780846,
            "acc": 0.91236
        },
        "168": {
            "loss": 0.2603109376814664,
            "acc": 0.90986
        },
        "169": {
            "loss": 0.2564169770044744,
            "acc": 0.91174
        },
        "170": {
            "loss": 0.25465079013953734,
            "acc": 0.91198
        },
        "171": {
            "loss": 0.2591198640482505,
            "acc": 0.91134
        },
        "172": {
            "loss": 0.2603613139342164,
            "acc": 0.90986
        },
        "173": {
            "loss": 0.25825469049117755,
            "acc": 0.91124
        },
        "174": {
            "loss": 0.2570127750487279,
            "acc": 0.91128
        },
        "175": {
            "loss": 0.25451629107717966,
            "acc": 0.91162
        },
        "176": {
            "loss": 0.257530189459891,
            "acc": 0.91104
        },
        "177": {
            "loss": 0.2553698766948012,
            "acc": 0.91106
        },
        "178": {
            "loss": 0.2538090136921619,
            "acc": 0.9123
        },
        "179": {
            "loss": 0.2567744904085803,
            "acc": 0.91186
        },
        "180": {
            "loss": 0.25319249503066776,
            "acc": 0.91238
        },
        "181": {
            "loss": 0.25597415477647195,
            "acc": 0.9115
        },
        "182": {
            "loss": 0.25415830256993815,
            "acc": 0.91186
        },
        "183": {
            "loss": 0.25440145615497817,
            "acc": 0.91086
        },
        "184": {
            "loss": 0.25484876313706495,
            "acc": 0.9123
        },
        "185": {
            "loss": 0.25197182022168507,
            "acc": 0.91258
        },
        "186": {
            "loss": 0.25217763351662387,
            "acc": 0.91276
        },
        "187": {
            "loss": 0.2539461102822553,
            "acc": 0.91172
        },
        "188": {
            "loss": 0.24682758125426518,
            "acc": 0.91436
        },
        "189": {
            "loss": 0.24918478584426748,
            "acc": 0.91424
        },
        "190": {
            "loss": 0.2514615536803175,
            "acc": 0.9135
        },
        "191": {
            "loss": 0.2522454693379914,
            "acc": 0.91356
        },
        "192": {
            "loss": 0.250276891205012,
            "acc": 0.91296
        },
        "193": {
            "loss": 0.2489921439944021,
            "acc": 0.91382
        },
        "194": {
            "loss": 0.2505487317166975,
            "acc": 0.91288
        },
        "195": {
            "loss": 0.24708357755371066,
            "acc": 0.91494
        },
        "196": {
            "loss": 0.2506934422094499,
            "acc": 0.91256
        },
        "197": {
            "loss": 0.24732582457839986,
            "acc": 0.91556
        },
        "198": {
            "loss": 0.24830854283955395,
            "acc": 0.91436
        },
        "199": {
            "loss": 0.24635305671054689,
            "acc": 0.91568
        },
        "200": {
            "loss": 0.24493300284037506,
            "acc": 0.91556
        },
        "201": {
            "loss": 0.2480730505855492,
            "acc": 0.91506
        },
        "202": {
            "loss": 0.24496156522227674,
            "acc": 0.91506
        },
        "203": {
            "loss": 0.2500680003820173,
            "acc": 0.91196
        },
        "204": {
            "loss": 0.24605911695743765,
            "acc": 0.91474
        },
        "205": {
            "loss": 0.2456807571527598,
            "acc": 0.91498
        },
        "206": {
            "loss": 0.24302467151218668,
            "acc": 0.91632
        },
        "207": {
            "loss": 0.24618730922717877,
            "acc": 0.9147
        },
        "208": {
            "loss": 0.2454875497638112,
            "acc": 0.91446
        },
        "209": {
            "loss": 0.24239061677547366,
            "acc": 0.916
        },
        "210": {
            "loss": 0.245735564138121,
            "acc": 0.91542
        },
        "211": {
            "loss": 0.2437506985405217,
            "acc": 0.91588
        },
        "212": {
            "loss": 0.2460447925207255,
            "acc": 0.9147
        },
        "213": {
            "loss": 0.24622069701285618,
            "acc": 0.91466
        },
        "214": {
            "loss": 0.24749526528217602,
            "acc": 0.91306
        },
        "215": {
            "loss": 0.248665541886826,
            "acc": 0.91384
        },
        "216": {
            "loss": 0.244429351576149,
            "acc": 0.91502
        },
        "217": {
            "loss": 0.2416164613212161,
            "acc": 0.91612
        },
        "218": {
            "loss": 0.24265368641032586,
            "acc": 0.91642
        },
        "219": {
            "loss": 0.24317844555048687,
            "acc": 0.91554
        },
        "220": {
            "loss": 0.24492190732522998,
            "acc": 0.91526
        },
        "221": {
            "loss": 0.24424624170564935,
            "acc": 0.91562
        },
        "222": {
            "loss": 0.24574127978147448,
            "acc": 0.91594
        },
        "223": {
            "loss": 0.24491049840932003,
            "acc": 0.91482
        },
        "224": {
            "loss": 0.245476304131853,
            "acc": 0.91562
        },
        "225": {
            "loss": 0.24514166326702708,
            "acc": 0.91532
        },
        "226": {
            "loss": 0.24318592953483772,
            "acc": 0.9146
        },
        "227": {
            "loss": 0.24602964183177484,
            "acc": 0.9151
        },
        "228": {
            "loss": 0.24550879599950504,
            "acc": 0.91616
        },
        "229": {
            "loss": 0.24159593043653557,
            "acc": 0.91584
        },
        "230": {
            "loss": 0.2466926271729457,
            "acc": 0.91498
        },
        "231": {
            "loss": 0.24366866768625997,
            "acc": 0.91476
        },
        "232": {
            "loss": 0.2434467294484453,
            "acc": 0.91484
        },
        "233": {
            "loss": 0.24206300434249137,
            "acc": 0.91646
        },
        "234": {
            "loss": 0.2436303881656788,
            "acc": 0.91598
        },
        "235": {
            "loss": 0.24133011851164385,
            "acc": 0.91534
        },
        "236": {
            "loss": 0.24388129239344536,
            "acc": 0.91582
        },
        "237": {
            "loss": 0.2433422489658646,
            "acc": 0.91598
        },
        "238": {
            "loss": 0.24436374445019476,
            "acc": 0.91518
        },
        "239": {
            "loss": 0.24512246696997786,
            "acc": 0.9146
        },
        "240": {
            "loss": 0.24600019702292464,
            "acc": 0.91472
        },
        "241": {
            "loss": 0.2431909221669902,
            "acc": 0.91544
        },
        "242": {
            "loss": 0.2451935232142963,
            "acc": 0.91522
        },
        "243": {
            "loss": 0.24344651547767926,
            "acc": 0.9159
        },
        "244": {
            "loss": 0.24226377732918392,
            "acc": 0.9168
        },
        "245": {
            "loss": 0.24252656313693127,
            "acc": 0.9158
        },
        "246": {
            "loss": 0.24632508462042454,
            "acc": 0.91466
        },
        "247": {
            "loss": 0.24472175654776565,
            "acc": 0.91538
        },
        "248": {
            "loss": 0.2427567520448009,
            "acc": 0.91462
        },
        "249": {
            "loss": 0.24354521516720049,
            "acc": 0.91528
        }
    },
    "test": {
        "0": {
            "loss": 1.636053545475006,
            "acc": 0.414
        },
        "1": {
            "loss": 1.2071320152282714,
            "acc": 0.5777
        },
        "3": {
            "loss": 0.9272447717189789,
            "acc": 0.687
        },
        "5": {
            "loss": 0.9474571049213409,
            "acc": 0.6825
        },
        "7": {
            "loss": 0.8940894889831543,
            "acc": 0.7063
        },
        "9": {
            "loss": 0.8791107749938964,
            "acc": 0.7144
        },
        "11": {
            "loss": 0.911840683221817,
            "acc": 0.7031
        },
        "13": {
            "loss": 0.825565310716629,
            "acc": 0.7353
        },
        "15": {
            "loss": 0.9373213565349579,
            "acc": 0.7082
        },
        "17": {
            "loss": 0.9527958631515503,
            "acc": 0.7143
        },
        "19": {
            "loss": 0.9494059205055236,
            "acc": 0.7082
        },
        "21": {
            "loss": 0.87536985039711,
            "acc": 0.728
        },
        "23": {
            "loss": 1.1764912760257722,
            "acc": 0.6833
        },
        "25": {
            "loss": 1.0050427305698395,
            "acc": 0.6933
        },
        "27": {
            "loss": 0.9538850092887878,
            "acc": 0.7006
        },
        "29": {
            "loss": 1.084132730960846,
            "acc": 0.6652
        },
        "31": {
            "loss": 1.013311893939972,
            "acc": 0.7032
        },
        "33": {
            "loss": 0.9973198366165161,
            "acc": 0.7024
        },
        "35": {
            "loss": 1.0111085081100464,
            "acc": 0.6953
        },
        "37": {
            "loss": 1.0974187755584717,
            "acc": 0.6714
        },
        "39": {
            "loss": 1.1185427141189574,
            "acc": 0.6514
        },
        "41": {
            "loss": 1.0332038986682892,
            "acc": 0.7072
        },
        "43": {
            "loss": 1.0731328332424164,
            "acc": 0.682
        },
        "45": {
            "loss": 1.0300791156291962,
            "acc": 0.6792
        },
        "47": {
            "loss": 1.077409018278122,
            "acc": 0.6673
        },
        "49": {
            "loss": 1.1568495905399323,
            "acc": 0.6847
        },
        "51": {
            "loss": 1.111600775718689,
            "acc": 0.6766
        },
        "53": {
            "loss": 1.0948593401908875,
            "acc": 0.6827
        },
        "55": {
            "loss": 1.1334329235553742,
            "acc": 0.69
        },
        "57": {
            "loss": 1.0845649766921996,
            "acc": 0.6791
        },
        "59": {
            "loss": 1.0770612609386445,
            "acc": 0.6592
        },
        "61": {
            "loss": 1.179496078491211,
            "acc": 0.6738
        },
        "63": {
            "loss": 1.0853950881958008,
            "acc": 0.6941
        },
        "65": {
            "loss": 1.0775952637195587,
            "acc": 0.6809
        },
        "67": {
            "loss": 1.1686499166488646,
            "acc": 0.6763
        },
        "69": {
            "loss": 1.1811436545848846,
            "acc": 0.674
        },
        "71": {
            "loss": 1.089621160030365,
            "acc": 0.6772
        },
        "73": {
            "loss": 1.0343632781505585,
            "acc": 0.6932
        },
        "75": {
            "loss": 1.1712886989116669,
            "acc": 0.6452
        },
        "77": {
            "loss": 1.0878401648998262,
            "acc": 0.6848
        },
        "79": {
            "loss": 1.0552845203876495,
            "acc": 0.6803
        },
        "81": {
            "loss": 1.0713621997833251,
            "acc": 0.6992
        },
        "83": {
            "loss": 1.1073904979228972,
            "acc": 0.704
        },
        "85": {
            "loss": 1.0189196395874023,
            "acc": 0.6928
        },
        "87": {
            "loss": 1.0571253514289856,
            "acc": 0.6842
        },
        "89": {
            "loss": 1.3650237178802491,
            "acc": 0.6409
        },
        "91": {
            "loss": 1.0017042708396913,
            "acc": 0.7091
        },
        "93": {
            "loss": 1.0286281073093415,
            "acc": 0.7035
        },
        "95": {
            "loss": 1.0137466323375701,
            "acc": 0.7166
        },
        "97": {
            "loss": 0.9608854913711548,
            "acc": 0.7219
        },
        "99": {
            "loss": 1.1167849731445312,
            "acc": 0.6978
        },
        "101": {
            "loss": 0.7131274998188019,
            "acc": 0.79
        },
        "103": {
            "loss": 0.683135449886322,
            "acc": 0.7983
        },
        "105": {
            "loss": 0.650713791847229,
            "acc": 0.8069
        },
        "107": {
            "loss": 0.6255612391233444,
            "acc": 0.814
        },
        "109": {
            "loss": 0.6188307082653046,
            "acc": 0.8194
        },
        "111": {
            "loss": 0.6116899925470353,
            "acc": 0.8196
        },
        "113": {
            "loss": 0.5820292854309081,
            "acc": 0.8187
        },
        "115": {
            "loss": 0.5874794274568558,
            "acc": 0.8223
        },
        "117": {
            "loss": 0.5821071946620942,
            "acc": 0.8273
        },
        "119": {
            "loss": 0.5958454489707947,
            "acc": 0.8267
        },
        "121": {
            "loss": 0.5796632069349289,
            "acc": 0.828
        },
        "123": {
            "loss": 0.5768963956832885,
            "acc": 0.8294
        },
        "125": {
            "loss": 0.577039846777916,
            "acc": 0.8296
        },
        "127": {
            "loss": 0.5669947868585586,
            "acc": 0.832
        },
        "129": {
            "loss": 0.5608739024400711,
            "acc": 0.8322
        },
        "131": {
            "loss": 0.5615427702665329,
            "acc": 0.8353
        },
        "133": {
            "loss": 0.5514242082834244,
            "acc": 0.8346
        },
        "135": {
            "loss": 0.5506437981128692,
            "acc": 0.8353
        },
        "137": {
            "loss": 0.553334242105484,
            "acc": 0.8399
        },
        "139": {
            "loss": 0.5613426280021667,
            "acc": 0.8386
        },
        "141": {
            "loss": 0.5550702500343323,
            "acc": 0.839
        },
        "143": {
            "loss": 0.5599567914009094,
            "acc": 0.839
        },
        "145": {
            "loss": 0.5579135954380036,
            "acc": 0.8402
        },
        "147": {
            "loss": 0.5704036182165146,
            "acc": 0.8388
        },
        "149": {
            "loss": 0.5523359090089798,
            "acc": 0.8464
        },
        "151": {
            "loss": 0.5482755213975906,
            "acc": 0.8471
        },
        "153": {
            "loss": 0.5484835064411163,
            "acc": 0.847
        },
        "155": {
            "loss": 0.5476877689361572,
            "acc": 0.846
        },
        "157": {
            "loss": 0.5459484720230102,
            "acc": 0.8468
        },
        "159": {
            "loss": 0.5463889968395234,
            "acc": 0.8479
        },
        "161": {
            "loss": 0.5441947621107102,
            "acc": 0.8486
        },
        "163": {
            "loss": 0.5443280094861984,
            "acc": 0.8485
        },
        "165": {
            "loss": 0.544384315609932,
            "acc": 0.8477
        },
        "167": {
            "loss": 0.547613018155098,
            "acc": 0.8488
        },
        "169": {
            "loss": 0.5451139813661575,
            "acc": 0.8491
        },
        "171": {
            "loss": 0.5433507472276687,
            "acc": 0.8483
        },
        "173": {
            "loss": 0.5414412814378738,
            "acc": 0.8483
        },
        "175": {
            "loss": 0.5448258167505264,
            "acc": 0.849
        },
        "177": {
            "loss": 0.5440725886821747,
            "acc": 0.8483
        },
        "179": {
            "loss": 0.5444708776473999,
            "acc": 0.8479
        },
        "181": {
            "loss": 0.5437779432535171,
            "acc": 0.8481
        },
        "183": {
            "loss": 0.545505895614624,
            "acc": 0.8482
        },
        "185": {
            "loss": 0.5453022426366806,
            "acc": 0.8491
        },
        "187": {
            "loss": 0.5436942791938781,
            "acc": 0.8487
        },
        "189": {
            "loss": 0.54686940908432,
            "acc": 0.8482
        },
        "191": {
            "loss": 0.5432707685232162,
            "acc": 0.8484
        },
        "193": {
            "loss": 0.5462922406196594,
            "acc": 0.8486
        },
        "195": {
            "loss": 0.5447991096973419,
            "acc": 0.8486
        },
        "197": {
            "loss": 0.5448040795326233,
            "acc": 0.8482
        },
        "199": {
            "loss": 0.5468308043479919,
            "acc": 0.8487
        },
        "201": {
            "loss": 0.5455140918493271,
            "acc": 0.8485
        },
        "203": {
            "loss": 0.5449695992469787,
            "acc": 0.8492
        },
        "205": {
            "loss": 0.5442211067676545,
            "acc": 0.8489
        },
        "207": {
            "loss": 0.5444091647863388,
            "acc": 0.8487
        },
        "209": {
            "loss": 0.5447858268022537,
            "acc": 0.8488
        },
        "211": {
            "loss": 0.5446314942836762,
            "acc": 0.849
        },
        "213": {
            "loss": 0.5446167415380478,
            "acc": 0.8495
        },
        "215": {
            "loss": 0.5440993517637253,
            "acc": 0.8494
        },
        "217": {
            "loss": 0.5447911590337753,
            "acc": 0.8486
        },
        "219": {
            "loss": 0.5452842754125595,
            "acc": 0.8488
        },
        "221": {
            "loss": 0.5449952185153961,
            "acc": 0.8481
        },
        "223": {
            "loss": 0.5445021933317185,
            "acc": 0.8484
        },
        "225": {
            "loss": 0.5444459909200668,
            "acc": 0.849
        },
        "227": {
            "loss": 0.5447880184650421,
            "acc": 0.848
        },
        "229": {
            "loss": 0.5450410866737365,
            "acc": 0.8483
        },
        "231": {
            "loss": 0.5449689745903015,
            "acc": 0.8486
        },
        "233": {
            "loss": 0.5448468190431595,
            "acc": 0.8481
        },
        "235": {
            "loss": 0.5451436668634415,
            "acc": 0.8483
        },
        "237": {
            "loss": 0.5456211185455322,
            "acc": 0.8485
        },
        "239": {
            "loss": 0.5449046301841736,
            "acc": 0.8491
        },
        "241": {
            "loss": 0.5452694529294968,
            "acc": 0.848
        },
        "243": {
            "loss": 0.545714390873909,
            "acc": 0.8484
        },
        "245": {
            "loss": 0.5458593767881393,
            "acc": 0.8488
        },
        "247": {
            "loss": 0.5450303471088409,
            "acc": 0.8484
        },
        "249": {
            "loss": 0.5454912304878234,
            "acc": 0.8485
        }
    },
    "best": {
        "best_epoch": 213,
        "best_acc": 84.95
    }
}