{
    "train": {
        "0": {
            "loss": 1.9292896867103284,
            "acc": 0.26428
        },
        "1": {
            "loss": 1.5540987725757882,
            "acc": 0.43062
        },
        "2": {
            "loss": 1.395717068401444,
            "acc": 0.49974
        },
        "3": {
            "loss": 1.3130144117128513,
            "acc": 0.53646
        },
        "4": {
            "loss": 1.2737858027143552,
            "acc": 0.55494
        },
        "5": {
            "loss": 1.2343922441877673,
            "acc": 0.57226
        },
        "6": {
            "loss": 1.2149151019428088,
            "acc": 0.5826
        },
        "7": {
            "loss": 1.1858559296564068,
            "acc": 0.59494
        },
        "8": {
            "loss": 1.180428025515183,
            "acc": 0.5987
        },
        "9": {
            "loss": 1.1713898084352694,
            "acc": 0.6028
        },
        "10": {
            "loss": 1.1682543224081055,
            "acc": 0.60404
        },
        "11": {
            "loss": 1.1547409730494176,
            "acc": 0.60844
        },
        "12": {
            "loss": 1.148114539168375,
            "acc": 0.61354
        },
        "13": {
            "loss": 1.149053231377126,
            "acc": 0.61612
        },
        "14": {
            "loss": 1.1475312711332766,
            "acc": 0.61642
        },
        "15": {
            "loss": 1.1457086886896197,
            "acc": 0.61236
        },
        "16": {
            "loss": 1.1550549544641733,
            "acc": 0.61454
        },
        "17": {
            "loss": 1.1591025613762838,
            "acc": 0.61194
        },
        "18": {
            "loss": 1.1637863925350902,
            "acc": 0.61206
        },
        "19": {
            "loss": 1.150728559250112,
            "acc": 0.61816
        },
        "20": {
            "loss": 1.1670780131579055,
            "acc": 0.61522
        },
        "21": {
            "loss": 1.161197528662279,
            "acc": 0.61656
        },
        "22": {
            "loss": 1.1643105397748825,
            "acc": 0.61582
        },
        "23": {
            "loss": 1.155915353609168,
            "acc": 0.6182
        },
        "24": {
            "loss": 1.1635935503198667,
            "acc": 0.61776
        },
        "25": {
            "loss": 1.1683864523382748,
            "acc": 0.61282
        },
        "26": {
            "loss": 1.1883387248534376,
            "acc": 0.60734
        },
        "27": {
            "loss": 1.1722027747832295,
            "acc": 0.61296
        },
        "28": {
            "loss": 1.1619769040580905,
            "acc": 0.61836
        },
        "29": {
            "loss": 1.169755538558716,
            "acc": 0.61394
        },
        "30": {
            "loss": 1.1609225282278817,
            "acc": 0.61826
        },
        "31": {
            "loss": 1.1683352264906743,
            "acc": 0.6166
        },
        "32": {
            "loss": 1.162128084303473,
            "acc": 0.61958
        },
        "33": {
            "loss": 1.1712666568548784,
            "acc": 0.61758
        },
        "34": {
            "loss": 1.1630260311734035,
            "acc": 0.61922
        },
        "35": {
            "loss": 1.1865531812848338,
            "acc": 0.60906
        },
        "36": {
            "loss": 1.170588556915293,
            "acc": 0.61718
        },
        "37": {
            "loss": 1.1620983946353882,
            "acc": 0.62036
        },
        "38": {
            "loss": 1.1649559472527955,
            "acc": 0.61818
        },
        "39": {
            "loss": 1.1604261338863227,
            "acc": 0.62126
        },
        "40": {
            "loss": 1.1704622747952982,
            "acc": 0.61522
        },
        "41": {
            "loss": 1.1738585314482375,
            "acc": 0.61978
        },
        "42": {
            "loss": 1.1582055790040193,
            "acc": 0.62124
        },
        "43": {
            "loss": 1.1556474051207228,
            "acc": 0.62176
        },
        "44": {
            "loss": 1.1527010705464942,
            "acc": 0.62586
        },
        "45": {
            "loss": 1.1550570040407693,
            "acc": 0.6232
        },
        "46": {
            "loss": 1.1552854986751782,
            "acc": 0.62372
        },
        "47": {
            "loss": 1.154526369498514,
            "acc": 0.62606
        },
        "48": {
            "loss": 1.1503654729069956,
            "acc": 0.62166
        },
        "49": {
            "loss": 1.148280987196871,
            "acc": 0.6237
        },
        "50": {
            "loss": 1.1406708288070795,
            "acc": 0.62926
        },
        "51": {
            "loss": 1.1318863302545474,
            "acc": 0.632
        },
        "52": {
            "loss": 1.1452356496125535,
            "acc": 0.62822
        },
        "53": {
            "loss": 1.1449282875146403,
            "acc": 0.62636
        },
        "54": {
            "loss": 1.135037019582051,
            "acc": 0.63036
        },
        "55": {
            "loss": 1.1352672508305601,
            "acc": 0.6312
        },
        "56": {
            "loss": 1.1424356450510147,
            "acc": 0.6286
        },
        "57": {
            "loss": 1.1375748176708855,
            "acc": 0.6287
        },
        "58": {
            "loss": 1.1501932162458024,
            "acc": 0.62358
        },
        "59": {
            "loss": 1.1372158464873234,
            "acc": 0.63036
        },
        "60": {
            "loss": 1.1285194015259024,
            "acc": 0.63306
        },
        "61": {
            "loss": 1.1305497575294026,
            "acc": 0.63212
        },
        "62": {
            "loss": 1.1320607451831592,
            "acc": 0.63384
        },
        "63": {
            "loss": 1.1149751010453304,
            "acc": 0.63564
        },
        "64": {
            "loss": 1.1263006649663687,
            "acc": 0.63106
        },
        "65": {
            "loss": 1.1226979231895389,
            "acc": 0.63394
        },
        "66": {
            "loss": 1.1255158039614976,
            "acc": 0.63362
        },
        "67": {
            "loss": 1.1300203019700696,
            "acc": 0.63218
        },
        "68": {
            "loss": 1.1448741004899945,
            "acc": 0.6259
        },
        "69": {
            "loss": 1.1213584926427174,
            "acc": 0.63634
        },
        "70": {
            "loss": 1.1220581758662562,
            "acc": 0.63316
        },
        "71": {
            "loss": 1.1259328061357483,
            "acc": 0.63542
        },
        "72": {
            "loss": 1.1186240388609259,
            "acc": 0.6407
        },
        "73": {
            "loss": 1.1238741774083403,
            "acc": 0.6363
        },
        "74": {
            "loss": 1.1215738584013546,
            "acc": 0.63298
        },
        "75": {
            "loss": 1.1252480399273241,
            "acc": 0.63444
        },
        "76": {
            "loss": 1.131256729440616,
            "acc": 0.63338
        },
        "77": {
            "loss": 1.1276994275924799,
            "acc": 0.63664
        },
        "78": {
            "loss": 1.1241650171292104,
            "acc": 0.63368
        },
        "79": {
            "loss": 1.122649169486502,
            "acc": 0.63654
        },
        "80": {
            "loss": 1.125057584184515,
            "acc": 0.63468
        },
        "81": {
            "loss": 1.1072480975819365,
            "acc": 0.63802
        },
        "82": {
            "loss": 1.1178360489933081,
            "acc": 0.63558
        },
        "83": {
            "loss": 1.1174765203310095,
            "acc": 0.6345
        },
        "84": {
            "loss": 1.114311715221161,
            "acc": 0.64014
        },
        "85": {
            "loss": 1.1203057243086187,
            "acc": 0.636
        },
        "86": {
            "loss": 1.1315333041388664,
            "acc": 0.63404
        },
        "87": {
            "loss": 1.1183857739429035,
            "acc": 0.63568
        },
        "88": {
            "loss": 1.1272800785806172,
            "acc": 0.63558
        },
        "89": {
            "loss": 1.1242671108916593,
            "acc": 0.6365
        },
        "90": {
            "loss": 1.1106268039444829,
            "acc": 0.63882
        },
        "91": {
            "loss": 1.1141990917113127,
            "acc": 0.63962
        },
        "92": {
            "loss": 1.1063947762979571,
            "acc": 0.64312
        },
        "93": {
            "loss": 1.11136173576955,
            "acc": 0.64084
        },
        "94": {
            "loss": 1.1092579320568563,
            "acc": 0.63876
        },
        "95": {
            "loss": 1.1067980962336217,
            "acc": 0.64278
        },
        "96": {
            "loss": 1.1065304203106618,
            "acc": 0.64078
        },
        "97": {
            "loss": 1.0985461258522384,
            "acc": 0.64444
        },
        "98": {
            "loss": 1.1107126029251178,
            "acc": 0.64022
        },
        "99": {
            "loss": 1.0994649989830563,
            "acc": 0.6425
        },
        "100": {
            "loss": 0.8964904063497968,
            "acc": 0.70496
        },
        "101": {
            "loss": 0.8295109593654837,
            "acc": 0.72246
        },
        "102": {
            "loss": 0.8003881823681199,
            "acc": 0.73052
        },
        "103": {
            "loss": 0.786401143464286,
            "acc": 0.73168
        },
        "104": {
            "loss": 0.7707623795170309,
            "acc": 0.73984
        },
        "105": {
            "loss": 0.7556424006781615,
            "acc": 0.74138
        },
        "106": {
            "loss": 0.7448006170180143,
            "acc": 0.74664
        },
        "107": {
            "loss": 0.7346515030507237,
            "acc": 0.74906
        },
        "108": {
            "loss": 0.7228618861006959,
            "acc": 0.75158
        },
        "109": {
            "loss": 0.7167886116010759,
            "acc": 0.7547
        },
        "110": {
            "loss": 0.7071729114903208,
            "acc": 0.75876
        },
        "111": {
            "loss": 0.7009204795293491,
            "acc": 0.75984
        },
        "112": {
            "loss": 0.6925369520931293,
            "acc": 0.76106
        },
        "113": {
            "loss": 0.6874481507426943,
            "acc": 0.76056
        },
        "114": {
            "loss": 0.6830809027947429,
            "acc": 0.76344
        },
        "115": {
            "loss": 0.67392299958812,
            "acc": 0.76654
        },
        "116": {
            "loss": 0.6681785506513113,
            "acc": 0.76892
        },
        "117": {
            "loss": 0.6619559840473068,
            "acc": 0.77176
        },
        "118": {
            "loss": 0.6572873270725046,
            "acc": 0.77142
        },
        "119": {
            "loss": 0.6447614531992646,
            "acc": 0.77406
        },
        "120": {
            "loss": 0.6448689287580798,
            "acc": 0.7755
        },
        "121": {
            "loss": 0.6404620726090258,
            "acc": 0.77454
        },
        "122": {
            "loss": 0.6340269277925077,
            "acc": 0.77708
        },
        "123": {
            "loss": 0.6296253479502695,
            "acc": 0.77948
        },
        "124": {
            "loss": 0.6233229033477471,
            "acc": 0.78156
        },
        "125": {
            "loss": 0.6144424300364522,
            "acc": 0.7857
        },
        "126": {
            "loss": 0.6094023632576399,
            "acc": 0.78702
        },
        "127": {
            "loss": 0.6087109184326114,
            "acc": 0.78436
        },
        "128": {
            "loss": 0.6067909614356888,
            "acc": 0.78606
        },
        "129": {
            "loss": 0.5956435291968343,
            "acc": 0.79128
        },
        "130": {
            "loss": 0.5967244111820865,
            "acc": 0.79184
        },
        "131": {
            "loss": 0.5862630105689358,
            "acc": 0.79282
        },
        "132": {
            "loss": 0.5787883695891446,
            "acc": 0.79554
        },
        "133": {
            "loss": 0.5787488536913986,
            "acc": 0.79516
        },
        "134": {
            "loss": 0.5744552396599899,
            "acc": 0.79996
        },
        "135": {
            "loss": 0.5710792860868946,
            "acc": 0.79822
        },
        "136": {
            "loss": 0.5636490280061122,
            "acc": 0.80106
        },
        "137": {
            "loss": 0.5620354837773706,
            "acc": 0.80258
        },
        "138": {
            "loss": 0.5508690979474645,
            "acc": 0.80396
        },
        "139": {
            "loss": 0.5487830544371739,
            "acc": 0.8062
        },
        "140": {
            "loss": 0.5488277201152518,
            "acc": 0.80664
        },
        "141": {
            "loss": 0.5410323083553168,
            "acc": 0.80964
        },
        "142": {
            "loss": 0.5337311143003156,
            "acc": 0.81118
        },
        "143": {
            "loss": 0.5290315445426785,
            "acc": 0.81102
        },
        "144": {
            "loss": 0.5260103910475435,
            "acc": 0.81264
        },
        "145": {
            "loss": 0.5236218525930438,
            "acc": 0.81182
        },
        "146": {
            "loss": 0.5173931880222867,
            "acc": 0.81728
        },
        "147": {
            "loss": 0.5134504453452957,
            "acc": 0.81614
        },
        "148": {
            "loss": 0.5119997143288098,
            "acc": 0.81838
        },
        "149": {
            "loss": 0.5026894255977152,
            "acc": 0.82172
        },
        "150": {
            "loss": 0.47555787613629685,
            "acc": 0.83098
        },
        "151": {
            "loss": 0.46678286562185456,
            "acc": 0.83356
        },
        "152": {
            "loss": 0.4561674684819663,
            "acc": 0.83618
        },
        "153": {
            "loss": 0.4562698086661756,
            "acc": 0.83686
        },
        "154": {
            "loss": 0.4581921782792377,
            "acc": 0.83546
        },
        "155": {
            "loss": 0.4531899761513371,
            "acc": 0.83906
        },
        "156": {
            "loss": 0.4501971946195568,
            "acc": 0.83858
        },
        "157": {
            "loss": 0.44945563760864765,
            "acc": 0.8394
        },
        "158": {
            "loss": 0.4468677094220505,
            "acc": 0.8406
        },
        "159": {
            "loss": 0.44055301187288426,
            "acc": 0.84074
        },
        "160": {
            "loss": 0.44577044477243255,
            "acc": 0.8386
        },
        "161": {
            "loss": 0.44740073714414824,
            "acc": 0.84046
        },
        "162": {
            "loss": 0.43806289868129183,
            "acc": 0.84292
        },
        "163": {
            "loss": 0.4383260490720534,
            "acc": 0.84296
        },
        "164": {
            "loss": 0.4396145044232878,
            "acc": 0.84172
        },
        "165": {
            "loss": 0.43979788314351037,
            "acc": 0.84046
        },
        "166": {
            "loss": 0.43391379397695934,
            "acc": 0.846
        },
        "167": {
            "loss": 0.43126261866915866,
            "acc": 0.84476
        },
        "168": {
            "loss": 0.43189717314737225,
            "acc": 0.84638
        },
        "169": {
            "loss": 0.428856957179811,
            "acc": 0.84716
        },
        "170": {
            "loss": 0.42782827342867547,
            "acc": 0.84678
        },
        "171": {
            "loss": 0.427508326518871,
            "acc": 0.84572
        },
        "172": {
            "loss": 0.4263243969825223,
            "acc": 0.84812
        },
        "173": {
            "loss": 0.4255264688788168,
            "acc": 0.84706
        },
        "174": {
            "loss": 0.42827812812822247,
            "acc": 0.84528
        },
        "175": {
            "loss": 0.4242015424210702,
            "acc": 0.84956
        },
        "176": {
            "loss": 0.4259879704936386,
            "acc": 0.8461
        },
        "177": {
            "loss": 0.42441681248452656,
            "acc": 0.84824
        },
        "178": {
            "loss": 0.41916073290893185,
            "acc": 0.84966
        },
        "179": {
            "loss": 0.4181880937589099,
            "acc": 0.85054
        },
        "180": {
            "loss": 0.4181846767054189,
            "acc": 0.8478
        },
        "181": {
            "loss": 0.41976967545421534,
            "acc": 0.8487
        },
        "182": {
            "loss": 0.41737501494719853,
            "acc": 0.84982
        },
        "183": {
            "loss": 0.4153310657309754,
            "acc": 0.84994
        },
        "184": {
            "loss": 0.41852641414345987,
            "acc": 0.848
        },
        "185": {
            "loss": 0.410882511292882,
            "acc": 0.85286
        },
        "186": {
            "loss": 0.4096936402875749,
            "acc": 0.85316
        },
        "187": {
            "loss": 0.41169901439905776,
            "acc": 0.85224
        },
        "188": {
            "loss": 0.4107899252715928,
            "acc": 0.8503
        },
        "189": {
            "loss": 0.40927799861601855,
            "acc": 0.8538
        },
        "190": {
            "loss": 0.41555439267317046,
            "acc": 0.85092
        },
        "191": {
            "loss": 0.40720881315905727,
            "acc": 0.85334
        },
        "192": {
            "loss": 0.4077591332023406,
            "acc": 0.85264
        },
        "193": {
            "loss": 0.40428510392108535,
            "acc": 0.85626
        },
        "194": {
            "loss": 0.40360558082533005,
            "acc": 0.85498
        },
        "195": {
            "loss": 0.3955730537852973,
            "acc": 0.85684
        },
        "196": {
            "loss": 0.40374269871912954,
            "acc": 0.85328
        },
        "197": {
            "loss": 0.3967471876565148,
            "acc": 0.85728
        },
        "198": {
            "loss": 0.4013221476541456,
            "acc": 0.85648
        },
        "199": {
            "loss": 0.3994190991687043,
            "acc": 0.8563
        },
        "200": {
            "loss": 0.39527499873924743,
            "acc": 0.85648
        },
        "201": {
            "loss": 0.391752896063468,
            "acc": 0.86022
        },
        "202": {
            "loss": 0.39142743229408705,
            "acc": 0.85834
        },
        "203": {
            "loss": 0.39131453820049306,
            "acc": 0.86034
        },
        "204": {
            "loss": 0.39013890739139695,
            "acc": 0.85928
        },
        "205": {
            "loss": 0.38507903403485827,
            "acc": 0.86068
        },
        "206": {
            "loss": 0.3864301908808901,
            "acc": 0.8615
        },
        "207": {
            "loss": 0.38880862036476965,
            "acc": 0.86084
        },
        "208": {
            "loss": 0.391095421007832,
            "acc": 0.8608
        },
        "209": {
            "loss": 0.39144867769135233,
            "acc": 0.85914
        },
        "210": {
            "loss": 0.39169253264089376,
            "acc": 0.8606
        },
        "211": {
            "loss": 0.39143155961085463,
            "acc": 0.85882
        },
        "212": {
            "loss": 0.39220191385892345,
            "acc": 0.85842
        },
        "213": {
            "loss": 0.3892904834064376,
            "acc": 0.86026
        },
        "214": {
            "loss": 0.391436068222041,
            "acc": 0.85848
        },
        "215": {
            "loss": 0.3923901325601446,
            "acc": 0.8593
        },
        "216": {
            "loss": 0.38784314067010073,
            "acc": 0.8598
        },
        "217": {
            "loss": 0.38979810689721267,
            "acc": 0.85956
        },
        "218": {
            "loss": 0.3892297242837184,
            "acc": 0.85998
        },
        "219": {
            "loss": 0.3897172105129418,
            "acc": 0.86018
        },
        "220": {
            "loss": 0.38653457423915033,
            "acc": 0.86184
        },
        "221": {
            "loss": 0.38788872892441956,
            "acc": 0.86104
        },
        "222": {
            "loss": 0.38915658782205315,
            "acc": 0.8608
        },
        "223": {
            "loss": 0.39046034605606744,
            "acc": 0.8585
        },
        "224": {
            "loss": 0.38537518009352867,
            "acc": 0.85964
        },
        "225": {
            "loss": 0.3836532311747446,
            "acc": 0.86304
        },
        "226": {
            "loss": 0.3885696488420677,
            "acc": 0.8589
        },
        "227": {
            "loss": 0.3831946449282834,
            "acc": 0.86286
        },
        "228": {
            "loss": 0.3869786227831755,
            "acc": 0.8601
        },
        "229": {
            "loss": 0.3896955359927224,
            "acc": 0.86
        },
        "230": {
            "loss": 0.38711560980590715,
            "acc": 0.86064
        },
        "231": {
            "loss": 0.38816218344909154,
            "acc": 0.86114
        },
        "232": {
            "loss": 0.3824589239514392,
            "acc": 0.86326
        },
        "233": {
            "loss": 0.388778838050335,
            "acc": 0.8597
        },
        "234": {
            "loss": 0.3856815010537882,
            "acc": 0.86204
        },
        "235": {
            "loss": 0.38287651374974213,
            "acc": 0.86256
        },
        "236": {
            "loss": 0.3901648537429702,
            "acc": 0.8585
        },
        "237": {
            "loss": 0.3835988976537724,
            "acc": 0.86048
        },
        "238": {
            "loss": 0.38658200177695135,
            "acc": 0.86188
        },
        "239": {
            "loss": 0.3859673690079423,
            "acc": 0.86204
        },
        "240": {
            "loss": 0.38675666080258997,
            "acc": 0.86138
        },
        "241": {
            "loss": 0.38501901326277066,
            "acc": 0.8609
        },
        "242": {
            "loss": 0.38607420210185867,
            "acc": 0.86112
        },
        "243": {
            "loss": 0.3871677607450339,
            "acc": 0.8597
        },
        "244": {
            "loss": 0.3869401948607486,
            "acc": 0.86136
        },
        "245": {
            "loss": 0.38546363994136185,
            "acc": 0.86126
        },
        "246": {
            "loss": 0.3811046506666466,
            "acc": 0.8626
        },
        "247": {
            "loss": 0.3836041916438076,
            "acc": 0.86268
        },
        "248": {
            "loss": 0.38254123910918564,
            "acc": 0.86184
        },
        "249": {
            "loss": 0.38582252537655404,
            "acc": 0.86118
        }
    },
    "test": {
        "0": {
            "loss": 1.6265959119796753,
            "acc": 0.4035
        },
        "1": {
            "loss": 1.4369596886634826,
            "acc": 0.4779
        },
        "3": {
            "loss": 1.2678922462463378,
            "acc": 0.5611
        },
        "5": {
            "loss": 1.192118945121765,
            "acc": 0.5882
        },
        "7": {
            "loss": 1.1856360530853272,
            "acc": 0.6044
        },
        "9": {
            "loss": 1.1683957767486572,
            "acc": 0.6
        },
        "11": {
            "loss": 1.1334036815166473,
            "acc": 0.6214
        },
        "13": {
            "loss": 1.1644343423843384,
            "acc": 0.6162
        },
        "15": {
            "loss": 1.115966647863388,
            "acc": 0.6237
        },
        "17": {
            "loss": 1.123573626279831,
            "acc": 0.628
        },
        "19": {
            "loss": 1.126004798412323,
            "acc": 0.6115
        },
        "21": {
            "loss": 1.129051696062088,
            "acc": 0.6224
        },
        "23": {
            "loss": 1.1696219563484191,
            "acc": 0.6101
        },
        "25": {
            "loss": 1.1065899538993835,
            "acc": 0.6402
        },
        "27": {
            "loss": 1.2465098476409913,
            "acc": 0.5891
        },
        "29": {
            "loss": 1.1634030210971833,
            "acc": 0.6187
        },
        "31": {
            "loss": 1.1623920714855194,
            "acc": 0.6201
        },
        "33": {
            "loss": 1.1296160805225373,
            "acc": 0.6354
        },
        "35": {
            "loss": 1.1244626307487489,
            "acc": 0.6322
        },
        "37": {
            "loss": 1.1728012669086456,
            "acc": 0.6215
        },
        "39": {
            "loss": 1.2299409556388854,
            "acc": 0.6077
        },
        "41": {
            "loss": 1.1516220438480378,
            "acc": 0.6341
        },
        "43": {
            "loss": 1.1208613860607146,
            "acc": 0.6406
        },
        "45": {
            "loss": 1.1796883606910706,
            "acc": 0.6216
        },
        "47": {
            "loss": 1.1165782761573793,
            "acc": 0.6355
        },
        "49": {
            "loss": 1.0995987713336945,
            "acc": 0.6403
        },
        "51": {
            "loss": 1.1540630841255188,
            "acc": 0.6453
        },
        "53": {
            "loss": 1.138102204799652,
            "acc": 0.6244
        },
        "55": {
            "loss": 1.1150483310222625,
            "acc": 0.6339
        },
        "57": {
            "loss": 1.1736988949775695,
            "acc": 0.608
        },
        "59": {
            "loss": 1.1721044313907623,
            "acc": 0.6254
        },
        "61": {
            "loss": 1.0884093153476715,
            "acc": 0.6523
        },
        "63": {
            "loss": 1.1595286619663239,
            "acc": 0.6262
        },
        "65": {
            "loss": 1.1130052268505097,
            "acc": 0.6396
        },
        "67": {
            "loss": 1.1363789093494416,
            "acc": 0.6388
        },
        "69": {
            "loss": 1.1862465488910674,
            "acc": 0.6429
        },
        "71": {
            "loss": 1.1032817029953004,
            "acc": 0.6466
        },
        "73": {
            "loss": 1.1396748900413514,
            "acc": 0.6334
        },
        "75": {
            "loss": 1.1538646996021271,
            "acc": 0.638
        },
        "77": {
            "loss": 1.1622202229499816,
            "acc": 0.6277
        },
        "79": {
            "loss": 1.1168811178207398,
            "acc": 0.6236
        },
        "81": {
            "loss": 1.1571474301815032,
            "acc": 0.6272
        },
        "83": {
            "loss": 1.0908777558803557,
            "acc": 0.6506
        },
        "85": {
            "loss": 1.1991191506385803,
            "acc": 0.6319
        },
        "87": {
            "loss": 1.0621065151691438,
            "acc": 0.6593
        },
        "89": {
            "loss": 1.0953893733024598,
            "acc": 0.6462
        },
        "91": {
            "loss": 1.1716182732582092,
            "acc": 0.6182
        },
        "93": {
            "loss": 1.0532307028770447,
            "acc": 0.6575
        },
        "95": {
            "loss": 1.1291394174098968,
            "acc": 0.6484
        },
        "97": {
            "loss": 1.105244538784027,
            "acc": 0.6476
        },
        "99": {
            "loss": 1.0773074424266815,
            "acc": 0.6521
        },
        "101": {
            "loss": 0.8478459441661834,
            "acc": 0.7186
        },
        "103": {
            "loss": 0.8204439651966094,
            "acc": 0.7268
        },
        "105": {
            "loss": 0.813359626531601,
            "acc": 0.7258
        },
        "107": {
            "loss": 0.7968368339538574,
            "acc": 0.7317
        },
        "109": {
            "loss": 0.7804410433769227,
            "acc": 0.7345
        },
        "111": {
            "loss": 0.7765445017814636,
            "acc": 0.7371
        },
        "113": {
            "loss": 0.7759308910369873,
            "acc": 0.7358
        },
        "115": {
            "loss": 0.7603401494026184,
            "acc": 0.7413
        },
        "117": {
            "loss": 0.7628129887580871,
            "acc": 0.7416
        },
        "119": {
            "loss": 0.7530912315845489,
            "acc": 0.7414
        },
        "121": {
            "loss": 0.7428144907951355,
            "acc": 0.7437
        },
        "123": {
            "loss": 0.7415325176715851,
            "acc": 0.7491
        },
        "125": {
            "loss": 0.742011102437973,
            "acc": 0.7507
        },
        "127": {
            "loss": 0.7329869914054871,
            "acc": 0.7534
        },
        "129": {
            "loss": 0.7303071784973144,
            "acc": 0.753
        },
        "131": {
            "loss": 0.7324174177646637,
            "acc": 0.7531
        },
        "133": {
            "loss": 0.7210480034351349,
            "acc": 0.758
        },
        "135": {
            "loss": 0.7205552196502686,
            "acc": 0.7565
        },
        "137": {
            "loss": 0.7350803792476654,
            "acc": 0.7557
        },
        "139": {
            "loss": 0.7389677131175995,
            "acc": 0.7548
        },
        "141": {
            "loss": 0.7291173529624939,
            "acc": 0.7569
        },
        "143": {
            "loss": 0.7338111674785615,
            "acc": 0.7541
        },
        "145": {
            "loss": 0.7307882177829742,
            "acc": 0.7568
        },
        "147": {
            "loss": 0.7416694700717926,
            "acc": 0.7573
        },
        "149": {
            "loss": 0.7329332208633423,
            "acc": 0.7611
        },
        "151": {
            "loss": 0.7195267498493194,
            "acc": 0.765
        },
        "153": {
            "loss": 0.7239937305450439,
            "acc": 0.7643
        },
        "155": {
            "loss": 0.7230299019813538,
            "acc": 0.7637
        },
        "157": {
            "loss": 0.7215418076515198,
            "acc": 0.7644
        },
        "159": {
            "loss": 0.7247959637641906,
            "acc": 0.7644
        },
        "161": {
            "loss": 0.7243399429321289,
            "acc": 0.7658
        },
        "163": {
            "loss": 0.7275906908512115,
            "acc": 0.7651
        },
        "165": {
            "loss": 0.7285890316963196,
            "acc": 0.7644
        },
        "167": {
            "loss": 0.7320652186870575,
            "acc": 0.7668
        },
        "169": {
            "loss": 0.7287954306602478,
            "acc": 0.7677
        },
        "171": {
            "loss": 0.7315305721759796,
            "acc": 0.7673
        },
        "173": {
            "loss": 0.7362029886245728,
            "acc": 0.7655
        },
        "175": {
            "loss": 0.731291710138321,
            "acc": 0.7665
        },
        "177": {
            "loss": 0.7346722102165222,
            "acc": 0.7634
        },
        "179": {
            "loss": 0.7355720114707947,
            "acc": 0.7674
        },
        "181": {
            "loss": 0.739048113822937,
            "acc": 0.7659
        },
        "183": {
            "loss": 0.7394382238388062,
            "acc": 0.7624
        },
        "185": {
            "loss": 0.7401422917842865,
            "acc": 0.7634
        },
        "187": {
            "loss": 0.7418429505825043,
            "acc": 0.7656
        },
        "189": {
            "loss": 0.7444425129890442,
            "acc": 0.7633
        },
        "191": {
            "loss": 0.7440137803554535,
            "acc": 0.765
        },
        "193": {
            "loss": 0.7441057562828064,
            "acc": 0.7648
        },
        "195": {
            "loss": 0.7504269361495972,
            "acc": 0.766
        },
        "197": {
            "loss": 0.7480547475814819,
            "acc": 0.7652
        },
        "199": {
            "loss": 0.7499201798439026,
            "acc": 0.7635
        },
        "201": {
            "loss": 0.7495034015178681,
            "acc": 0.7652
        },
        "203": {
            "loss": 0.7495405626296997,
            "acc": 0.7654
        },
        "205": {
            "loss": 0.7496381866931915,
            "acc": 0.7655
        },
        "207": {
            "loss": 0.7500615417957306,
            "acc": 0.7643
        },
        "209": {
            "loss": 0.7498364233970642,
            "acc": 0.7649
        },
        "211": {
            "loss": 0.7505924081802369,
            "acc": 0.7654
        },
        "213": {
            "loss": 0.7504893100261688,
            "acc": 0.7645
        },
        "215": {
            "loss": 0.7507416105270386,
            "acc": 0.7646
        },
        "217": {
            "loss": 0.7511397576332093,
            "acc": 0.7651
        },
        "219": {
            "loss": 0.7510445749759674,
            "acc": 0.7653
        },
        "221": {
            "loss": 0.7515790212154388,
            "acc": 0.7643
        },
        "223": {
            "loss": 0.7515121364593506,
            "acc": 0.7649
        },
        "225": {
            "loss": 0.7522497880458832,
            "acc": 0.7652
        },
        "227": {
            "loss": 0.7517602682113648,
            "acc": 0.765
        },
        "229": {
            "loss": 0.7524237906932831,
            "acc": 0.7652
        },
        "231": {
            "loss": 0.7526519000530243,
            "acc": 0.7643
        },
        "233": {
            "loss": 0.7522070062160492,
            "acc": 0.7646
        },
        "235": {
            "loss": 0.7523697352409363,
            "acc": 0.7657
        },
        "237": {
            "loss": 0.752641327381134,
            "acc": 0.7649
        },
        "239": {
            "loss": 0.7516545188426972,
            "acc": 0.7663
        },
        "241": {
            "loss": 0.7524155509471894,
            "acc": 0.7651
        },
        "243": {
            "loss": 0.7527521336078644,
            "acc": 0.7655
        },
        "245": {
            "loss": 0.7528547263145446,
            "acc": 0.7649
        },
        "247": {
            "loss": 0.7530797576904297,
            "acc": 0.7655
        },
        "249": {
            "loss": 0.753491427898407,
            "acc": 0.7663
        }
    },
    "info": {
        "best_epoch": 169,
        "best_acc": 76.77,
        "n_params": 3933002
    }
}