{
    "train": {
        "0": {
            "loss": 1.851356000241721,
            "acc": 0.30402
        },
        "1": {
            "loss": 1.5390210246186122,
            "acc": 0.44458
        },
        "2": {
            "loss": 1.4312570912148945,
            "acc": 0.4907
        },
        "3": {
            "loss": 1.3662521927557942,
            "acc": 0.51546
        },
        "4": {
            "loss": 1.3334006004016419,
            "acc": 0.53208
        },
        "5": {
            "loss": 1.3136545038589127,
            "acc": 0.54434
        },
        "6": {
            "loss": 1.3022480623801347,
            "acc": 0.5515
        },
        "7": {
            "loss": 1.3090463520011024,
            "acc": 0.55004
        },
        "8": {
            "loss": 1.301332601500899,
            "acc": 0.55324
        },
        "9": {
            "loss": 1.3161204088374476,
            "acc": 0.5518
        },
        "10": {
            "loss": 1.3223814191415793,
            "acc": 0.5479
        },
        "11": {
            "loss": 1.345903049649485,
            "acc": 0.54334
        },
        "12": {
            "loss": 1.3582780452640466,
            "acc": 0.54054
        },
        "13": {
            "loss": 1.3591313206631204,
            "acc": 0.53934
        },
        "14": {
            "loss": 1.3795560769107946,
            "acc": 0.53332
        },
        "15": {
            "loss": 1.3894690788920274,
            "acc": 0.53428
        },
        "16": {
            "loss": 1.376236645157075,
            "acc": 0.53762
        },
        "17": {
            "loss": 1.4011112646678525,
            "acc": 0.52728
        },
        "18": {
            "loss": 1.4190777229226155,
            "acc": 0.5231
        },
        "19": {
            "loss": 1.408850885413187,
            "acc": 0.52684
        },
        "20": {
            "loss": 1.412082154732531,
            "acc": 0.52648
        },
        "21": {
            "loss": 1.4468226676706768,
            "acc": 0.5127
        },
        "22": {
            "loss": 1.4228779181190159,
            "acc": 0.52388
        },
        "23": {
            "loss": 1.451342612886063,
            "acc": 0.51796
        },
        "24": {
            "loss": 1.4393557273518398,
            "acc": 0.51906
        },
        "25": {
            "loss": 1.4318031502501738,
            "acc": 0.52186
        },
        "26": {
            "loss": 1.4458298780729093,
            "acc": 0.51938
        },
        "27": {
            "loss": 1.448300430841763,
            "acc": 0.51964
        },
        "28": {
            "loss": 1.4658320712311494,
            "acc": 0.5088
        },
        "29": {
            "loss": 1.4821201770201973,
            "acc": 0.50606
        },
        "30": {
            "loss": 1.46292936466539,
            "acc": 0.50972
        },
        "31": {
            "loss": 1.4444308692537,
            "acc": 0.51366
        },
        "32": {
            "loss": 1.4856572151184082,
            "acc": 0.50196
        },
        "33": {
            "loss": 1.4643792566436027,
            "acc": 0.50892
        },
        "34": {
            "loss": 1.4267120873531722,
            "acc": 0.5267
        },
        "35": {
            "loss": 1.4460783730382505,
            "acc": 0.51654
        },
        "36": {
            "loss": 1.4375606479547214,
            "acc": 0.51796
        },
        "37": {
            "loss": 1.4215033255574647,
            "acc": 0.52398
        },
        "38": {
            "loss": 1.4340164938851085,
            "acc": 0.52158
        },
        "39": {
            "loss": 1.410437040011901,
            "acc": 0.53002
        },
        "40": {
            "loss": 1.4131903514227904,
            "acc": 0.53184
        },
        "41": {
            "loss": 1.4302639391111291,
            "acc": 0.52636
        },
        "42": {
            "loss": 1.4349582347723528,
            "acc": 0.52344
        },
        "43": {
            "loss": 1.4457157865509658,
            "acc": 0.51886
        },
        "44": {
            "loss": 1.4132153814101158,
            "acc": 0.5285
        },
        "45": {
            "loss": 1.4153399089413226,
            "acc": 0.52866
        },
        "46": {
            "loss": 1.395761241998209,
            "acc": 0.53752
        },
        "47": {
            "loss": 1.4128992350205132,
            "acc": 0.5315
        },
        "48": {
            "loss": 1.4143509520289232,
            "acc": 0.5292
        },
        "49": {
            "loss": 1.4020216681463333,
            "acc": 0.5365
        },
        "50": {
            "loss": 1.428928610918772,
            "acc": 0.52684
        },
        "51": {
            "loss": 1.4207857581965453,
            "acc": 0.52896
        },
        "52": {
            "loss": 1.4079095692280919,
            "acc": 0.53426
        },
        "53": {
            "loss": 1.411731158985811,
            "acc": 0.52764
        },
        "54": {
            "loss": 1.4377172026792755,
            "acc": 0.51768
        },
        "55": {
            "loss": 1.4342929448008233,
            "acc": 0.523
        },
        "56": {
            "loss": 1.4165470795253354,
            "acc": 0.52886
        },
        "57": {
            "loss": 1.4177738912879962,
            "acc": 0.52462
        },
        "58": {
            "loss": 1.430574065584051,
            "acc": 0.52282
        },
        "59": {
            "loss": 1.427979426005917,
            "acc": 0.52238
        },
        "60": {
            "loss": 1.4171778549013845,
            "acc": 0.52672
        },
        "61": {
            "loss": 1.3871758380509398,
            "acc": 0.54218
        },
        "62": {
            "loss": 1.4072633350596708,
            "acc": 0.53212
        },
        "63": {
            "loss": 1.3988102692777238,
            "acc": 0.53472
        },
        "64": {
            "loss": 1.40124456626375,
            "acc": 0.53726
        },
        "65": {
            "loss": 1.4153494606237582,
            "acc": 0.53134
        },
        "66": {
            "loss": 1.4170748403919933,
            "acc": 0.52662
        },
        "67": {
            "loss": 1.3943433395736968,
            "acc": 0.53596
        },
        "68": {
            "loss": 1.4062281264673413,
            "acc": 0.53114
        },
        "69": {
            "loss": 1.4055683701239583,
            "acc": 0.52978
        },
        "70": {
            "loss": 1.4136719914043652,
            "acc": 0.52808
        },
        "71": {
            "loss": 1.3819141064763374,
            "acc": 0.54228
        },
        "72": {
            "loss": 1.3857128824419378,
            "acc": 0.53978
        },
        "73": {
            "loss": 1.398735822923958,
            "acc": 0.53708
        },
        "74": {
            "loss": 1.3890972448431926,
            "acc": 0.54202
        },
        "75": {
            "loss": 1.376496858304114,
            "acc": 0.5477
        },
        "76": {
            "loss": 1.3845417276977579,
            "acc": 0.5447
        },
        "77": {
            "loss": 1.4044611149126915,
            "acc": 0.53296
        },
        "78": {
            "loss": 1.421686517003247,
            "acc": 0.52688
        },
        "79": {
            "loss": 1.3848599832686013,
            "acc": 0.53896
        },
        "80": {
            "loss": 1.373384398572585,
            "acc": 0.54594
        },
        "81": {
            "loss": 1.392020877060073,
            "acc": 0.54068
        },
        "82": {
            "loss": 1.3830236602012458,
            "acc": 0.54164
        },
        "83": {
            "loss": 1.3581942960124491,
            "acc": 0.5494
        },
        "84": {
            "loss": 1.3705314425251367,
            "acc": 0.54604
        },
        "85": {
            "loss": 1.3655297804976363,
            "acc": 0.5449
        },
        "86": {
            "loss": 1.3685097284329213,
            "acc": 0.54686
        },
        "87": {
            "loss": 1.3536289405944708,
            "acc": 0.55314
        },
        "88": {
            "loss": 1.3658003944265262,
            "acc": 0.5494
        },
        "89": {
            "loss": 1.347454401233312,
            "acc": 0.55404
        },
        "90": {
            "loss": 1.3738496379779124,
            "acc": 0.54746
        },
        "91": {
            "loss": 1.3602455924539005,
            "acc": 0.55098
        },
        "92": {
            "loss": 1.4164762216455795,
            "acc": 0.53178
        },
        "93": {
            "loss": 1.3946605109802597,
            "acc": 0.53508
        },
        "94": {
            "loss": 1.3966934662645736,
            "acc": 0.53546
        },
        "95": {
            "loss": 1.3680191680293559,
            "acc": 0.54778
        },
        "96": {
            "loss": 1.3658331649382707,
            "acc": 0.55222
        },
        "97": {
            "loss": 1.3404822038567585,
            "acc": 0.55636
        },
        "98": {
            "loss": 1.3698602899566026,
            "acc": 0.54754
        },
        "99": {
            "loss": 1.4019483059568478,
            "acc": 0.5359
        },
        "100": {
            "loss": 1.1416438990236852,
            "acc": 0.61634
        },
        "101": {
            "loss": 1.034408706380888,
            "acc": 0.64942
        },
        "102": {
            "loss": 0.99079414432311,
            "acc": 0.66278
        },
        "103": {
            "loss": 0.9596409395222774,
            "acc": 0.67336
        },
        "104": {
            "loss": 0.936777659389369,
            "acc": 0.67906
        },
        "105": {
            "loss": 0.9236893775822866,
            "acc": 0.68366
        },
        "106": {
            "loss": 0.9079122679007937,
            "acc": 0.69006
        },
        "107": {
            "loss": 0.9008323234670302,
            "acc": 0.69112
        },
        "108": {
            "loss": 0.8821705834335073,
            "acc": 0.69592
        },
        "109": {
            "loss": 0.8712888931679299,
            "acc": 0.69886
        },
        "110": {
            "loss": 0.8627944847811824,
            "acc": 0.70198
        },
        "111": {
            "loss": 0.8510355179572044,
            "acc": 0.70612
        },
        "112": {
            "loss": 0.8386466928455226,
            "acc": 0.70836
        },
        "113": {
            "loss": 0.8315910129900783,
            "acc": 0.7116
        },
        "114": {
            "loss": 0.8251639935366638,
            "acc": 0.71114
        },
        "115": {
            "loss": 0.8182769042756551,
            "acc": 0.71544
        },
        "116": {
            "loss": 0.8161084999513748,
            "acc": 0.71608
        },
        "117": {
            "loss": 0.8048771598454937,
            "acc": 0.71918
        },
        "118": {
            "loss": 0.7964585842683797,
            "acc": 0.72234
        },
        "119": {
            "loss": 0.7934103614229071,
            "acc": 0.72412
        },
        "120": {
            "loss": 0.7828390270547794,
            "acc": 0.72724
        },
        "121": {
            "loss": 0.7757459657881266,
            "acc": 0.72934
        },
        "122": {
            "loss": 0.7726769647025087,
            "acc": 0.7306
        },
        "123": {
            "loss": 0.7657496476417307,
            "acc": 0.7336
        },
        "124": {
            "loss": 0.760544469137021,
            "acc": 0.73282
        },
        "125": {
            "loss": 0.758161294490785,
            "acc": 0.73452
        },
        "126": {
            "loss": 0.7445687064734261,
            "acc": 0.7385
        },
        "127": {
            "loss": 0.7418683218529157,
            "acc": 0.73792
        },
        "128": {
            "loss": 0.7400281627464782,
            "acc": 0.74186
        },
        "129": {
            "loss": 0.7349333051220536,
            "acc": 0.7432
        },
        "130": {
            "loss": 0.7301575094842545,
            "acc": 0.74454
        },
        "131": {
            "loss": 0.7240655017478387,
            "acc": 0.74574
        },
        "132": {
            "loss": 0.7168792837568562,
            "acc": 0.74774
        },
        "133": {
            "loss": 0.7149722602818628,
            "acc": 0.74772
        },
        "134": {
            "loss": 0.7108577311496296,
            "acc": 0.74776
        },
        "135": {
            "loss": 0.7084198717570975,
            "acc": 0.75038
        },
        "136": {
            "loss": 0.6994493618188307,
            "acc": 0.75336
        },
        "137": {
            "loss": 0.6907897216584676,
            "acc": 0.7557
        },
        "138": {
            "loss": 0.6878667639192108,
            "acc": 0.75844
        },
        "139": {
            "loss": 0.6857139876736399,
            "acc": 0.75696
        },
        "140": {
            "loss": 0.6821460266552313,
            "acc": 0.75894
        },
        "141": {
            "loss": 0.6759444837984832,
            "acc": 0.76206
        },
        "142": {
            "loss": 0.6697925963365209,
            "acc": 0.76238
        },
        "143": {
            "loss": 0.6653851506960057,
            "acc": 0.7637
        },
        "144": {
            "loss": 0.6656055201197524,
            "acc": 0.76334
        },
        "145": {
            "loss": 0.6604586780985908,
            "acc": 0.7656
        },
        "146": {
            "loss": 0.6582324619183455,
            "acc": 0.76502
        },
        "147": {
            "loss": 0.6458705505141822,
            "acc": 0.77118
        },
        "148": {
            "loss": 0.6470666247255662,
            "acc": 0.77038
        },
        "149": {
            "loss": 0.645398396665178,
            "acc": 0.76996
        },
        "150": {
            "loss": 0.6100168443091994,
            "acc": 0.7818
        },
        "151": {
            "loss": 0.5992289255647099,
            "acc": 0.78432
        },
        "152": {
            "loss": 0.598608231376809,
            "acc": 0.7873
        },
        "153": {
            "loss": 0.5888383185009822,
            "acc": 0.7888
        },
        "154": {
            "loss": 0.5906465862260755,
            "acc": 0.7886
        },
        "155": {
            "loss": 0.5892934024029071,
            "acc": 0.78884
        },
        "156": {
            "loss": 0.5835820405989351,
            "acc": 0.79254
        },
        "157": {
            "loss": 0.5854223843883065,
            "acc": 0.79006
        },
        "158": {
            "loss": 0.5819967963811382,
            "acc": 0.79208
        },
        "159": {
            "loss": 0.580616671715856,
            "acc": 0.7922
        },
        "160": {
            "loss": 0.5836343019057417,
            "acc": 0.79238
        },
        "161": {
            "loss": 0.5768494197474722,
            "acc": 0.79338
        },
        "162": {
            "loss": 0.5807218306204852,
            "acc": 0.79102
        },
        "163": {
            "loss": 0.5698547190260095,
            "acc": 0.79494
        },
        "164": {
            "loss": 0.5796786253257176,
            "acc": 0.79298
        },
        "165": {
            "loss": 0.5742017847040425,
            "acc": 0.79304
        },
        "166": {
            "loss": 0.5733761267588876,
            "acc": 0.7933
        },
        "167": {
            "loss": 0.5701381641885509,
            "acc": 0.79484
        },
        "168": {
            "loss": 0.5693910474057697,
            "acc": 0.79498
        },
        "169": {
            "loss": 0.5708658928456514,
            "acc": 0.7945
        },
        "170": {
            "loss": 0.5639395406636436,
            "acc": 0.79774
        },
        "171": {
            "loss": 0.5635002958957497,
            "acc": 0.7984
        },
        "172": {
            "loss": 0.5680608127428137,
            "acc": 0.79508
        },
        "173": {
            "loss": 0.5642690568628823,
            "acc": 0.79754
        },
        "174": {
            "loss": 0.5631475097992841,
            "acc": 0.79772
        },
        "175": {
            "loss": 0.5661379820702935,
            "acc": 0.79764
        },
        "176": {
            "loss": 0.565562640538301,
            "acc": 0.79744
        },
        "177": {
            "loss": 0.5609254238703062,
            "acc": 0.79888
        },
        "178": {
            "loss": 0.5569910591520617,
            "acc": 0.79892
        },
        "179": {
            "loss": 0.5584439563629268,
            "acc": 0.79862
        },
        "180": {
            "loss": 0.556065422494698,
            "acc": 0.79902
        },
        "181": {
            "loss": 0.5549999138583308,
            "acc": 0.80108
        },
        "182": {
            "loss": 0.5568464431921234,
            "acc": 0.79956
        },
        "183": {
            "loss": 0.5538860464949742,
            "acc": 0.79996
        },
        "184": {
            "loss": 0.5554000088168533,
            "acc": 0.7996
        },
        "185": {
            "loss": 0.5579648807530513,
            "acc": 0.80072
        },
        "186": {
            "loss": 0.553048649636071,
            "acc": 0.80214
        },
        "187": {
            "loss": 0.553166878497814,
            "acc": 0.80118
        },
        "188": {
            "loss": 0.551816479248159,
            "acc": 0.8007
        },
        "189": {
            "loss": 0.5520957378322816,
            "acc": 0.80036
        },
        "190": {
            "loss": 0.5501226903989797,
            "acc": 0.80366
        },
        "191": {
            "loss": 0.5480128963432653,
            "acc": 0.8005
        },
        "192": {
            "loss": 0.5463222626529997,
            "acc": 0.80132
        },
        "193": {
            "loss": 0.5439100824963407,
            "acc": 0.80346
        },
        "194": {
            "loss": 0.5470792876789942,
            "acc": 0.8024
        },
        "195": {
            "loss": 0.5460876303408152,
            "acc": 0.80362
        },
        "196": {
            "loss": 0.5488082270335664,
            "acc": 0.8015
        },
        "197": {
            "loss": 0.5377094039069418,
            "acc": 0.80666
        },
        "198": {
            "loss": 0.542415901523112,
            "acc": 0.80562
        },
        "199": {
            "loss": 0.5443456127210651,
            "acc": 0.80268
        },
        "200": {
            "loss": 0.5400966007996093,
            "acc": 0.80604
        },
        "201": {
            "loss": 0.534857495971348,
            "acc": 0.80556
        },
        "202": {
            "loss": 0.5358911067476053,
            "acc": 0.80734
        },
        "203": {
            "loss": 0.5357557647978254,
            "acc": 0.80836
        },
        "204": {
            "loss": 0.5311771544349163,
            "acc": 0.8087
        },
        "205": {
            "loss": 0.53511145992962,
            "acc": 0.8085
        },
        "206": {
            "loss": 0.5327499439496823,
            "acc": 0.80794
        },
        "207": {
            "loss": 0.5347634178903097,
            "acc": 0.8086
        },
        "208": {
            "loss": 0.5336770893972548,
            "acc": 0.80834
        },
        "209": {
            "loss": 0.53293824805628,
            "acc": 0.80924
        },
        "210": {
            "loss": 0.533550733266889,
            "acc": 0.80796
        },
        "211": {
            "loss": 0.5308328182496074,
            "acc": 0.80994
        },
        "212": {
            "loss": 0.5330621026208638,
            "acc": 0.806
        },
        "213": {
            "loss": 0.530982721415932,
            "acc": 0.80746
        },
        "214": {
            "loss": 0.5313227522708571,
            "acc": 0.80976
        },
        "215": {
            "loss": 0.5303426390261297,
            "acc": 0.80994
        },
        "216": {
            "loss": 0.5351025662611207,
            "acc": 0.80598
        },
        "217": {
            "loss": 0.5271474022389678,
            "acc": 0.80936
        },
        "218": {
            "loss": 0.52960350941819,
            "acc": 0.80754
        },
        "219": {
            "loss": 0.529395060008749,
            "acc": 0.80762
        },
        "220": {
            "loss": 0.533985403340186,
            "acc": 0.8065
        },
        "221": {
            "loss": 0.5321571143996685,
            "acc": 0.80926
        },
        "222": {
            "loss": 0.5331933378715954,
            "acc": 0.80912
        },
        "223": {
            "loss": 0.5343125878697466,
            "acc": 0.80624
        },
        "224": {
            "loss": 0.5343723325320827,
            "acc": 0.80882
        },
        "225": {
            "loss": 0.5312707834231579,
            "acc": 0.80686
        },
        "226": {
            "loss": 0.5307026141897186,
            "acc": 0.80914
        },
        "227": {
            "loss": 0.5302546591405064,
            "acc": 0.80826
        },
        "228": {
            "loss": 0.5275963477009092,
            "acc": 0.80948
        },
        "229": {
            "loss": 0.5277367636675725,
            "acc": 0.80864
        },
        "230": {
            "loss": 0.5284382620888293,
            "acc": 0.80854
        },
        "231": {
            "loss": 0.5305510111477064,
            "acc": 0.81042
        },
        "232": {
            "loss": 0.52961506814603,
            "acc": 0.80938
        },
        "233": {
            "loss": 0.5254726784156106,
            "acc": 0.81202
        },
        "234": {
            "loss": 0.531135300541168,
            "acc": 0.81
        },
        "235": {
            "loss": 0.5284593481084575,
            "acc": 0.80902
        },
        "236": {
            "loss": 0.5295145592421217,
            "acc": 0.80866
        },
        "237": {
            "loss": 0.5318451546647055,
            "acc": 0.80706
        },
        "238": {
            "loss": 0.5312549872014224,
            "acc": 0.80928
        },
        "239": {
            "loss": 0.528240291587532,
            "acc": 0.80852
        },
        "240": {
            "loss": 0.533238059495721,
            "acc": 0.8088
        },
        "241": {
            "loss": 0.5276933252963873,
            "acc": 0.81052
        },
        "242": {
            "loss": 0.5303670408780617,
            "acc": 0.80766
        },
        "243": {
            "loss": 0.5267518599472387,
            "acc": 0.81156
        },
        "244": {
            "loss": 0.5299971391782736,
            "acc": 0.8089
        },
        "245": {
            "loss": 0.5292771351154503,
            "acc": 0.8101
        },
        "246": {
            "loss": 0.5288601138097856,
            "acc": 0.80962
        },
        "247": {
            "loss": 0.5266325330490347,
            "acc": 0.80864
        },
        "248": {
            "loss": 0.5274222374267286,
            "acc": 0.80796
        },
        "249": {
            "loss": 0.527936994877008,
            "acc": 0.81004
        }
    },
    "test": {
        "0": {
            "loss": 1.5666051816940307,
            "acc": 0.4299
        },
        "1": {
            "loss": 1.4954076266288758,
            "acc": 0.4753
        },
        "3": {
            "loss": 1.2663173460960389,
            "acc": 0.5503
        },
        "5": {
            "loss": 1.2527670884132385,
            "acc": 0.5678
        },
        "7": {
            "loss": 1.2583703660964967,
            "acc": 0.5626
        },
        "9": {
            "loss": 1.252834105491638,
            "acc": 0.5758
        },
        "11": {
            "loss": 1.34935702085495,
            "acc": 0.5472
        },
        "13": {
            "loss": 1.3109766721725464,
            "acc": 0.563
        },
        "15": {
            "loss": 1.4152886652946473,
            "acc": 0.5208
        },
        "17": {
            "loss": 1.3577657222747803,
            "acc": 0.5483
        },
        "19": {
            "loss": 1.4076481223106385,
            "acc": 0.5484
        },
        "21": {
            "loss": 1.4359701895713806,
            "acc": 0.5143
        },
        "23": {
            "loss": 1.3962313747406006,
            "acc": 0.5306
        },
        "25": {
            "loss": 1.466156804561615,
            "acc": 0.512
        },
        "27": {
            "loss": 1.3812595105171204,
            "acc": 0.5523
        },
        "29": {
            "loss": 1.4369730162620544,
            "acc": 0.5185
        },
        "31": {
            "loss": 1.630013575553894,
            "acc": 0.4888
        },
        "33": {
            "loss": 1.4145477890968323,
            "acc": 0.5471
        },
        "35": {
            "loss": 1.3692386722564698,
            "acc": 0.525
        },
        "37": {
            "loss": 1.4224760365486144,
            "acc": 0.5151
        },
        "39": {
            "loss": 1.365967698097229,
            "acc": 0.559
        },
        "41": {
            "loss": 1.4560095548629761,
            "acc": 0.5193
        },
        "43": {
            "loss": 1.4579435801506042,
            "acc": 0.5189
        },
        "45": {
            "loss": 1.3982288241386414,
            "acc": 0.5347
        },
        "47": {
            "loss": 1.4184372115135193,
            "acc": 0.5003
        },
        "49": {
            "loss": 1.3622219705581664,
            "acc": 0.542
        },
        "51": {
            "loss": 1.3979811906814574,
            "acc": 0.5479
        },
        "53": {
            "loss": 1.449126422405243,
            "acc": 0.5281
        },
        "55": {
            "loss": 1.4690175223350526,
            "acc": 0.5346
        },
        "57": {
            "loss": 1.482334303855896,
            "acc": 0.5032
        },
        "59": {
            "loss": 1.3902909183502197,
            "acc": 0.5257
        },
        "61": {
            "loss": 1.39010724067688,
            "acc": 0.536
        },
        "63": {
            "loss": 1.375912835597992,
            "acc": 0.5501
        },
        "65": {
            "loss": 1.388448293209076,
            "acc": 0.5522
        },
        "67": {
            "loss": 1.4286962962150573,
            "acc": 0.5323
        },
        "69": {
            "loss": 1.4670117902755737,
            "acc": 0.514
        },
        "71": {
            "loss": 1.3879403805732726,
            "acc": 0.5336
        },
        "73": {
            "loss": 1.348357117176056,
            "acc": 0.5581
        },
        "75": {
            "loss": 1.3303294277191162,
            "acc": 0.5639
        },
        "77": {
            "loss": 1.3445586442947388,
            "acc": 0.5678
        },
        "79": {
            "loss": 1.3742164421081542,
            "acc": 0.5216
        },
        "81": {
            "loss": 1.3967320346832275,
            "acc": 0.5165
        },
        "83": {
            "loss": 1.3790848064422607,
            "acc": 0.5376
        },
        "85": {
            "loss": 1.374390959739685,
            "acc": 0.5322
        },
        "87": {
            "loss": 1.3764411997795105,
            "acc": 0.5457
        },
        "89": {
            "loss": 1.4867928338050842,
            "acc": 0.4997
        },
        "91": {
            "loss": 1.3777156615257262,
            "acc": 0.5492
        },
        "93": {
            "loss": 1.5142566299438476,
            "acc": 0.5274
        },
        "95": {
            "loss": 1.3251884031295775,
            "acc": 0.5619
        },
        "97": {
            "loss": 1.3616502380371094,
            "acc": 0.5623
        },
        "99": {
            "loss": 1.3487319707870484,
            "acc": 0.5467
        },
        "101": {
            "loss": 1.0112420916557312,
            "acc": 0.6609
        },
        "103": {
            "loss": 0.9551942896842956,
            "acc": 0.6761
        },
        "105": {
            "loss": 0.9312168717384338,
            "acc": 0.683
        },
        "107": {
            "loss": 0.9145074903964996,
            "acc": 0.6916
        },
        "109": {
            "loss": 0.8993567657470704,
            "acc": 0.6984
        },
        "111": {
            "loss": 0.8916782939434051,
            "acc": 0.698
        },
        "113": {
            "loss": 0.8691612148284912,
            "acc": 0.7057
        },
        "115": {
            "loss": 0.8584360218048096,
            "acc": 0.7107
        },
        "117": {
            "loss": 0.8451478385925293,
            "acc": 0.7102
        },
        "119": {
            "loss": 0.8422709357738495,
            "acc": 0.7125
        },
        "121": {
            "loss": 0.83510617852211,
            "acc": 0.7164
        },
        "123": {
            "loss": 0.8171349215507507,
            "acc": 0.7188
        },
        "125": {
            "loss": 0.8210295188426971,
            "acc": 0.7194
        },
        "127": {
            "loss": 0.8099537050724029,
            "acc": 0.7222
        },
        "129": {
            "loss": 0.8283550941944122,
            "acc": 0.7197
        },
        "131": {
            "loss": 0.8057985210418701,
            "acc": 0.7267
        },
        "133": {
            "loss": 0.7979827237129211,
            "acc": 0.7296
        },
        "135": {
            "loss": 0.7898242473602295,
            "acc": 0.729
        },
        "137": {
            "loss": 0.7908791613578796,
            "acc": 0.7293
        },
        "139": {
            "loss": 0.7848561716079712,
            "acc": 0.7342
        },
        "141": {
            "loss": 0.7716149842739105,
            "acc": 0.7391
        },
        "143": {
            "loss": 0.7702632713317871,
            "acc": 0.7405
        },
        "145": {
            "loss": 0.7806654942035675,
            "acc": 0.7353
        },
        "147": {
            "loss": 0.771505137681961,
            "acc": 0.7344
        },
        "149": {
            "loss": 0.7723897159099579,
            "acc": 0.7394
        },
        "151": {
            "loss": 0.7524871015548706,
            "acc": 0.745
        },
        "153": {
            "loss": 0.7474019718170166,
            "acc": 0.7461
        },
        "155": {
            "loss": 0.7498212051391602,
            "acc": 0.7484
        },
        "157": {
            "loss": 0.7463846302032471,
            "acc": 0.7477
        },
        "159": {
            "loss": 0.7483120012283325,
            "acc": 0.747
        },
        "161": {
            "loss": 0.7482028293609619,
            "acc": 0.7456
        },
        "163": {
            "loss": 0.7457059478759765,
            "acc": 0.7479
        },
        "165": {
            "loss": 0.7455470633506774,
            "acc": 0.7492
        },
        "167": {
            "loss": 0.746313396692276,
            "acc": 0.7471
        },
        "169": {
            "loss": 0.7480217719078064,
            "acc": 0.7461
        },
        "171": {
            "loss": 0.7462318396568298,
            "acc": 0.7488
        },
        "173": {
            "loss": 0.7470818090438843,
            "acc": 0.7482
        },
        "175": {
            "loss": 0.7442040371894837,
            "acc": 0.749
        },
        "177": {
            "loss": 0.7454077267646789,
            "acc": 0.7502
        },
        "179": {
            "loss": 0.7431863784790039,
            "acc": 0.7507
        },
        "181": {
            "loss": 0.7448359429836273,
            "acc": 0.7501
        },
        "183": {
            "loss": 0.7442727637290955,
            "acc": 0.7518
        },
        "185": {
            "loss": 0.743573306798935,
            "acc": 0.7537
        },
        "187": {
            "loss": 0.7440095436573029,
            "acc": 0.7511
        },
        "189": {
            "loss": 0.7436126434803009,
            "acc": 0.7506
        },
        "191": {
            "loss": 0.74708651304245,
            "acc": 0.7519
        },
        "193": {
            "loss": 0.7443723595142364,
            "acc": 0.7513
        },
        "195": {
            "loss": 0.7442619812488556,
            "acc": 0.7489
        },
        "197": {
            "loss": 0.7475848352909088,
            "acc": 0.7501
        },
        "199": {
            "loss": 0.7464718079566955,
            "acc": 0.7499
        },
        "201": {
            "loss": 0.7436769759654999,
            "acc": 0.7502
        },
        "203": {
            "loss": 0.7429155147075653,
            "acc": 0.7509
        },
        "205": {
            "loss": 0.7430582344532013,
            "acc": 0.7521
        },
        "207": {
            "loss": 0.7434459745883941,
            "acc": 0.7514
        },
        "209": {
            "loss": 0.7439636969566346,
            "acc": 0.7517
        },
        "211": {
            "loss": 0.7439742779731751,
            "acc": 0.7513
        },
        "213": {
            "loss": 0.7438064134120941,
            "acc": 0.7512
        },
        "215": {
            "loss": 0.7434473156929016,
            "acc": 0.7518
        },
        "217": {
            "loss": 0.7441513431072235,
            "acc": 0.7518
        },
        "219": {
            "loss": 0.7448508071899415,
            "acc": 0.7511
        },
        "221": {
            "loss": 0.7440035247802734,
            "acc": 0.7516
        },
        "223": {
            "loss": 0.7440338134765625,
            "acc": 0.7525
        },
        "225": {
            "loss": 0.7432848691940308,
            "acc": 0.7523
        },
        "227": {
            "loss": 0.7445652770996094,
            "acc": 0.7514
        },
        "229": {
            "loss": 0.7445273756980896,
            "acc": 0.7526
        },
        "231": {
            "loss": 0.7444816482067108,
            "acc": 0.7521
        },
        "233": {
            "loss": 0.7442691469192505,
            "acc": 0.7529
        },
        "235": {
            "loss": 0.7437422156333924,
            "acc": 0.7512
        },
        "237": {
            "loss": 0.7445626509189606,
            "acc": 0.7515
        },
        "239": {
            "loss": 0.7437315022945404,
            "acc": 0.7516
        },
        "241": {
            "loss": 0.7440984463691711,
            "acc": 0.7525
        },
        "243": {
            "loss": 0.744495313167572,
            "acc": 0.7517
        },
        "245": {
            "loss": 0.7448433208465576,
            "acc": 0.752
        },
        "247": {
            "loss": 0.7447414255142212,
            "acc": 0.7523
        },
        "249": {
            "loss": 0.7439898443222046,
            "acc": 0.7515
        }
    },
    "info": {
        "best_epoch": 185,
        "best_acc": 75.37,
        "n_params": 2275658
    }
}