{
    "train": {
        "0": {
            "loss": 1.7574528568540997,
            "acc": 0.34688
        },
        "1": {
            "loss": 1.3377387064802067,
            "acc": 0.51556
        },
        "2": {
            "loss": 1.1396492547391321,
            "acc": 0.5982
        },
        "3": {
            "loss": 1.0288450426762672,
            "acc": 0.63852
        },
        "4": {
            "loss": 0.9516267223126443,
            "acc": 0.66768
        },
        "5": {
            "loss": 0.8964021573286227,
            "acc": 0.68998
        },
        "6": {
            "loss": 0.8526483777234012,
            "acc": 0.70496
        },
        "7": {
            "loss": 0.824214777373292,
            "acc": 0.71464
        },
        "8": {
            "loss": 0.8066518695458121,
            "acc": 0.72078
        },
        "9": {
            "loss": 0.7907089473646315,
            "acc": 0.72834
        },
        "10": {
            "loss": 0.7701782713765684,
            "acc": 0.73678
        },
        "11": {
            "loss": 0.7511001900791208,
            "acc": 0.74208
        },
        "12": {
            "loss": 0.7511817418858219,
            "acc": 0.74056
        },
        "13": {
            "loss": 0.7361042394357569,
            "acc": 0.7483
        },
        "14": {
            "loss": 0.7314881291383367,
            "acc": 0.7504
        },
        "15": {
            "loss": 0.7237355240318172,
            "acc": 0.75594
        },
        "16": {
            "loss": 0.7260431082504789,
            "acc": 0.75418
        },
        "17": {
            "loss": 0.7176252492248555,
            "acc": 0.75902
        },
        "18": {
            "loss": 0.7098147417883129,
            "acc": 0.7587
        },
        "19": {
            "loss": 0.7168700125668664,
            "acc": 0.7569
        },
        "20": {
            "loss": 0.7098759297672135,
            "acc": 0.75872
        },
        "21": {
            "loss": 0.7051650088309022,
            "acc": 0.76262
        },
        "22": {
            "loss": 0.7089129909682457,
            "acc": 0.75914
        },
        "23": {
            "loss": 0.7194204951643639,
            "acc": 0.75782
        },
        "24": {
            "loss": 0.7278025638874229,
            "acc": 0.75716
        },
        "25": {
            "loss": 0.720220990040723,
            "acc": 0.75968
        },
        "26": {
            "loss": 0.7217527704927927,
            "acc": 0.75994
        },
        "27": {
            "loss": 0.7203847986200581,
            "acc": 0.7586
        },
        "28": {
            "loss": 0.7230092492859687,
            "acc": 0.76148
        },
        "29": {
            "loss": 0.7150074157416059,
            "acc": 0.7622
        },
        "30": {
            "loss": 0.7236491754994063,
            "acc": 0.7601
        },
        "31": {
            "loss": 0.7154328137864847,
            "acc": 0.76162
        },
        "32": {
            "loss": 0.7110395679998276,
            "acc": 0.76442
        },
        "33": {
            "loss": 0.7257533443858252,
            "acc": 0.76016
        },
        "34": {
            "loss": 0.7348470572772843,
            "acc": 0.75794
        },
        "35": {
            "loss": 0.7317247253549678,
            "acc": 0.75854
        },
        "36": {
            "loss": 0.7231795391463258,
            "acc": 0.76172
        },
        "37": {
            "loss": 0.7348584968720555,
            "acc": 0.75826
        },
        "38": {
            "loss": 0.7367729648299839,
            "acc": 0.75506
        },
        "39": {
            "loss": 0.7363348418794324,
            "acc": 0.75776
        },
        "40": {
            "loss": 0.7340972933470441,
            "acc": 0.7596
        },
        "41": {
            "loss": 0.7409088052904514,
            "acc": 0.75474
        },
        "42": {
            "loss": 0.7335885141206824,
            "acc": 0.7604
        },
        "43": {
            "loss": 0.7385668118896387,
            "acc": 0.75982
        },
        "44": {
            "loss": 0.7455518587166087,
            "acc": 0.7574
        },
        "45": {
            "loss": 0.755739575533001,
            "acc": 0.7542
        },
        "46": {
            "loss": 0.7403176181456622,
            "acc": 0.76062
        },
        "47": {
            "loss": 0.7479547970282757,
            "acc": 0.75648
        },
        "48": {
            "loss": 0.7359769879399664,
            "acc": 0.76006
        },
        "49": {
            "loss": 0.7493109193909199,
            "acc": 0.75652
        },
        "50": {
            "loss": 0.7361249032685214,
            "acc": 0.76258
        },
        "51": {
            "loss": 0.7387146421558107,
            "acc": 0.75998
        },
        "52": {
            "loss": 0.7417594048068347,
            "acc": 0.76034
        },
        "53": {
            "loss": 0.7311428245681021,
            "acc": 0.7618
        },
        "54": {
            "loss": 0.7382169183715225,
            "acc": 0.76016
        },
        "55": {
            "loss": 0.7360164208332901,
            "acc": 0.76014
        },
        "56": {
            "loss": 0.7314129996177791,
            "acc": 0.7613
        },
        "57": {
            "loss": 0.7361934814611664,
            "acc": 0.76066
        },
        "58": {
            "loss": 0.7459554166135276,
            "acc": 0.7574
        },
        "59": {
            "loss": 0.7420374357791812,
            "acc": 0.76002
        },
        "60": {
            "loss": 0.7421381709063449,
            "acc": 0.76144
        },
        "61": {
            "loss": 0.729292547763766,
            "acc": 0.76504
        },
        "62": {
            "loss": 0.7359494043280707,
            "acc": 0.7635
        },
        "63": {
            "loss": 0.7161871497435948,
            "acc": 0.76922
        },
        "64": {
            "loss": 0.7392254553335097,
            "acc": 0.76038
        },
        "65": {
            "loss": 0.7221107172691609,
            "acc": 0.76936
        },
        "66": {
            "loss": 0.725355278348069,
            "acc": 0.766
        },
        "67": {
            "loss": 0.7147944119122936,
            "acc": 0.77074
        },
        "68": {
            "loss": 0.7176568899922968,
            "acc": 0.77084
        },
        "69": {
            "loss": 0.7161553813825787,
            "acc": 0.76986
        },
        "70": {
            "loss": 0.7071339917152434,
            "acc": 0.77198
        },
        "71": {
            "loss": 0.7211253814532629,
            "acc": 0.76926
        },
        "72": {
            "loss": 0.7031490961304101,
            "acc": 0.77394
        },
        "73": {
            "loss": 0.713160486248753,
            "acc": 0.77242
        },
        "74": {
            "loss": 0.706415878842249,
            "acc": 0.77278
        },
        "75": {
            "loss": 0.7118179872060371,
            "acc": 0.77208
        },
        "76": {
            "loss": 0.7102048934420662,
            "acc": 0.77196
        },
        "77": {
            "loss": 0.7077340721474279,
            "acc": 0.77172
        },
        "78": {
            "loss": 0.7032227057325261,
            "acc": 0.77454
        },
        "79": {
            "loss": 0.6926477800702195,
            "acc": 0.77714
        },
        "80": {
            "loss": 0.7085953158948123,
            "acc": 0.77224
        },
        "81": {
            "loss": 0.7033938079538857,
            "acc": 0.77154
        },
        "82": {
            "loss": 0.7043128194254072,
            "acc": 0.77432
        },
        "83": {
            "loss": 0.7012240895834725,
            "acc": 0.77526
        },
        "84": {
            "loss": 0.6973401119032174,
            "acc": 0.77602
        },
        "85": {
            "loss": 0.6956035536725808,
            "acc": 0.77672
        },
        "86": {
            "loss": 0.6935814907178854,
            "acc": 0.77926
        },
        "87": {
            "loss": 0.6962009775059302,
            "acc": 0.77752
        },
        "88": {
            "loss": 0.6927808064329045,
            "acc": 0.77714
        },
        "89": {
            "loss": 0.6909848137584793,
            "acc": 0.77924
        },
        "90": {
            "loss": 0.6891860634164737,
            "acc": 0.77918
        },
        "91": {
            "loss": 0.6805244881631164,
            "acc": 0.78186
        },
        "92": {
            "loss": 0.6815153957937684,
            "acc": 0.78258
        },
        "93": {
            "loss": 0.6811879410615662,
            "acc": 0.78016
        },
        "94": {
            "loss": 0.6800518542756815,
            "acc": 0.78184
        },
        "95": {
            "loss": 0.6761829247864921,
            "acc": 0.78374
        },
        "96": {
            "loss": 0.6801729910361493,
            "acc": 0.7819
        },
        "97": {
            "loss": 0.6741143589281975,
            "acc": 0.7836
        },
        "98": {
            "loss": 0.6752395565095155,
            "acc": 0.78266
        },
        "99": {
            "loss": 0.6721679678048624,
            "acc": 0.78314
        },
        "100": {
            "loss": 0.5182492282536938,
            "acc": 0.83032
        },
        "101": {
            "loss": 0.45677604791148546,
            "acc": 0.851
        },
        "102": {
            "loss": 0.4288169102900473,
            "acc": 0.85818
        },
        "103": {
            "loss": 0.4134768501800649,
            "acc": 0.86076
        },
        "104": {
            "loss": 0.40511306777329703,
            "acc": 0.86376
        },
        "105": {
            "loss": 0.3959438962399807,
            "acc": 0.86606
        },
        "106": {
            "loss": 0.3830938211944707,
            "acc": 0.87066
        },
        "107": {
            "loss": 0.37463041846557044,
            "acc": 0.8723
        },
        "108": {
            "loss": 0.36824953716124414,
            "acc": 0.87522
        },
        "109": {
            "loss": 0.3594137759845885,
            "acc": 0.8748
        },
        "110": {
            "loss": 0.35905223288347043,
            "acc": 0.8771
        },
        "111": {
            "loss": 0.3472687644345681,
            "acc": 0.88092
        },
        "112": {
            "loss": 0.3449105143242175,
            "acc": 0.88152
        },
        "113": {
            "loss": 0.3363118989159689,
            "acc": 0.88396
        },
        "114": {
            "loss": 0.3386337739579818,
            "acc": 0.88348
        },
        "115": {
            "loss": 0.3320587381834874,
            "acc": 0.88472
        },
        "116": {
            "loss": 0.327375364120659,
            "acc": 0.88652
        },
        "117": {
            "loss": 0.32068633434870053,
            "acc": 0.88894
        },
        "118": {
            "loss": 0.3179259913428055,
            "acc": 0.88884
        },
        "119": {
            "loss": 0.3111484062755504,
            "acc": 0.89338
        },
        "120": {
            "loss": 0.3029764128081939,
            "acc": 0.89456
        },
        "121": {
            "loss": 0.3060230208784723,
            "acc": 0.89364
        },
        "122": {
            "loss": 0.29923126078627604,
            "acc": 0.8955
        },
        "123": {
            "loss": 0.29223978069737133,
            "acc": 0.89648
        },
        "124": {
            "loss": 0.29126502253362896,
            "acc": 0.89892
        },
        "125": {
            "loss": 0.2882568659379964,
            "acc": 0.8989
        },
        "126": {
            "loss": 0.287372857275064,
            "acc": 0.89864
        },
        "127": {
            "loss": 0.28288631415580545,
            "acc": 0.90022
        },
        "128": {
            "loss": 0.2766687881458751,
            "acc": 0.90354
        },
        "129": {
            "loss": 0.2701606851671358,
            "acc": 0.90488
        },
        "130": {
            "loss": 0.26880637748771924,
            "acc": 0.90562
        },
        "131": {
            "loss": 0.2683824255986287,
            "acc": 0.90612
        },
        "132": {
            "loss": 0.2657421298153565,
            "acc": 0.90718
        },
        "133": {
            "loss": 0.26030333904201725,
            "acc": 0.90842
        },
        "134": {
            "loss": 0.26107127613881054,
            "acc": 0.90778
        },
        "135": {
            "loss": 0.253106979305482,
            "acc": 0.91158
        },
        "136": {
            "loss": 0.2552034368219278,
            "acc": 0.91014
        },
        "137": {
            "loss": 0.24938991505776525,
            "acc": 0.91318
        },
        "138": {
            "loss": 0.24902004674267586,
            "acc": 0.91266
        },
        "139": {
            "loss": 0.24372887518018713,
            "acc": 0.91366
        },
        "140": {
            "loss": 0.24106552905362585,
            "acc": 0.91562
        },
        "141": {
            "loss": 0.2435610082448291,
            "acc": 0.91462
        },
        "142": {
            "loss": 0.23286649832487716,
            "acc": 0.91724
        },
        "143": {
            "loss": 0.22893175210260674,
            "acc": 0.91882
        },
        "144": {
            "loss": 0.23120912010102626,
            "acc": 0.91928
        },
        "145": {
            "loss": 0.22497553673699078,
            "acc": 0.91904
        },
        "146": {
            "loss": 0.22366413594130666,
            "acc": 0.9214
        },
        "147": {
            "loss": 0.22331253785992522,
            "acc": 0.92022
        },
        "148": {
            "loss": 0.219055241026232,
            "acc": 0.9217
        },
        "149": {
            "loss": 0.2175086012962834,
            "acc": 0.92366
        },
        "150": {
            "loss": 0.20595510119138777,
            "acc": 0.9269
        },
        "151": {
            "loss": 0.20202696580639887,
            "acc": 0.92882
        },
        "152": {
            "loss": 0.2007217628647909,
            "acc": 0.92834
        },
        "153": {
            "loss": 0.20286097106954937,
            "acc": 0.9292
        },
        "154": {
            "loss": 0.1977340169917897,
            "acc": 0.93004
        },
        "155": {
            "loss": 0.1968300991008044,
            "acc": 0.93084
        },
        "156": {
            "loss": 0.19608895473010704,
            "acc": 0.9312
        },
        "157": {
            "loss": 0.19466362028475612,
            "acc": 0.93088
        },
        "158": {
            "loss": 0.1946635156145791,
            "acc": 0.93054
        },
        "159": {
            "loss": 0.19415718123621648,
            "acc": 0.93056
        },
        "160": {
            "loss": 0.1960179011154053,
            "acc": 0.93102
        },
        "161": {
            "loss": 0.19285935194938994,
            "acc": 0.93216
        },
        "162": {
            "loss": 0.19276398677578974,
            "acc": 0.93112
        },
        "163": {
            "loss": 0.19188930780229058,
            "acc": 0.93188
        },
        "164": {
            "loss": 0.19366415085085212,
            "acc": 0.93098
        },
        "165": {
            "loss": 0.1895659581074477,
            "acc": 0.93208
        },
        "166": {
            "loss": 0.19012859307439126,
            "acc": 0.93184
        },
        "167": {
            "loss": 0.1932292225796853,
            "acc": 0.93146
        },
        "168": {
            "loss": 0.1894466535514578,
            "acc": 0.93272
        },
        "169": {
            "loss": 0.18860968518668733,
            "acc": 0.93344
        },
        "170": {
            "loss": 0.1904654813373028,
            "acc": 0.93286
        },
        "171": {
            "loss": 0.19043399758465454,
            "acc": 0.9316
        },
        "172": {
            "loss": 0.187987739186915,
            "acc": 0.93326
        },
        "173": {
            "loss": 0.18917214525553883,
            "acc": 0.93238
        },
        "174": {
            "loss": 0.1909497774699155,
            "acc": 0.93224
        },
        "175": {
            "loss": 0.1879829249304274,
            "acc": 0.93298
        },
        "176": {
            "loss": 0.19026438659414305,
            "acc": 0.9318
        },
        "177": {
            "loss": 0.18424345817788482,
            "acc": 0.9351
        },
        "178": {
            "loss": 0.18667802931097768,
            "acc": 0.93358
        },
        "179": {
            "loss": 0.18577253528873025,
            "acc": 0.93554
        },
        "180": {
            "loss": 0.18452323619705027,
            "acc": 0.93472
        },
        "181": {
            "loss": 0.18267211161763466,
            "acc": 0.93466
        },
        "182": {
            "loss": 0.18757895391691676,
            "acc": 0.93292
        },
        "183": {
            "loss": 0.18523067150198286,
            "acc": 0.93554
        },
        "184": {
            "loss": 0.18477565405504479,
            "acc": 0.9348
        },
        "185": {
            "loss": 0.1826461380552453,
            "acc": 0.93488
        },
        "186": {
            "loss": 0.1814621242187212,
            "acc": 0.93634
        },
        "187": {
            "loss": 0.1800579304528206,
            "acc": 0.9362
        },
        "188": {
            "loss": 0.18335654645624672,
            "acc": 0.93448
        },
        "189": {
            "loss": 0.1858843784217182,
            "acc": 0.93396
        },
        "190": {
            "loss": 0.1832309278761944,
            "acc": 0.9341
        },
        "191": {
            "loss": 0.1811360608967369,
            "acc": 0.93634
        },
        "192": {
            "loss": 0.18142800469456427,
            "acc": 0.93596
        },
        "193": {
            "loss": 0.18112466339488772,
            "acc": 0.93648
        },
        "194": {
            "loss": 0.1821439303553013,
            "acc": 0.9356
        },
        "195": {
            "loss": 0.17783486198090837,
            "acc": 0.93738
        },
        "196": {
            "loss": 0.1824635251251328,
            "acc": 0.93596
        },
        "197": {
            "loss": 0.18270318621717146,
            "acc": 0.93578
        },
        "198": {
            "loss": 0.17978888569051957,
            "acc": 0.93582
        },
        "199": {
            "loss": 0.1786374370650867,
            "acc": 0.93656
        },
        "200": {
            "loss": 0.179870476160208,
            "acc": 0.93482
        },
        "201": {
            "loss": 0.17885957568731453,
            "acc": 0.93698
        },
        "202": {
            "loss": 0.1783389923212778,
            "acc": 0.93568
        },
        "203": {
            "loss": 0.1773472423939144,
            "acc": 0.93732
        },
        "204": {
            "loss": 0.176544086459805,
            "acc": 0.93824
        },
        "205": {
            "loss": 0.17996855491719893,
            "acc": 0.93638
        },
        "206": {
            "loss": 0.1759355838512978,
            "acc": 0.9386
        },
        "207": {
            "loss": 0.17830137813182742,
            "acc": 0.9357
        },
        "208": {
            "loss": 0.17488766175782894,
            "acc": 0.93712
        },
        "209": {
            "loss": 0.18018873302680452,
            "acc": 0.93736
        },
        "210": {
            "loss": 0.1806677278998258,
            "acc": 0.9355
        },
        "211": {
            "loss": 0.1783402283459216,
            "acc": 0.93828
        },
        "212": {
            "loss": 0.1799167894646335,
            "acc": 0.93638
        },
        "213": {
            "loss": 0.17678817767468866,
            "acc": 0.93818
        },
        "214": {
            "loss": 0.17893831248935835,
            "acc": 0.9373
        },
        "215": {
            "loss": 0.17422546136676503,
            "acc": 0.9391
        },
        "216": {
            "loss": 0.17603570872636706,
            "acc": 0.93688
        },
        "217": {
            "loss": 0.17611591673225088,
            "acc": 0.9375
        },
        "218": {
            "loss": 0.17810211498337938,
            "acc": 0.93542
        },
        "219": {
            "loss": 0.1743889297918438,
            "acc": 0.9375
        },
        "220": {
            "loss": 0.1791243478560539,
            "acc": 0.93664
        },
        "221": {
            "loss": 0.17702000473847473,
            "acc": 0.93698
        },
        "222": {
            "loss": 0.1778215376464912,
            "acc": 0.9365
        },
        "223": {
            "loss": 0.17538324997896124,
            "acc": 0.93724
        },
        "224": {
            "loss": 0.17450315172753067,
            "acc": 0.93842
        },
        "225": {
            "loss": 0.17846961495707103,
            "acc": 0.93636
        },
        "226": {
            "loss": 0.17344550973237932,
            "acc": 0.93998
        },
        "227": {
            "loss": 0.17490797468920802,
            "acc": 0.93794
        },
        "228": {
            "loss": 0.17833882938031956,
            "acc": 0.93648
        },
        "229": {
            "loss": 0.1781824223144585,
            "acc": 0.93728
        },
        "230": {
            "loss": 0.17600035926570062,
            "acc": 0.93846
        },
        "231": {
            "loss": 0.17626826918643454,
            "acc": 0.93638
        },
        "232": {
            "loss": 0.17261082422740928,
            "acc": 0.93858
        },
        "233": {
            "loss": 0.1790498562557313,
            "acc": 0.93664
        },
        "234": {
            "loss": 0.17608375093706732,
            "acc": 0.93706
        },
        "235": {
            "loss": 0.17866037986086458,
            "acc": 0.93566
        },
        "236": {
            "loss": 0.17781278914998255,
            "acc": 0.93564
        },
        "237": {
            "loss": 0.18075702331788704,
            "acc": 0.9352
        },
        "238": {
            "loss": 0.17664653673539382,
            "acc": 0.9373
        },
        "239": {
            "loss": 0.17320703760818448,
            "acc": 0.93874
        },
        "240": {
            "loss": 0.1765357688298006,
            "acc": 0.93666
        },
        "241": {
            "loss": 0.1784662965808988,
            "acc": 0.93734
        },
        "242": {
            "loss": 0.17640075825936044,
            "acc": 0.93868
        },
        "243": {
            "loss": 0.1739754870324336,
            "acc": 0.9386
        },
        "244": {
            "loss": 0.17530901805328591,
            "acc": 0.93814
        },
        "245": {
            "loss": 0.17620671959712986,
            "acc": 0.93648
        },
        "246": {
            "loss": 0.1752704279139981,
            "acc": 0.93724
        },
        "247": {
            "loss": 0.17745947633939022,
            "acc": 0.93696
        },
        "248": {
            "loss": 0.17671743694626157,
            "acc": 0.9371
        },
        "249": {
            "loss": 0.17661453062273047,
            "acc": 0.93756
        }
    },
    "test": {
        "0": {
            "loss": 1.5208286905288697,
            "acc": 0.4447
        },
        "1": {
            "loss": 1.2210239148139954,
            "acc": 0.5777
        },
        "3": {
            "loss": 1.009139039516449,
            "acc": 0.6611
        },
        "5": {
            "loss": 0.8455998206138611,
            "acc": 0.711
        },
        "7": {
            "loss": 0.8389700543880463,
            "acc": 0.7225
        },
        "9": {
            "loss": 0.8038771259784698,
            "acc": 0.7313
        },
        "11": {
            "loss": 0.7954095530509949,
            "acc": 0.7299
        },
        "13": {
            "loss": 0.8331806933879853,
            "acc": 0.7236
        },
        "15": {
            "loss": 0.7612410175800324,
            "acc": 0.7482
        },
        "17": {
            "loss": 0.8020800113677978,
            "acc": 0.7381
        },
        "19": {
            "loss": 0.7936282110214233,
            "acc": 0.7394
        },
        "21": {
            "loss": 0.8044423043727875,
            "acc": 0.7405
        },
        "23": {
            "loss": 0.8330824303627015,
            "acc": 0.7249
        },
        "25": {
            "loss": 0.8569136595726013,
            "acc": 0.7299
        },
        "27": {
            "loss": 0.8143976223468781,
            "acc": 0.7405
        },
        "29": {
            "loss": 0.8119851458072662,
            "acc": 0.7434
        },
        "31": {
            "loss": 0.7866958379745483,
            "acc": 0.7525
        },
        "33": {
            "loss": 0.8362642741203308,
            "acc": 0.7189
        },
        "35": {
            "loss": 0.8200111961364747,
            "acc": 0.7418
        },
        "37": {
            "loss": 0.8005741167068482,
            "acc": 0.7416
        },
        "39": {
            "loss": 0.8185966801643372,
            "acc": 0.7421
        },
        "41": {
            "loss": 0.8042354536056519,
            "acc": 0.743
        },
        "43": {
            "loss": 0.8356470489501953,
            "acc": 0.7274
        },
        "45": {
            "loss": 0.8263814198970795,
            "acc": 0.7343
        },
        "47": {
            "loss": 0.8258119821548462,
            "acc": 0.7404
        },
        "49": {
            "loss": 0.852989946603775,
            "acc": 0.7371
        },
        "51": {
            "loss": 0.8222802913188935,
            "acc": 0.7444
        },
        "53": {
            "loss": 0.8267859673500061,
            "acc": 0.7484
        },
        "55": {
            "loss": 0.8346997916698455,
            "acc": 0.7379
        },
        "57": {
            "loss": 0.8520123982429504,
            "acc": 0.7405
        },
        "59": {
            "loss": 0.7962829923629761,
            "acc": 0.7454
        },
        "61": {
            "loss": 0.8518733024597168,
            "acc": 0.7411
        },
        "63": {
            "loss": 0.8421280217170716,
            "acc": 0.7365
        },
        "65": {
            "loss": 0.8619765043258667,
            "acc": 0.7398
        },
        "67": {
            "loss": 0.8245405352115631,
            "acc": 0.7482
        },
        "69": {
            "loss": 0.8376199913024902,
            "acc": 0.7393
        },
        "71": {
            "loss": 0.8874293732643127,
            "acc": 0.7292
        },
        "73": {
            "loss": 0.8321593868732452,
            "acc": 0.7478
        },
        "75": {
            "loss": 0.8201231467723846,
            "acc": 0.7468
        },
        "77": {
            "loss": 0.8005216467380524,
            "acc": 0.7557
        },
        "79": {
            "loss": 0.8142043542861939,
            "acc": 0.7494
        },
        "81": {
            "loss": 0.8496661984920502,
            "acc": 0.7352
        },
        "83": {
            "loss": 0.8970463991165161,
            "acc": 0.7377
        },
        "85": {
            "loss": 0.8136406791210175,
            "acc": 0.7464
        },
        "87": {
            "loss": 0.7715468835830689,
            "acc": 0.7589
        },
        "89": {
            "loss": 0.8113955676555633,
            "acc": 0.7518
        },
        "91": {
            "loss": 0.8320285248756408,
            "acc": 0.7453
        },
        "93": {
            "loss": 0.7868425142765045,
            "acc": 0.7606
        },
        "95": {
            "loss": 0.8293059480190277,
            "acc": 0.7602
        },
        "97": {
            "loss": 0.8189228427410126,
            "acc": 0.7521
        },
        "99": {
            "loss": 0.8342090266942978,
            "acc": 0.7526
        },
        "101": {
            "loss": 0.6483705443143845,
            "acc": 0.8033
        },
        "103": {
            "loss": 0.6311079633235931,
            "acc": 0.8101
        },
        "105": {
            "loss": 0.623495591878891,
            "acc": 0.8128
        },
        "107": {
            "loss": 0.6092541635036468,
            "acc": 0.8158
        },
        "109": {
            "loss": 0.6129397028684616,
            "acc": 0.8179
        },
        "111": {
            "loss": 0.609205053448677,
            "acc": 0.82
        },
        "113": {
            "loss": 0.6005317693948746,
            "acc": 0.8208
        },
        "115": {
            "loss": 0.6021225053071976,
            "acc": 0.8217
        },
        "117": {
            "loss": 0.5982727515697479,
            "acc": 0.8217
        },
        "119": {
            "loss": 0.5954304021596909,
            "acc": 0.8253
        },
        "121": {
            "loss": 0.5950803977251052,
            "acc": 0.8254
        },
        "123": {
            "loss": 0.5945094275474548,
            "acc": 0.8278
        },
        "125": {
            "loss": 0.6062575787305832,
            "acc": 0.8241
        },
        "127": {
            "loss": 0.6024100637435913,
            "acc": 0.8233
        },
        "129": {
            "loss": 0.5970317661762238,
            "acc": 0.8252
        },
        "131": {
            "loss": 0.5896809923648835,
            "acc": 0.827
        },
        "133": {
            "loss": 0.5982211428880692,
            "acc": 0.8298
        },
        "135": {
            "loss": 0.5980480539798737,
            "acc": 0.8303
        },
        "137": {
            "loss": 0.607161339521408,
            "acc": 0.8286
        },
        "139": {
            "loss": 0.6132288229465485,
            "acc": 0.8276
        },
        "141": {
            "loss": 0.5953071814775467,
            "acc": 0.8328
        },
        "143": {
            "loss": 0.6059896314144134,
            "acc": 0.8308
        },
        "145": {
            "loss": 0.6090298813581466,
            "acc": 0.8311
        },
        "147": {
            "loss": 0.6110722017288208,
            "acc": 0.8311
        },
        "149": {
            "loss": 0.6211000210046769,
            "acc": 0.8337
        },
        "151": {
            "loss": 0.6131550264358521,
            "acc": 0.8334
        },
        "153": {
            "loss": 0.6126690852642059,
            "acc": 0.8345
        },
        "155": {
            "loss": 0.6126172858476638,
            "acc": 0.8338
        },
        "157": {
            "loss": 0.6142593973875046,
            "acc": 0.8339
        },
        "159": {
            "loss": 0.6171729010343552,
            "acc": 0.8355
        },
        "161": {
            "loss": 0.6178483837842941,
            "acc": 0.8362
        },
        "163": {
            "loss": 0.6178193265199661,
            "acc": 0.8354
        },
        "165": {
            "loss": 0.6168559873104096,
            "acc": 0.835
        },
        "167": {
            "loss": 0.6182151353359222,
            "acc": 0.8346
        },
        "169": {
            "loss": 0.6230266350507736,
            "acc": 0.8356
        },
        "171": {
            "loss": 0.6195293736457824,
            "acc": 0.8345
        },
        "173": {
            "loss": 0.6186718529462815,
            "acc": 0.8348
        },
        "175": {
            "loss": 0.6214520567655564,
            "acc": 0.8349
        },
        "177": {
            "loss": 0.6199806332588196,
            "acc": 0.8341
        },
        "179": {
            "loss": 0.6220604062080384,
            "acc": 0.8355
        },
        "181": {
            "loss": 0.6222845387458801,
            "acc": 0.8352
        },
        "183": {
            "loss": 0.6219327133893967,
            "acc": 0.8362
        },
        "185": {
            "loss": 0.6251623070240021,
            "acc": 0.8366
        },
        "187": {
            "loss": 0.6259672683477402,
            "acc": 0.8352
        },
        "189": {
            "loss": 0.6249507510662079,
            "acc": 0.8354
        },
        "191": {
            "loss": 0.626632758975029,
            "acc": 0.8362
        },
        "193": {
            "loss": 0.6300942176580429,
            "acc": 0.8366
        },
        "195": {
            "loss": 0.6293635737895965,
            "acc": 0.8362
        },
        "197": {
            "loss": 0.6282854497432708,
            "acc": 0.8365
        },
        "199": {
            "loss": 0.6294788831472397,
            "acc": 0.8368
        },
        "201": {
            "loss": 0.6281212037801742,
            "acc": 0.836
        },
        "203": {
            "loss": 0.6277151322364807,
            "acc": 0.8363
        },
        "205": {
            "loss": 0.6278047758340836,
            "acc": 0.8369
        },
        "207": {
            "loss": 0.6275936114788055,
            "acc": 0.8366
        },
        "209": {
            "loss": 0.6277449083328247,
            "acc": 0.8369
        },
        "211": {
            "loss": 0.6277366179227829,
            "acc": 0.8368
        },
        "213": {
            "loss": 0.6276144528388977,
            "acc": 0.8368
        },
        "215": {
            "loss": 0.6281620508432388,
            "acc": 0.837
        },
        "217": {
            "loss": 0.6284127140045166,
            "acc": 0.8372
        },
        "219": {
            "loss": 0.6288045680522919,
            "acc": 0.8366
        },
        "221": {
            "loss": 0.6289251977205277,
            "acc": 0.8375
        },
        "223": {
            "loss": 0.6288495379686355,
            "acc": 0.8379
        },
        "225": {
            "loss": 0.6292397236824036,
            "acc": 0.8379
        },
        "227": {
            "loss": 0.6293625450134277,
            "acc": 0.8374
        },
        "229": {
            "loss": 0.6294596755504608,
            "acc": 0.8377
        },
        "231": {
            "loss": 0.6298180323839188,
            "acc": 0.8378
        },
        "233": {
            "loss": 0.6306119364500046,
            "acc": 0.8377
        },
        "235": {
            "loss": 0.6303070646524429,
            "acc": 0.837
        },
        "237": {
            "loss": 0.6298371374607086,
            "acc": 0.8375
        },
        "239": {
            "loss": 0.6301286768913269,
            "acc": 0.8378
        },
        "241": {
            "loss": 0.629917528629303,
            "acc": 0.8376
        },
        "243": {
            "loss": 0.6302073979377747,
            "acc": 0.8379
        },
        "245": {
            "loss": 0.6298607909679412,
            "acc": 0.8371
        },
        "247": {
            "loss": 0.6301025837659836,
            "acc": 0.837
        },
        "249": {
            "loss": 0.6299269098043442,
            "acc": 0.8375
        }
    },
    "best": {
        "best_epoch": 223,
        "best_acc": 83.79
    }
}