{
    "train": {
        "0": {
            "loss": 1.7567296165334598,
            "acc": 0.34734
        },
        "1": {
            "loss": 1.3501540577929954,
            "acc": 0.5145
        },
        "2": {
            "loss": 1.170873153087733,
            "acc": 0.58394
        },
        "3": {
            "loss": 1.0601899544601245,
            "acc": 0.62866
        },
        "4": {
            "loss": 0.9815803575698677,
            "acc": 0.6571
        },
        "5": {
            "loss": 0.9089305856648613,
            "acc": 0.68554
        },
        "6": {
            "loss": 0.8731080542135117,
            "acc": 0.6972
        },
        "7": {
            "loss": 0.8371382721549715,
            "acc": 0.71148
        },
        "8": {
            "loss": 0.805434010065425,
            "acc": 0.72242
        },
        "9": {
            "loss": 0.7764559954481052,
            "acc": 0.73352
        },
        "10": {
            "loss": 0.7706746303516886,
            "acc": 0.73686
        },
        "11": {
            "loss": 0.7514060375940464,
            "acc": 0.74386
        },
        "12": {
            "loss": 0.7394413293322639,
            "acc": 0.7489
        },
        "13": {
            "loss": 0.7334028426033762,
            "acc": 0.74974
        },
        "14": {
            "loss": 0.7154424240826951,
            "acc": 0.75642
        },
        "15": {
            "loss": 0.7101781158648488,
            "acc": 0.75738
        },
        "16": {
            "loss": 0.7123802115240365,
            "acc": 0.7595
        },
        "17": {
            "loss": 0.7011225477356435,
            "acc": 0.76088
        },
        "18": {
            "loss": 0.7008935758829726,
            "acc": 0.76472
        },
        "19": {
            "loss": 0.7010091367889854,
            "acc": 0.76334
        },
        "20": {
            "loss": 0.6976832024124272,
            "acc": 0.76706
        },
        "21": {
            "loss": 0.691205723358847,
            "acc": 0.7665
        },
        "22": {
            "loss": 0.6892269066989879,
            "acc": 0.76854
        },
        "23": {
            "loss": 0.6831386494057258,
            "acc": 0.7723
        },
        "24": {
            "loss": 0.6912277064207569,
            "acc": 0.7713
        },
        "25": {
            "loss": 0.6975329708107902,
            "acc": 0.76896
        },
        "26": {
            "loss": 0.6966523471695688,
            "acc": 0.7688
        },
        "27": {
            "loss": 0.6874557104714386,
            "acc": 0.77254
        },
        "28": {
            "loss": 0.6948057074680962,
            "acc": 0.76958
        },
        "29": {
            "loss": 0.6978824816244033,
            "acc": 0.76816
        },
        "30": {
            "loss": 0.6989876545603623,
            "acc": 0.7719
        },
        "31": {
            "loss": 0.704382080098857,
            "acc": 0.76886
        },
        "32": {
            "loss": 0.699519426468998,
            "acc": 0.76904
        },
        "33": {
            "loss": 0.699527993607704,
            "acc": 0.77082
        },
        "34": {
            "loss": 0.705265019479615,
            "acc": 0.76866
        },
        "35": {
            "loss": 0.7047188860528609,
            "acc": 0.76936
        },
        "36": {
            "loss": 0.7141216016181594,
            "acc": 0.765
        },
        "37": {
            "loss": 0.7117039472855571,
            "acc": 0.76584
        },
        "38": {
            "loss": 0.7134346429191892,
            "acc": 0.7673
        },
        "39": {
            "loss": 0.7252406718023597,
            "acc": 0.76482
        },
        "40": {
            "loss": 0.7218733214203964,
            "acc": 0.76602
        },
        "41": {
            "loss": 0.7243967059323245,
            "acc": 0.76544
        },
        "42": {
            "loss": 0.7251305343092554,
            "acc": 0.76768
        },
        "43": {
            "loss": 0.7428224533415206,
            "acc": 0.76206
        },
        "44": {
            "loss": 0.7296905195926462,
            "acc": 0.76366
        },
        "45": {
            "loss": 0.73394686197076,
            "acc": 0.763
        },
        "46": {
            "loss": 0.721219980579508,
            "acc": 0.76748
        },
        "47": {
            "loss": 0.7366671328959258,
            "acc": 0.76214
        },
        "48": {
            "loss": 0.7429741893125617,
            "acc": 0.7612
        },
        "49": {
            "loss": 0.7370076170357902,
            "acc": 0.7625
        },
        "50": {
            "loss": 0.7409253894063212,
            "acc": 0.76366
        },
        "51": {
            "loss": 0.7228764862660557,
            "acc": 0.76714
        },
        "52": {
            "loss": 0.7298264776349372,
            "acc": 0.7666
        },
        "53": {
            "loss": 0.7295804070999555,
            "acc": 0.76596
        },
        "54": {
            "loss": 0.7345823597572648,
            "acc": 0.76522
        },
        "55": {
            "loss": 0.7296114071555759,
            "acc": 0.76788
        },
        "56": {
            "loss": 0.7423356123592543,
            "acc": 0.76284
        },
        "57": {
            "loss": 0.7322536676436129,
            "acc": 0.76792
        },
        "58": {
            "loss": 0.7322737521984998,
            "acc": 0.7665
        },
        "59": {
            "loss": 0.7360538876879855,
            "acc": 0.76302
        },
        "60": {
            "loss": 0.7304382843282217,
            "acc": 0.76906
        },
        "61": {
            "loss": 0.7323351814923689,
            "acc": 0.76736
        },
        "62": {
            "loss": 0.7263474042153419,
            "acc": 0.76748
        },
        "63": {
            "loss": 0.7178162638945957,
            "acc": 0.77068
        },
        "64": {
            "loss": 0.7232376234915555,
            "acc": 0.77062
        },
        "65": {
            "loss": 0.7136466208931125,
            "acc": 0.77222
        },
        "66": {
            "loss": 0.7501765942329641,
            "acc": 0.76168
        },
        "67": {
            "loss": 0.7412805989422762,
            "acc": 0.76614
        },
        "68": {
            "loss": 0.7112480785383288,
            "acc": 0.77554
        },
        "69": {
            "loss": 0.7185062961962522,
            "acc": 0.77234
        },
        "70": {
            "loss": 0.7132792052862894,
            "acc": 0.7743
        },
        "71": {
            "loss": 0.7127794446542745,
            "acc": 0.77772
        },
        "72": {
            "loss": 0.701108590187624,
            "acc": 0.77728
        },
        "73": {
            "loss": 0.7054051874238817,
            "acc": 0.77586
        },
        "74": {
            "loss": 0.7143301790022789,
            "acc": 0.7734
        },
        "75": {
            "loss": 0.7128699069742657,
            "acc": 0.7733
        },
        "76": {
            "loss": 0.7073611638430134,
            "acc": 0.77776
        },
        "77": {
            "loss": 0.7066056899859777,
            "acc": 0.7754
        },
        "78": {
            "loss": 0.7070068929658826,
            "acc": 0.77662
        },
        "79": {
            "loss": 0.7067746403424636,
            "acc": 0.7765
        },
        "80": {
            "loss": 0.7098583016554108,
            "acc": 0.7747
        },
        "81": {
            "loss": 0.6932178274597354,
            "acc": 0.78194
        },
        "82": {
            "loss": 0.6833708028659187,
            "acc": 0.7857
        },
        "83": {
            "loss": 0.6973104658334152,
            "acc": 0.77898
        },
        "84": {
            "loss": 0.6971434429478462,
            "acc": 0.77766
        },
        "85": {
            "loss": 0.6835175585716277,
            "acc": 0.78304
        },
        "86": {
            "loss": 0.7021840671291741,
            "acc": 0.77632
        },
        "87": {
            "loss": 0.7038666814032113,
            "acc": 0.77952
        },
        "88": {
            "loss": 0.7053385990507463,
            "acc": 0.77874
        },
        "89": {
            "loss": 0.6838210542945911,
            "acc": 0.78588
        },
        "90": {
            "loss": 0.6882863619443401,
            "acc": 0.78332
        },
        "91": {
            "loss": 0.6850498540474631,
            "acc": 0.78542
        },
        "92": {
            "loss": 0.6946396890198788,
            "acc": 0.78142
        },
        "93": {
            "loss": 0.6840451468744546,
            "acc": 0.78444
        },
        "94": {
            "loss": 0.6777273302950213,
            "acc": 0.7879
        },
        "95": {
            "loss": 0.6815578099864218,
            "acc": 0.78568
        },
        "96": {
            "loss": 0.6763291242329971,
            "acc": 0.7859
        },
        "97": {
            "loss": 0.6736569582196452,
            "acc": 0.7882
        },
        "98": {
            "loss": 0.6666412018144222,
            "acc": 0.78866
        },
        "99": {
            "loss": 0.6759878871081125,
            "acc": 0.7865
        },
        "100": {
            "loss": 0.5076982570273797,
            "acc": 0.83664
        },
        "101": {
            "loss": 0.44567965531288206,
            "acc": 0.85416
        },
        "102": {
            "loss": 0.4229592904639061,
            "acc": 0.86056
        },
        "103": {
            "loss": 0.40586532214108634,
            "acc": 0.86446
        },
        "104": {
            "loss": 0.3935129594467485,
            "acc": 0.86812
        },
        "105": {
            "loss": 0.38728300251466846,
            "acc": 0.87056
        },
        "106": {
            "loss": 0.37256514439192573,
            "acc": 0.87504
        },
        "107": {
            "loss": 0.3654903666213955,
            "acc": 0.87628
        },
        "108": {
            "loss": 0.35609129761033653,
            "acc": 0.87878
        },
        "109": {
            "loss": 0.35039855227293565,
            "acc": 0.88332
        },
        "110": {
            "loss": 0.3437457298836135,
            "acc": 0.88256
        },
        "111": {
            "loss": 0.3408498053660478,
            "acc": 0.88536
        },
        "112": {
            "loss": 0.33339073827199617,
            "acc": 0.88604
        },
        "113": {
            "loss": 0.32877607506406886,
            "acc": 0.8883
        },
        "114": {
            "loss": 0.31826484226204854,
            "acc": 0.89274
        },
        "115": {
            "loss": 0.32267713581052276,
            "acc": 0.89038
        },
        "116": {
            "loss": 0.31295373856716446,
            "acc": 0.89272
        },
        "117": {
            "loss": 0.3109852204389889,
            "acc": 0.89428
        },
        "118": {
            "loss": 0.3084525105441013,
            "acc": 0.89522
        },
        "119": {
            "loss": 0.30779092513081974,
            "acc": 0.8949
        },
        "120": {
            "loss": 0.29382104015030214,
            "acc": 0.899
        },
        "121": {
            "loss": 0.29254343827514695,
            "acc": 0.89972
        },
        "122": {
            "loss": 0.2883362378686895,
            "acc": 0.9007
        },
        "123": {
            "loss": 0.2838501023400165,
            "acc": 0.90244
        },
        "124": {
            "loss": 0.2829653408445056,
            "acc": 0.90166
        },
        "125": {
            "loss": 0.2771929450847609,
            "acc": 0.90272
        },
        "126": {
            "loss": 0.27491857119076085,
            "acc": 0.9037
        },
        "127": {
            "loss": 0.26977453582808186,
            "acc": 0.90544
        },
        "128": {
            "loss": 0.2687958645851106,
            "acc": 0.90792
        },
        "129": {
            "loss": 0.26535214030224347,
            "acc": 0.90804
        },
        "130": {
            "loss": 0.2611975564866725,
            "acc": 0.90886
        },
        "131": {
            "loss": 0.2589041786196897,
            "acc": 0.90874
        },
        "132": {
            "loss": 0.25398186712390014,
            "acc": 0.91268
        },
        "133": {
            "loss": 0.2508211550886369,
            "acc": 0.91156
        },
        "134": {
            "loss": 0.2478409175144132,
            "acc": 0.91376
        },
        "135": {
            "loss": 0.24911680503193376,
            "acc": 0.91298
        },
        "136": {
            "loss": 0.2371445324109948,
            "acc": 0.91574
        },
        "137": {
            "loss": 0.23602688226782148,
            "acc": 0.91772
        },
        "138": {
            "loss": 0.23571297141444653,
            "acc": 0.9177
        },
        "139": {
            "loss": 0.2305608866236094,
            "acc": 0.92026
        },
        "140": {
            "loss": 0.2302472006024607,
            "acc": 0.9196
        },
        "141": {
            "loss": 0.22841151556014405,
            "acc": 0.9194
        },
        "142": {
            "loss": 0.22393272870489397,
            "acc": 0.92256
        },
        "143": {
            "loss": 0.2232632405122223,
            "acc": 0.92064
        },
        "144": {
            "loss": 0.21704220222999981,
            "acc": 0.92408
        },
        "145": {
            "loss": 0.21897142292822108,
            "acc": 0.92364
        },
        "146": {
            "loss": 0.21366518974075538,
            "acc": 0.92506
        },
        "147": {
            "loss": 0.21194578284192878,
            "acc": 0.92558
        },
        "148": {
            "loss": 0.209341070193159,
            "acc": 0.92724
        },
        "149": {
            "loss": 0.20675150005866194,
            "acc": 0.92866
        },
        "150": {
            "loss": 0.19596235374050677,
            "acc": 0.93106
        },
        "151": {
            "loss": 0.19627016636035632,
            "acc": 0.93126
        },
        "152": {
            "loss": 0.18861683355191786,
            "acc": 0.93438
        },
        "153": {
            "loss": 0.19213073475815146,
            "acc": 0.93324
        },
        "154": {
            "loss": 0.19018413389430328,
            "acc": 0.9328
        },
        "155": {
            "loss": 0.1880726864385178,
            "acc": 0.93472
        },
        "156": {
            "loss": 0.18762500963323867,
            "acc": 0.93416
        },
        "157": {
            "loss": 0.18496418834837805,
            "acc": 0.93574
        },
        "158": {
            "loss": 0.18694972448870348,
            "acc": 0.93376
        },
        "159": {
            "loss": 0.18510963670585467,
            "acc": 0.93546
        },
        "160": {
            "loss": 0.1859962612276187,
            "acc": 0.93464
        },
        "161": {
            "loss": 0.1874173447451628,
            "acc": 0.93404
        },
        "162": {
            "loss": 0.1858648323284848,
            "acc": 0.93574
        },
        "163": {
            "loss": 0.18226943462324874,
            "acc": 0.93548
        },
        "164": {
            "loss": 0.18229249293160865,
            "acc": 0.9356
        },
        "165": {
            "loss": 0.18378676176833375,
            "acc": 0.93532
        },
        "166": {
            "loss": 0.1822493115959265,
            "acc": 0.936
        },
        "167": {
            "loss": 0.18332083281272513,
            "acc": 0.93552
        },
        "168": {
            "loss": 0.18012136261900671,
            "acc": 0.93626
        },
        "169": {
            "loss": 0.18226278283635675,
            "acc": 0.93642
        },
        "170": {
            "loss": 0.17890618444251283,
            "acc": 0.936
        },
        "171": {
            "loss": 0.17845972583574407,
            "acc": 0.93794
        },
        "172": {
            "loss": 0.18383239893733389,
            "acc": 0.935
        },
        "173": {
            "loss": 0.18118188796979387,
            "acc": 0.93642
        },
        "174": {
            "loss": 0.1786490909355071,
            "acc": 0.9371
        },
        "175": {
            "loss": 0.1798602665400566,
            "acc": 0.93628
        },
        "176": {
            "loss": 0.17661544056537817,
            "acc": 0.93734
        },
        "177": {
            "loss": 0.18318108413034997,
            "acc": 0.93596
        },
        "178": {
            "loss": 0.18069093337144387,
            "acc": 0.9368
        },
        "179": {
            "loss": 0.17751068384636698,
            "acc": 0.93704
        },
        "180": {
            "loss": 0.17825578099778852,
            "acc": 0.9371
        },
        "181": {
            "loss": 0.1764324090784163,
            "acc": 0.93812
        },
        "182": {
            "loss": 0.17726084226956756,
            "acc": 0.93708
        },
        "183": {
            "loss": 0.17692035566205563,
            "acc": 0.93794
        },
        "184": {
            "loss": 0.17475208521956373,
            "acc": 0.93816
        },
        "185": {
            "loss": 0.1736672890975195,
            "acc": 0.93812
        },
        "186": {
            "loss": 0.17421085649477247,
            "acc": 0.93862
        },
        "187": {
            "loss": 0.17161889094144792,
            "acc": 0.93972
        },
        "188": {
            "loss": 0.17198912371569278,
            "acc": 0.93934
        },
        "189": {
            "loss": 0.17329737908966705,
            "acc": 0.93958
        },
        "190": {
            "loss": 0.1724621306561753,
            "acc": 0.93968
        },
        "191": {
            "loss": 0.17365501400874095,
            "acc": 0.9387
        },
        "192": {
            "loss": 0.17301828073113776,
            "acc": 0.93852
        },
        "193": {
            "loss": 0.1732492672989283,
            "acc": 0.93854
        },
        "194": {
            "loss": 0.16924342820825783,
            "acc": 0.94052
        },
        "195": {
            "loss": 0.1719333412282912,
            "acc": 0.93832
        },
        "196": {
            "loss": 0.17287198364582207,
            "acc": 0.93858
        },
        "197": {
            "loss": 0.17314559373709246,
            "acc": 0.93998
        },
        "198": {
            "loss": 0.17145340294217515,
            "acc": 0.9395
        },
        "199": {
            "loss": 0.1719007673756698,
            "acc": 0.9396
        },
        "200": {
            "loss": 0.17090640489555076,
            "acc": 0.93922
        },
        "201": {
            "loss": 0.1698389063825083,
            "acc": 0.93936
        },
        "202": {
            "loss": 0.17392254986650194,
            "acc": 0.93774
        },
        "203": {
            "loss": 0.1696064687617447,
            "acc": 0.9396
        },
        "204": {
            "loss": 0.16686321565371645,
            "acc": 0.94078
        },
        "205": {
            "loss": 0.16974466962887502,
            "acc": 0.94038
        },
        "206": {
            "loss": 0.17112639641670316,
            "acc": 0.93982
        },
        "207": {
            "loss": 0.16862478335876294,
            "acc": 0.94084
        },
        "208": {
            "loss": 0.16976583253620836,
            "acc": 0.94026
        },
        "209": {
            "loss": 0.1715277295626338,
            "acc": 0.93846
        },
        "210": {
            "loss": 0.16881015599536164,
            "acc": 0.9403
        },
        "211": {
            "loss": 0.17173011298946408,
            "acc": 0.93976
        },
        "212": {
            "loss": 0.16936574833434256,
            "acc": 0.93994
        },
        "213": {
            "loss": 0.17042944008660743,
            "acc": 0.939
        },
        "214": {
            "loss": 0.16817294571863112,
            "acc": 0.9397
        },
        "215": {
            "loss": 0.16701119787552776,
            "acc": 0.94096
        },
        "216": {
            "loss": 0.1650026957016162,
            "acc": 0.94154
        },
        "217": {
            "loss": 0.16722094091346196,
            "acc": 0.93912
        },
        "218": {
            "loss": 0.1712585287478269,
            "acc": 0.94016
        },
        "219": {
            "loss": 0.17035618212902942,
            "acc": 0.9395
        },
        "220": {
            "loss": 0.17031292240028187,
            "acc": 0.94054
        },
        "221": {
            "loss": 0.16514545390406227,
            "acc": 0.94206
        },
        "222": {
            "loss": 0.17039370423425798,
            "acc": 0.94064
        },
        "223": {
            "loss": 0.16739399757836482,
            "acc": 0.94202
        },
        "224": {
            "loss": 0.1670598446694024,
            "acc": 0.94074
        },
        "225": {
            "loss": 0.16887207565557621,
            "acc": 0.9407
        },
        "226": {
            "loss": 0.1666349252623975,
            "acc": 0.94028
        },
        "227": {
            "loss": 0.16580319738067933,
            "acc": 0.94214
        },
        "228": {
            "loss": 0.16793569711887318,
            "acc": 0.94038
        },
        "229": {
            "loss": 0.16638355374412464,
            "acc": 0.94054
        },
        "230": {
            "loss": 0.17008574361272175,
            "acc": 0.93936
        },
        "231": {
            "loss": 0.17032138768897948,
            "acc": 0.93982
        },
        "232": {
            "loss": 0.17003353737542393,
            "acc": 0.94044
        },
        "233": {
            "loss": 0.16610787705044308,
            "acc": 0.9426
        },
        "234": {
            "loss": 0.17026784558735236,
            "acc": 0.93896
        },
        "235": {
            "loss": 0.1681764995121895,
            "acc": 0.9403
        },
        "236": {
            "loss": 0.16619252408747479,
            "acc": 0.9412
        },
        "237": {
            "loss": 0.168233265590561,
            "acc": 0.94088
        },
        "238": {
            "loss": 0.16902006928192076,
            "acc": 0.9402
        },
        "239": {
            "loss": 0.1670569709556944,
            "acc": 0.94186
        },
        "240": {
            "loss": 0.16557302669910215,
            "acc": 0.94164
        },
        "241": {
            "loss": 0.16515583336315193,
            "acc": 0.9415
        },
        "242": {
            "loss": 0.16807052385433555,
            "acc": 0.94092
        },
        "243": {
            "loss": 0.16883889757230153,
            "acc": 0.94012
        },
        "244": {
            "loss": 0.1686679208484452,
            "acc": 0.94124
        },
        "245": {
            "loss": 0.16719773935768611,
            "acc": 0.94124
        },
        "246": {
            "loss": 0.16877549658993932,
            "acc": 0.9407
        },
        "247": {
            "loss": 0.1669182735292808,
            "acc": 0.94138
        },
        "248": {
            "loss": 0.16765985942786307,
            "acc": 0.94088
        },
        "249": {
            "loss": 0.16750456623332885,
            "acc": 0.94078
        }
    },
    "test": {
        "0": {
            "loss": 1.4957482504844666,
            "acc": 0.4676
        },
        "1": {
            "loss": 1.2679396057128907,
            "acc": 0.548
        },
        "3": {
            "loss": 0.9558324122428894,
            "acc": 0.6711
        },
        "5": {
            "loss": 0.8892513370513916,
            "acc": 0.6971
        },
        "7": {
            "loss": 0.9172364366054535,
            "acc": 0.6849
        },
        "9": {
            "loss": 0.8415531575679779,
            "acc": 0.7258
        },
        "11": {
            "loss": 0.8147590315341949,
            "acc": 0.7294
        },
        "13": {
            "loss": 0.8456214261054993,
            "acc": 0.725
        },
        "15": {
            "loss": 0.8285464811325073,
            "acc": 0.7278
        },
        "17": {
            "loss": 0.8169924652576447,
            "acc": 0.7306
        },
        "19": {
            "loss": 0.7789189743995667,
            "acc": 0.747
        },
        "21": {
            "loss": 0.8268048870563507,
            "acc": 0.7346
        },
        "23": {
            "loss": 0.8420932710170745,
            "acc": 0.7329
        },
        "25": {
            "loss": 0.7982922196388245,
            "acc": 0.7451
        },
        "27": {
            "loss": 0.776181834936142,
            "acc": 0.7472
        },
        "29": {
            "loss": 0.7789742219448089,
            "acc": 0.7539
        },
        "31": {
            "loss": 0.803931827545166,
            "acc": 0.7449
        },
        "33": {
            "loss": 0.8246499681472779,
            "acc": 0.7455
        },
        "35": {
            "loss": 0.8379344522953034,
            "acc": 0.7477
        },
        "37": {
            "loss": 0.8575460481643676,
            "acc": 0.7329
        },
        "39": {
            "loss": 0.7941780602931976,
            "acc": 0.7537
        },
        "41": {
            "loss": 0.8989464724063874,
            "acc": 0.7246
        },
        "43": {
            "loss": 0.8685603809356689,
            "acc": 0.7219
        },
        "45": {
            "loss": 0.8827010452747345,
            "acc": 0.7219
        },
        "47": {
            "loss": 0.863098726272583,
            "acc": 0.7331
        },
        "49": {
            "loss": 0.8939037609100342,
            "acc": 0.7261
        },
        "51": {
            "loss": 0.8581903445720672,
            "acc": 0.7369
        },
        "53": {
            "loss": 0.8189261972904205,
            "acc": 0.7459
        },
        "55": {
            "loss": 0.8252439272403717,
            "acc": 0.7491
        },
        "57": {
            "loss": 0.872322998046875,
            "acc": 0.7339
        },
        "59": {
            "loss": 0.8527594244480133,
            "acc": 0.7456
        },
        "61": {
            "loss": 0.8683467411994934,
            "acc": 0.7404
        },
        "63": {
            "loss": 0.8568849921226501,
            "acc": 0.739
        },
        "65": {
            "loss": 0.9127565550804139,
            "acc": 0.7196
        },
        "67": {
            "loss": 0.8349310481548309,
            "acc": 0.7431
        },
        "69": {
            "loss": 0.8776480174064636,
            "acc": 0.7379
        },
        "71": {
            "loss": 0.8631943023204803,
            "acc": 0.7353
        },
        "73": {
            "loss": 0.8266891551017761,
            "acc": 0.7544
        },
        "75": {
            "loss": 0.8087677085399627,
            "acc": 0.7494
        },
        "77": {
            "loss": 0.84667196393013,
            "acc": 0.7489
        },
        "79": {
            "loss": 0.8321452867984772,
            "acc": 0.7445
        },
        "81": {
            "loss": 0.8833729362487793,
            "acc": 0.7342
        },
        "83": {
            "loss": 0.8891363203525543,
            "acc": 0.7408
        },
        "85": {
            "loss": 0.826245973110199,
            "acc": 0.7522
        },
        "87": {
            "loss": 0.8805816113948822,
            "acc": 0.7307
        },
        "89": {
            "loss": 0.8361996102333069,
            "acc": 0.7571
        },
        "91": {
            "loss": 0.8424959361553193,
            "acc": 0.7359
        },
        "93": {
            "loss": 0.8012803041934967,
            "acc": 0.7516
        },
        "95": {
            "loss": 0.8367414402961731,
            "acc": 0.7465
        },
        "97": {
            "loss": 0.8401846289634705,
            "acc": 0.7448
        },
        "99": {
            "loss": 0.8561486351490021,
            "acc": 0.7498
        },
        "101": {
            "loss": 0.6502629441022872,
            "acc": 0.8056
        },
        "103": {
            "loss": 0.6312685370445251,
            "acc": 0.8098
        },
        "105": {
            "loss": 0.6134192061424255,
            "acc": 0.8165
        },
        "107": {
            "loss": 0.6095230776071549,
            "acc": 0.8149
        },
        "109": {
            "loss": 0.6083687096834183,
            "acc": 0.8189
        },
        "111": {
            "loss": 0.598170296549797,
            "acc": 0.8233
        },
        "113": {
            "loss": 0.6043183410167694,
            "acc": 0.8209
        },
        "115": {
            "loss": 0.598518717288971,
            "acc": 0.8228
        },
        "117": {
            "loss": 0.5972243797779083,
            "acc": 0.8235
        },
        "119": {
            "loss": 0.5984489285945892,
            "acc": 0.8237
        },
        "121": {
            "loss": 0.609137464761734,
            "acc": 0.8233
        },
        "123": {
            "loss": 0.5931661969423294,
            "acc": 0.8265
        },
        "125": {
            "loss": 0.5921452498435974,
            "acc": 0.8287
        },
        "127": {
            "loss": 0.5997248619794846,
            "acc": 0.8282
        },
        "129": {
            "loss": 0.5927022606134414,
            "acc": 0.8282
        },
        "131": {
            "loss": 0.6047025144100189,
            "acc": 0.8291
        },
        "133": {
            "loss": 0.6003371852636338,
            "acc": 0.83
        },
        "135": {
            "loss": 0.6057725757360458,
            "acc": 0.8299
        },
        "137": {
            "loss": 0.6148115235567093,
            "acc": 0.8299
        },
        "139": {
            "loss": 0.6061357128620147,
            "acc": 0.8323
        },
        "141": {
            "loss": 0.6154272902011871,
            "acc": 0.8327
        },
        "143": {
            "loss": 0.6133676552772522,
            "acc": 0.8313
        },
        "145": {
            "loss": 0.614461298584938,
            "acc": 0.8324
        },
        "147": {
            "loss": 0.6273253893852234,
            "acc": 0.8333
        },
        "149": {
            "loss": 0.6398062235116959,
            "acc": 0.8275
        },
        "151": {
            "loss": 0.6220969879627227,
            "acc": 0.8346
        },
        "153": {
            "loss": 0.6253750890493393,
            "acc": 0.8334
        },
        "155": {
            "loss": 0.6240108102560044,
            "acc": 0.8332
        },
        "157": {
            "loss": 0.6265424299240112,
            "acc": 0.8348
        },
        "159": {
            "loss": 0.6270590561628342,
            "acc": 0.8347
        },
        "161": {
            "loss": 0.6278778636455535,
            "acc": 0.8343
        },
        "163": {
            "loss": 0.6279220318794251,
            "acc": 0.8361
        },
        "165": {
            "loss": 0.6273022842407227,
            "acc": 0.8356
        },
        "167": {
            "loss": 0.6311478966474533,
            "acc": 0.8364
        },
        "169": {
            "loss": 0.6341532570123672,
            "acc": 0.836
        },
        "171": {
            "loss": 0.6335732138156891,
            "acc": 0.8359
        },
        "173": {
            "loss": 0.6313151943683625,
            "acc": 0.8355
        },
        "175": {
            "loss": 0.6341088265180588,
            "acc": 0.8361
        },
        "177": {
            "loss": 0.6354104745388031,
            "acc": 0.8362
        },
        "179": {
            "loss": 0.6352896946668625,
            "acc": 0.8361
        },
        "181": {
            "loss": 0.6381881761550904,
            "acc": 0.8367
        },
        "183": {
            "loss": 0.6360424453020096,
            "acc": 0.8364
        },
        "185": {
            "loss": 0.6399864917993545,
            "acc": 0.835
        },
        "187": {
            "loss": 0.6413589715957642,
            "acc": 0.8356
        },
        "189": {
            "loss": 0.6376660579442978,
            "acc": 0.8359
        },
        "191": {
            "loss": 0.6404504430294037,
            "acc": 0.8362
        },
        "193": {
            "loss": 0.6380074465274811,
            "acc": 0.8372
        },
        "195": {
            "loss": 0.642795496582985,
            "acc": 0.8356
        },
        "197": {
            "loss": 0.6404207527637482,
            "acc": 0.8359
        },
        "199": {
            "loss": 0.6412546360492706,
            "acc": 0.8365
        },
        "201": {
            "loss": 0.6418663281202316,
            "acc": 0.8362
        },
        "203": {
            "loss": 0.6417763590812683,
            "acc": 0.8354
        },
        "205": {
            "loss": 0.6419712859392166,
            "acc": 0.8356
        },
        "207": {
            "loss": 0.6420964819192886,
            "acc": 0.8362
        },
        "209": {
            "loss": 0.6421637392044067,
            "acc": 0.8366
        },
        "211": {
            "loss": 0.642286845445633,
            "acc": 0.8366
        },
        "213": {
            "loss": 0.6431275147199631,
            "acc": 0.8371
        },
        "215": {
            "loss": 0.6428539162874222,
            "acc": 0.8367
        },
        "217": {
            "loss": 0.6439250349998474,
            "acc": 0.8364
        },
        "219": {
            "loss": 0.6430139172077179,
            "acc": 0.8368
        },
        "221": {
            "loss": 0.6433762979507446,
            "acc": 0.8364
        },
        "223": {
            "loss": 0.6433619946241379,
            "acc": 0.8369
        },
        "225": {
            "loss": 0.6441143524646759,
            "acc": 0.8371
        },
        "227": {
            "loss": 0.6440558707714081,
            "acc": 0.8369
        },
        "229": {
            "loss": 0.6447250199317932,
            "acc": 0.8369
        },
        "231": {
            "loss": 0.6442008036375045,
            "acc": 0.8373
        },
        "233": {
            "loss": 0.6446548390388489,
            "acc": 0.8374
        },
        "235": {
            "loss": 0.6446180099248886,
            "acc": 0.8374
        },
        "237": {
            "loss": 0.6448456048965454,
            "acc": 0.8368
        },
        "239": {
            "loss": 0.645484808087349,
            "acc": 0.8368
        },
        "241": {
            "loss": 0.6455047452449798,
            "acc": 0.8375
        },
        "243": {
            "loss": 0.6454834687709808,
            "acc": 0.8374
        },
        "245": {
            "loss": 0.6453506875038147,
            "acc": 0.837
        },
        "247": {
            "loss": 0.6451345181465149,
            "acc": 0.8367
        },
        "249": {
            "loss": 0.6451039403676987,
            "acc": 0.8367
        }
    },
    "best": {
        "best_epoch": 241,
        "best_acc": 83.75
    }
}