{
    "train": {
        "0": {
            "loss": 1.8408078513182033,
            "acc": 0.30704
        },
        "1": {
            "loss": 1.5357893735856352,
            "acc": 0.44316
        },
        "2": {
            "loss": 1.4236296143983027,
            "acc": 0.49066
        },
        "3": {
            "loss": 1.3502883453808172,
            "acc": 0.52274
        },
        "4": {
            "loss": 1.3070429722061547,
            "acc": 0.54576
        },
        "5": {
            "loss": 1.278910990871127,
            "acc": 0.55658
        },
        "6": {
            "loss": 1.257800548735177,
            "acc": 0.56358
        },
        "7": {
            "loss": 1.2539538718245524,
            "acc": 0.57074
        },
        "8": {
            "loss": 1.2470645148430943,
            "acc": 0.57328
        },
        "9": {
            "loss": 1.2584301600675754,
            "acc": 0.57366
        },
        "10": {
            "loss": 1.244154954352952,
            "acc": 0.58086
        },
        "11": {
            "loss": 1.2493826417666871,
            "acc": 0.58274
        },
        "12": {
            "loss": 1.2420131147974898,
            "acc": 0.58398
        },
        "13": {
            "loss": 1.2581032194444894,
            "acc": 0.58052
        },
        "14": {
            "loss": 1.258665315940252,
            "acc": 0.57822
        },
        "15": {
            "loss": 1.267984696361415,
            "acc": 0.58046
        },
        "16": {
            "loss": 1.277270464945937,
            "acc": 0.57774
        },
        "17": {
            "loss": 1.285883514015266,
            "acc": 0.57394
        },
        "18": {
            "loss": 1.2776927975437524,
            "acc": 0.57972
        },
        "19": {
            "loss": 1.2874580812271295,
            "acc": 0.57614
        },
        "20": {
            "loss": 1.2898466599261975,
            "acc": 0.5743
        },
        "21": {
            "loss": 1.2886878267273574,
            "acc": 0.57378
        },
        "22": {
            "loss": 1.2970716314547508,
            "acc": 0.57382
        },
        "23": {
            "loss": 1.2979084055137147,
            "acc": 0.57132
        },
        "24": {
            "loss": 1.3006543203083145,
            "acc": 0.57206
        },
        "25": {
            "loss": 1.3055931803820384,
            "acc": 0.57286
        },
        "26": {
            "loss": 1.2971589684181506,
            "acc": 0.57234
        },
        "27": {
            "loss": 1.3077430504057415,
            "acc": 0.56914
        },
        "28": {
            "loss": 1.2906907705394812,
            "acc": 0.58078
        },
        "29": {
            "loss": 1.3231644926168729,
            "acc": 0.56744
        },
        "30": {
            "loss": 1.3367837133919795,
            "acc": 0.56486
        },
        "31": {
            "loss": 1.3197133989285326,
            "acc": 0.57172
        },
        "32": {
            "loss": 1.3244177889640985,
            "acc": 0.5681
        },
        "33": {
            "loss": 1.3135035461781885,
            "acc": 0.57462
        },
        "34": {
            "loss": 1.3100742440089546,
            "acc": 0.57224
        },
        "35": {
            "loss": 1.2940697076985292,
            "acc": 0.5794
        },
        "36": {
            "loss": 1.312509739185538,
            "acc": 0.5741
        },
        "37": {
            "loss": 1.2909260430299412,
            "acc": 0.57918
        },
        "38": {
            "loss": 1.2858663750121662,
            "acc": 0.5825
        },
        "39": {
            "loss": 1.2978995588734328,
            "acc": 0.57632
        },
        "40": {
            "loss": 1.3002079374649946,
            "acc": 0.57706
        },
        "41": {
            "loss": 1.2849114436627653,
            "acc": 0.58256
        },
        "42": {
            "loss": 1.288661654190639,
            "acc": 0.58042
        },
        "43": {
            "loss": 1.283297263752774,
            "acc": 0.5833
        },
        "44": {
            "loss": 1.2721004842797203,
            "acc": 0.58682
        },
        "45": {
            "loss": 1.2668017449281406,
            "acc": 0.59042
        },
        "46": {
            "loss": 1.2607090186584942,
            "acc": 0.59326
        },
        "47": {
            "loss": 1.2647589766765799,
            "acc": 0.58926
        },
        "48": {
            "loss": 1.2470085732162457,
            "acc": 0.59548
        },
        "49": {
            "loss": 1.2471410911101515,
            "acc": 0.59502
        },
        "50": {
            "loss": 1.2551882686212545,
            "acc": 0.59214
        },
        "51": {
            "loss": 1.2619888727622264,
            "acc": 0.59346
        },
        "52": {
            "loss": 1.2725409438543003,
            "acc": 0.58884
        },
        "53": {
            "loss": 1.2790899223378858,
            "acc": 0.58536
        },
        "54": {
            "loss": 1.273763010568936,
            "acc": 0.5888
        },
        "55": {
            "loss": 1.2771420301988607,
            "acc": 0.58608
        },
        "56": {
            "loss": 1.271225437483824,
            "acc": 0.58664
        },
        "57": {
            "loss": 1.2650707609513228,
            "acc": 0.59076
        },
        "58": {
            "loss": 1.2564531384831499,
            "acc": 0.59204
        },
        "59": {
            "loss": 1.2555318084519234,
            "acc": 0.59368
        },
        "60": {
            "loss": 1.2657456245568708,
            "acc": 0.59294
        },
        "61": {
            "loss": 1.2445596348294212,
            "acc": 0.60146
        },
        "62": {
            "loss": 1.2282401788265198,
            "acc": 0.60312
        },
        "63": {
            "loss": 1.2324533717101798,
            "acc": 0.60172
        },
        "64": {
            "loss": 1.2459708453749148,
            "acc": 0.60064
        },
        "65": {
            "loss": 1.2328497217134442,
            "acc": 0.59846
        },
        "66": {
            "loss": 1.2385434342162382,
            "acc": 0.59942
        },
        "67": {
            "loss": 1.2427083439839162,
            "acc": 0.59674
        },
        "68": {
            "loss": 1.2581501575687049,
            "acc": 0.59648
        },
        "69": {
            "loss": 1.2450874566726977,
            "acc": 0.60004
        },
        "70": {
            "loss": 1.2570072086265935,
            "acc": 0.59632
        },
        "71": {
            "loss": 1.2594840134806036,
            "acc": 0.59328
        },
        "72": {
            "loss": 1.276467223301568,
            "acc": 0.5889
        },
        "73": {
            "loss": 1.280947889818255,
            "acc": 0.58414
        },
        "74": {
            "loss": 1.247652158712792,
            "acc": 0.59666
        },
        "75": {
            "loss": 1.245241936972684,
            "acc": 0.5961
        },
        "76": {
            "loss": 1.2786594190256064,
            "acc": 0.58984
        },
        "77": {
            "loss": 1.271835475626504,
            "acc": 0.58756
        },
        "78": {
            "loss": 1.2758480601603417,
            "acc": 0.58792
        },
        "79": {
            "loss": 1.2514323130288088,
            "acc": 0.59726
        },
        "80": {
            "loss": 1.257030750631981,
            "acc": 0.59312
        },
        "81": {
            "loss": 1.2674612331268427,
            "acc": 0.59278
        },
        "82": {
            "loss": 1.2770825859225925,
            "acc": 0.58686
        },
        "83": {
            "loss": 1.2647386216141683,
            "acc": 0.59084
        },
        "84": {
            "loss": 1.2547724201246295,
            "acc": 0.5955
        },
        "85": {
            "loss": 1.252442991642086,
            "acc": 0.59768
        },
        "86": {
            "loss": 1.2450504334991241,
            "acc": 0.59934
        },
        "87": {
            "loss": 1.2578071078376087,
            "acc": 0.59284
        },
        "88": {
            "loss": 1.2334505656491155,
            "acc": 0.60066
        },
        "89": {
            "loss": 1.2505469270374463,
            "acc": 0.59778
        },
        "90": {
            "loss": 1.2443808506211966,
            "acc": 0.59662
        },
        "91": {
            "loss": 1.275333946623156,
            "acc": 0.58928
        },
        "92": {
            "loss": 1.2883585523766325,
            "acc": 0.5851
        },
        "93": {
            "loss": 1.286744894426497,
            "acc": 0.5852
        },
        "94": {
            "loss": 1.2614825249023145,
            "acc": 0.59486
        },
        "95": {
            "loss": 1.2954262127656766,
            "acc": 0.58574
        },
        "96": {
            "loss": 1.2716570190151635,
            "acc": 0.59188
        },
        "97": {
            "loss": 1.2618470044087267,
            "acc": 0.5929
        },
        "98": {
            "loss": 1.2431030819178237,
            "acc": 0.60126
        },
        "99": {
            "loss": 1.2338853598860524,
            "acc": 0.60346
        },
        "100": {
            "loss": 0.9803757025762592,
            "acc": 0.67714
        },
        "101": {
            "loss": 0.9073112550598886,
            "acc": 0.69956
        },
        "102": {
            "loss": 0.8808154998837835,
            "acc": 0.70498
        },
        "103": {
            "loss": 0.860990052485405,
            "acc": 0.709
        },
        "104": {
            "loss": 0.8364334111018559,
            "acc": 0.71756
        },
        "105": {
            "loss": 0.825134398077455,
            "acc": 0.7204
        },
        "106": {
            "loss": 0.8088520847623001,
            "acc": 0.72332
        },
        "107": {
            "loss": 0.8011305178217876,
            "acc": 0.72616
        },
        "108": {
            "loss": 0.7901950728557908,
            "acc": 0.73022
        },
        "109": {
            "loss": 0.7854705591640814,
            "acc": 0.72992
        },
        "110": {
            "loss": 0.7716367490151349,
            "acc": 0.73424
        },
        "111": {
            "loss": 0.7658336132841037,
            "acc": 0.73816
        },
        "112": {
            "loss": 0.7604792464114821,
            "acc": 0.7388
        },
        "113": {
            "loss": 0.7539999485015869,
            "acc": 0.74112
        },
        "114": {
            "loss": 0.7453520962649294,
            "acc": 0.74216
        },
        "115": {
            "loss": 0.7399689643584249,
            "acc": 0.74408
        },
        "116": {
            "loss": 0.7345991554620016,
            "acc": 0.74428
        },
        "117": {
            "loss": 0.7239488933397376,
            "acc": 0.74984
        },
        "118": {
            "loss": 0.7191097128116871,
            "acc": 0.75158
        },
        "119": {
            "loss": 0.7130436000159329,
            "acc": 0.75244
        },
        "120": {
            "loss": 0.7106616325543055,
            "acc": 0.75322
        },
        "121": {
            "loss": 0.6992520171663036,
            "acc": 0.7566
        },
        "122": {
            "loss": 0.6952593071991221,
            "acc": 0.7575
        },
        "123": {
            "loss": 0.6907965943331609,
            "acc": 0.75806
        },
        "124": {
            "loss": 0.6869146696594365,
            "acc": 0.75956
        },
        "125": {
            "loss": 0.6816100272376214,
            "acc": 0.76134
        },
        "126": {
            "loss": 0.6707279673775138,
            "acc": 0.76674
        },
        "127": {
            "loss": 0.6722734112416386,
            "acc": 0.76448
        },
        "128": {
            "loss": 0.6659933393416198,
            "acc": 0.76896
        },
        "129": {
            "loss": 0.6591280768899357,
            "acc": 0.76946
        },
        "130": {
            "loss": 0.6537743184115271,
            "acc": 0.7711
        },
        "131": {
            "loss": 0.649288921557424,
            "acc": 0.77328
        },
        "132": {
            "loss": 0.6440693321435348,
            "acc": 0.77392
        },
        "133": {
            "loss": 0.6459157575121925,
            "acc": 0.77314
        },
        "134": {
            "loss": 0.6372267669424072,
            "acc": 0.77562
        },
        "135": {
            "loss": 0.6350369329190315,
            "acc": 0.77698
        },
        "136": {
            "loss": 0.6303929068395854,
            "acc": 0.77802
        },
        "137": {
            "loss": 0.624059920420732,
            "acc": 0.78056
        },
        "138": {
            "loss": 0.6192668411128052,
            "acc": 0.78092
        },
        "139": {
            "loss": 0.6148334694335528,
            "acc": 0.7813
        },
        "140": {
            "loss": 0.6153584102840375,
            "acc": 0.78126
        },
        "141": {
            "loss": 0.6098281975902254,
            "acc": 0.78414
        },
        "142": {
            "loss": 0.5973556920543046,
            "acc": 0.78912
        },
        "143": {
            "loss": 0.5986990222845541,
            "acc": 0.78782
        },
        "144": {
            "loss": 0.5971727440576724,
            "acc": 0.78924
        },
        "145": {
            "loss": 0.5896044596839134,
            "acc": 0.791
        },
        "146": {
            "loss": 0.5865150314310322,
            "acc": 0.79222
        },
        "147": {
            "loss": 0.582869950157907,
            "acc": 0.79192
        },
        "148": {
            "loss": 0.5732123052982419,
            "acc": 0.79872
        },
        "149": {
            "loss": 0.5727728147945745,
            "acc": 0.79694
        },
        "150": {
            "loss": 0.5407678452141754,
            "acc": 0.80508
        },
        "151": {
            "loss": 0.5317993111470166,
            "acc": 0.81104
        },
        "152": {
            "loss": 0.531242742181739,
            "acc": 0.80922
        },
        "153": {
            "loss": 0.5253131511571157,
            "acc": 0.81188
        },
        "154": {
            "loss": 0.5227590571431553,
            "acc": 0.81318
        },
        "155": {
            "loss": 0.5173974517361283,
            "acc": 0.81454
        },
        "156": {
            "loss": 0.514585978692145,
            "acc": 0.81634
        },
        "157": {
            "loss": 0.5154890827358226,
            "acc": 0.81478
        },
        "158": {
            "loss": 0.5157153325160141,
            "acc": 0.8152
        },
        "159": {
            "loss": 0.5135904624486518,
            "acc": 0.81666
        },
        "160": {
            "loss": 0.5138675171091124,
            "acc": 0.81462
        },
        "161": {
            "loss": 0.5123128553333185,
            "acc": 0.81422
        },
        "162": {
            "loss": 0.5064631372766422,
            "acc": 0.81822
        },
        "163": {
            "loss": 0.5092412259267725,
            "acc": 0.81662
        },
        "164": {
            "loss": 0.5062534870851375,
            "acc": 0.81878
        },
        "165": {
            "loss": 0.5048161649795444,
            "acc": 0.81934
        },
        "166": {
            "loss": 0.5021589205545538,
            "acc": 0.81762
        },
        "167": {
            "loss": 0.5026776977359791,
            "acc": 0.82042
        },
        "168": {
            "loss": 0.5005794638562995,
            "acc": 0.8189
        },
        "169": {
            "loss": 0.49938942068982917,
            "acc": 0.81978
        },
        "170": {
            "loss": 0.49768026786692005,
            "acc": 0.82122
        },
        "171": {
            "loss": 0.49938579456275684,
            "acc": 0.82026
        },
        "172": {
            "loss": 0.4966054400214759,
            "acc": 0.82242
        },
        "173": {
            "loss": 0.4920443139417702,
            "acc": 0.82396
        },
        "174": {
            "loss": 0.4895614757562232,
            "acc": 0.82358
        },
        "175": {
            "loss": 0.49810255679023235,
            "acc": 0.81998
        },
        "176": {
            "loss": 0.49344047858282125,
            "acc": 0.82058
        },
        "177": {
            "loss": 0.49076376874428573,
            "acc": 0.82476
        },
        "178": {
            "loss": 0.48791156674894837,
            "acc": 0.823
        },
        "179": {
            "loss": 0.48901795426293104,
            "acc": 0.82386
        },
        "180": {
            "loss": 0.4856452854240642,
            "acc": 0.8246
        },
        "181": {
            "loss": 0.48398830168082585,
            "acc": 0.82424
        },
        "182": {
            "loss": 0.48828921827208965,
            "acc": 0.82424
        },
        "183": {
            "loss": 0.484209399775166,
            "acc": 0.82724
        },
        "184": {
            "loss": 0.48596863528651657,
            "acc": 0.82366
        },
        "185": {
            "loss": 0.48430796691676237,
            "acc": 0.82632
        },
        "186": {
            "loss": 0.4833869471421937,
            "acc": 0.82436
        },
        "187": {
            "loss": 0.4828335901203058,
            "acc": 0.82586
        },
        "188": {
            "loss": 0.48082369451632584,
            "acc": 0.82612
        },
        "189": {
            "loss": 0.47762204672369507,
            "acc": 0.82846
        },
        "190": {
            "loss": 0.48375465795207206,
            "acc": 0.82762
        },
        "191": {
            "loss": 0.478358197090266,
            "acc": 0.82718
        },
        "192": {
            "loss": 0.47647789364580606,
            "acc": 0.82828
        },
        "193": {
            "loss": 0.47542574590124437,
            "acc": 0.8295
        },
        "194": {
            "loss": 0.47689511312548155,
            "acc": 0.82946
        },
        "195": {
            "loss": 0.47898583895410113,
            "acc": 0.82912
        },
        "196": {
            "loss": 0.4754897300392161,
            "acc": 0.83016
        },
        "197": {
            "loss": 0.47120491379057355,
            "acc": 0.8306
        },
        "198": {
            "loss": 0.4680308532684355,
            "acc": 0.8283
        },
        "199": {
            "loss": 0.4717140701573218,
            "acc": 0.83048
        },
        "200": {
            "loss": 0.46249168730147966,
            "acc": 0.83334
        },
        "201": {
            "loss": 0.4663122651522117,
            "acc": 0.83284
        },
        "202": {
            "loss": 0.46556338835555267,
            "acc": 0.8334
        },
        "203": {
            "loss": 0.4611799339656635,
            "acc": 0.83192
        },
        "204": {
            "loss": 0.46163221119005055,
            "acc": 0.83204
        },
        "205": {
            "loss": 0.4560761690292212,
            "acc": 0.83476
        },
        "206": {
            "loss": 0.4652125715752087,
            "acc": 0.83424
        },
        "207": {
            "loss": 0.4620553056907166,
            "acc": 0.83226
        },
        "208": {
            "loss": 0.4624563351921413,
            "acc": 0.83384
        },
        "209": {
            "loss": 0.46056394023663555,
            "acc": 0.83318
        },
        "210": {
            "loss": 0.4616138425934345,
            "acc": 0.8356
        },
        "211": {
            "loss": 0.4598598378088773,
            "acc": 0.83412
        },
        "212": {
            "loss": 0.46155731277087764,
            "acc": 0.83452
        },
        "213": {
            "loss": 0.4632773036542146,
            "acc": 0.8329
        },
        "214": {
            "loss": 0.46352665884720395,
            "acc": 0.83302
        },
        "215": {
            "loss": 0.4605263485323133,
            "acc": 0.83472
        },
        "216": {
            "loss": 0.46166441080820225,
            "acc": 0.83376
        },
        "217": {
            "loss": 0.4578233913082601,
            "acc": 0.8355
        },
        "218": {
            "loss": 0.4605742085467824,
            "acc": 0.83314
        },
        "219": {
            "loss": 0.46369885620863543,
            "acc": 0.83322
        },
        "220": {
            "loss": 0.4612324762603511,
            "acc": 0.83372
        },
        "221": {
            "loss": 0.4542230053630936,
            "acc": 0.83516
        },
        "222": {
            "loss": 0.4601141985724954,
            "acc": 0.8322
        },
        "223": {
            "loss": 0.46049816742577515,
            "acc": 0.83442
        },
        "224": {
            "loss": 0.46359638309539736,
            "acc": 0.83178
        },
        "225": {
            "loss": 0.4598356860373026,
            "acc": 0.83392
        },
        "226": {
            "loss": 0.45712367005055515,
            "acc": 0.8355
        },
        "227": {
            "loss": 0.4589463615280283,
            "acc": 0.8332
        },
        "228": {
            "loss": 0.4593262621356398,
            "acc": 0.8346
        },
        "229": {
            "loss": 0.46088895468455754,
            "acc": 0.83192
        },
        "230": {
            "loss": 0.460717430657438,
            "acc": 0.8333
        },
        "231": {
            "loss": 0.4587077136387301,
            "acc": 0.83492
        },
        "232": {
            "loss": 0.4563510545989132,
            "acc": 0.83382
        },
        "233": {
            "loss": 0.45949105190499057,
            "acc": 0.83512
        },
        "234": {
            "loss": 0.45713428120174066,
            "acc": 0.83422
        },
        "235": {
            "loss": 0.4583790025595204,
            "acc": 0.8335
        },
        "236": {
            "loss": 0.45937693454420475,
            "acc": 0.834
        },
        "237": {
            "loss": 0.45647050535587397,
            "acc": 0.83598
        },
        "238": {
            "loss": 0.45616491066525355,
            "acc": 0.83606
        },
        "239": {
            "loss": 0.4597449195964257,
            "acc": 0.8348
        },
        "240": {
            "loss": 0.45993735906108263,
            "acc": 0.83274
        },
        "241": {
            "loss": 0.4585124257275516,
            "acc": 0.83366
        },
        "242": {
            "loss": 0.4584578701754665,
            "acc": 0.83462
        },
        "243": {
            "loss": 0.45597970462821025,
            "acc": 0.83484
        },
        "244": {
            "loss": 0.460635456054107,
            "acc": 0.83536
        },
        "245": {
            "loss": 0.4559451395745777,
            "acc": 0.83646
        },
        "246": {
            "loss": 0.45639436808236117,
            "acc": 0.83468
        },
        "247": {
            "loss": 0.4560517916441574,
            "acc": 0.83518
        },
        "248": {
            "loss": 0.4583274834143841,
            "acc": 0.83412
        },
        "249": {
            "loss": 0.454255819549341,
            "acc": 0.83604
        }
    },
    "test": {
        "0": {
            "loss": 1.6690993261337281,
            "acc": 0.4279
        },
        "1": {
            "loss": 1.4163106131553649,
            "acc": 0.482
        },
        "3": {
            "loss": 1.4177593874931336,
            "acc": 0.4996
        },
        "5": {
            "loss": 1.2712420558929443,
            "acc": 0.5507
        },
        "7": {
            "loss": 1.3354012155532837,
            "acc": 0.5615
        },
        "9": {
            "loss": 1.2680359172821045,
            "acc": 0.5798
        },
        "11": {
            "loss": 1.169347608089447,
            "acc": 0.6047
        },
        "13": {
            "loss": 1.233827872276306,
            "acc": 0.5859
        },
        "15": {
            "loss": 1.3378121185302734,
            "acc": 0.566
        },
        "17": {
            "loss": 1.2912461161613464,
            "acc": 0.5808
        },
        "19": {
            "loss": 1.309807641506195,
            "acc": 0.5825
        },
        "21": {
            "loss": 1.305412802696228,
            "acc": 0.5528
        },
        "23": {
            "loss": 1.283481135368347,
            "acc": 0.5867
        },
        "25": {
            "loss": 1.2438790321350097,
            "acc": 0.5875
        },
        "27": {
            "loss": 1.2627294778823852,
            "acc": 0.5846
        },
        "29": {
            "loss": 1.2812064862251282,
            "acc": 0.5836
        },
        "31": {
            "loss": 1.3239284443855286,
            "acc": 0.57
        },
        "33": {
            "loss": 1.3202729892730714,
            "acc": 0.5519
        },
        "35": {
            "loss": 1.325608811378479,
            "acc": 0.5791
        },
        "37": {
            "loss": 1.2574948048591614,
            "acc": 0.5893
        },
        "39": {
            "loss": 1.2902293825149536,
            "acc": 0.583
        },
        "41": {
            "loss": 1.3115151691436768,
            "acc": 0.5653
        },
        "43": {
            "loss": 1.290875883102417,
            "acc": 0.593
        },
        "45": {
            "loss": 1.2117750453948974,
            "acc": 0.6018
        },
        "47": {
            "loss": 1.2190883779525756,
            "acc": 0.5995
        },
        "49": {
            "loss": 1.2495792245864867,
            "acc": 0.5926
        },
        "51": {
            "loss": 1.224713339805603,
            "acc": 0.607
        },
        "53": {
            "loss": 1.2119374036788941,
            "acc": 0.6189
        },
        "55": {
            "loss": 1.3550788974761963,
            "acc": 0.5833
        },
        "57": {
            "loss": 1.2909759044647218,
            "acc": 0.5901
        },
        "59": {
            "loss": 1.2990881371498109,
            "acc": 0.568
        },
        "61": {
            "loss": 1.2019883298873901,
            "acc": 0.6006
        },
        "63": {
            "loss": 1.2523684418201446,
            "acc": 0.6146
        },
        "65": {
            "loss": 1.277705307006836,
            "acc": 0.5917
        },
        "67": {
            "loss": 1.2309069871902465,
            "acc": 0.6036
        },
        "69": {
            "loss": 1.250923011302948,
            "acc": 0.5689
        },
        "71": {
            "loss": 1.2901720476150513,
            "acc": 0.5694
        },
        "73": {
            "loss": 1.293552370071411,
            "acc": 0.5696
        },
        "75": {
            "loss": 1.2611041378974914,
            "acc": 0.6014
        },
        "77": {
            "loss": 1.2995455980300903,
            "acc": 0.5667
        },
        "79": {
            "loss": 1.3813165807724,
            "acc": 0.5719
        },
        "81": {
            "loss": 1.2598858213424682,
            "acc": 0.6056
        },
        "83": {
            "loss": 1.268012719154358,
            "acc": 0.5894
        },
        "85": {
            "loss": 1.2989360857009888,
            "acc": 0.5839
        },
        "87": {
            "loss": 1.213380616903305,
            "acc": 0.6133
        },
        "89": {
            "loss": 1.216160271167755,
            "acc": 0.5999
        },
        "91": {
            "loss": 1.3160885024070739,
            "acc": 0.56
        },
        "93": {
            "loss": 1.2877931165695191,
            "acc": 0.5806
        },
        "95": {
            "loss": 1.2774624943733215,
            "acc": 0.5809
        },
        "97": {
            "loss": 1.2951425170898438,
            "acc": 0.5737
        },
        "99": {
            "loss": 1.2007148659229279,
            "acc": 0.6215
        },
        "101": {
            "loss": 0.9266316163539886,
            "acc": 0.6953
        },
        "103": {
            "loss": 0.8810700690746307,
            "acc": 0.702
        },
        "105": {
            "loss": 0.8644942212104797,
            "acc": 0.7101
        },
        "107": {
            "loss": 0.8436358189582824,
            "acc": 0.7161
        },
        "109": {
            "loss": 0.844025229215622,
            "acc": 0.717
        },
        "111": {
            "loss": 0.8286417686939239,
            "acc": 0.7203
        },
        "113": {
            "loss": 0.8105537235736847,
            "acc": 0.7237
        },
        "115": {
            "loss": 0.8048545551300049,
            "acc": 0.7272
        },
        "117": {
            "loss": 0.8003796613216401,
            "acc": 0.7298
        },
        "119": {
            "loss": 0.789153755903244,
            "acc": 0.7359
        },
        "121": {
            "loss": 0.780810307264328,
            "acc": 0.737
        },
        "123": {
            "loss": 0.7807262110710144,
            "acc": 0.7342
        },
        "125": {
            "loss": 0.7786281037330628,
            "acc": 0.7316
        },
        "127": {
            "loss": 0.7733666872978211,
            "acc": 0.7381
        },
        "129": {
            "loss": 0.7747045254707337,
            "acc": 0.7332
        },
        "131": {
            "loss": 0.7681158864498139,
            "acc": 0.7375
        },
        "133": {
            "loss": 0.7633371865749359,
            "acc": 0.742
        },
        "135": {
            "loss": 0.7750233709812164,
            "acc": 0.7347
        },
        "137": {
            "loss": 0.7680334460735321,
            "acc": 0.742
        },
        "139": {
            "loss": 0.7584534657001495,
            "acc": 0.7437
        },
        "141": {
            "loss": 0.7591160500049591,
            "acc": 0.735
        },
        "143": {
            "loss": 0.7542758536338806,
            "acc": 0.7439
        },
        "145": {
            "loss": 0.752400209903717,
            "acc": 0.7473
        },
        "147": {
            "loss": 0.7439091491699219,
            "acc": 0.7453
        },
        "149": {
            "loss": 0.748339329957962,
            "acc": 0.7524
        },
        "151": {
            "loss": 0.7353047943115234,
            "acc": 0.7534
        },
        "153": {
            "loss": 0.735889550447464,
            "acc": 0.7522
        },
        "155": {
            "loss": 0.7392669725418091,
            "acc": 0.7492
        },
        "157": {
            "loss": 0.7362839877605438,
            "acc": 0.7511
        },
        "159": {
            "loss": 0.7376152741909027,
            "acc": 0.7526
        },
        "161": {
            "loss": 0.7345625877380371,
            "acc": 0.7505
        },
        "163": {
            "loss": 0.7374775433540344,
            "acc": 0.7519
        },
        "165": {
            "loss": 0.7396778857707977,
            "acc": 0.7515
        },
        "167": {
            "loss": 0.7419625639915466,
            "acc": 0.7527
        },
        "169": {
            "loss": 0.7427081787586212,
            "acc": 0.7527
        },
        "171": {
            "loss": 0.7452641355991364,
            "acc": 0.7485
        },
        "173": {
            "loss": 0.7460235488414765,
            "acc": 0.7501
        },
        "175": {
            "loss": 0.741490262746811,
            "acc": 0.7512
        },
        "177": {
            "loss": 0.7439774644374847,
            "acc": 0.7517
        },
        "179": {
            "loss": 0.747751647233963,
            "acc": 0.7508
        },
        "181": {
            "loss": 0.7475775408744813,
            "acc": 0.7516
        },
        "183": {
            "loss": 0.7503106850385666,
            "acc": 0.7527
        },
        "185": {
            "loss": 0.7517945289611816,
            "acc": 0.7508
        },
        "187": {
            "loss": 0.7509690713882446,
            "acc": 0.7531
        },
        "189": {
            "loss": 0.7537430536746978,
            "acc": 0.7524
        },
        "191": {
            "loss": 0.753389698266983,
            "acc": 0.7537
        },
        "193": {
            "loss": 0.7549452435970306,
            "acc": 0.7515
        },
        "195": {
            "loss": 0.7506816554069519,
            "acc": 0.7546
        },
        "197": {
            "loss": 0.7527462184429169,
            "acc": 0.7539
        },
        "199": {
            "loss": 0.7572265136241912,
            "acc": 0.7531
        },
        "201": {
            "loss": 0.7548826801776886,
            "acc": 0.7526
        },
        "203": {
            "loss": 0.7543601727485657,
            "acc": 0.754
        },
        "205": {
            "loss": 0.7545572388172149,
            "acc": 0.7549
        },
        "207": {
            "loss": 0.7550182187557221,
            "acc": 0.7544
        },
        "209": {
            "loss": 0.754280446767807,
            "acc": 0.7542
        },
        "211": {
            "loss": 0.7544567954540252,
            "acc": 0.754
        },
        "213": {
            "loss": 0.754953408241272,
            "acc": 0.7534
        },
        "215": {
            "loss": 0.7554617714881897,
            "acc": 0.7549
        },
        "217": {
            "loss": 0.7563523244857788,
            "acc": 0.7549
        },
        "219": {
            "loss": 0.754796861410141,
            "acc": 0.7549
        },
        "221": {
            "loss": 0.755884428024292,
            "acc": 0.7555
        },
        "223": {
            "loss": 0.7556305849552154,
            "acc": 0.7545
        },
        "225": {
            "loss": 0.7551791596412659,
            "acc": 0.755
        },
        "227": {
            "loss": 0.7548660886287689,
            "acc": 0.7558
        },
        "229": {
            "loss": 0.7553379583358765,
            "acc": 0.7553
        },
        "231": {
            "loss": 0.7553356468677521,
            "acc": 0.7555
        },
        "233": {
            "loss": 0.7558596658706666,
            "acc": 0.755
        },
        "235": {
            "loss": 0.7560190403461456,
            "acc": 0.7547
        },
        "237": {
            "loss": 0.7561643099784852,
            "acc": 0.7545
        },
        "239": {
            "loss": 0.7550948011875153,
            "acc": 0.7545
        },
        "241": {
            "loss": 0.7563051617145539,
            "acc": 0.7551
        },
        "243": {
            "loss": 0.7564851379394532,
            "acc": 0.7547
        },
        "245": {
            "loss": 0.7572265601158142,
            "acc": 0.7552
        },
        "247": {
            "loss": 0.7572890210151673,
            "acc": 0.7558
        },
        "249": {
            "loss": 0.7568426632881164,
            "acc": 0.7555
        }
    },
    "info": {
        "best_epoch": 227,
        "best_acc": 75.58,
        "n_params": 2472266
    }
}