{
    "train": {
        "0": {
            "loss": 1.8606395422650115,
            "acc": 0.29804
        },
        "1": {
            "loss": 1.4607087654225968,
            "acc": 0.47062
        },
        "2": {
            "loss": 1.3085563512104552,
            "acc": 0.533
        },
        "3": {
            "loss": 1.2136650308013877,
            "acc": 0.57138
        },
        "4": {
            "loss": 1.1470226427478254,
            "acc": 0.5967
        },
        "5": {
            "loss": 1.0982641001491595,
            "acc": 0.61328
        },
        "6": {
            "loss": 1.0495886555718035,
            "acc": 0.63302
        },
        "7": {
            "loss": 1.0108787886931767,
            "acc": 0.6472
        },
        "8": {
            "loss": 0.9876500526657495,
            "acc": 0.65446
        },
        "9": {
            "loss": 0.9598451461023687,
            "acc": 0.66754
        },
        "10": {
            "loss": 0.9332892406931923,
            "acc": 0.67492
        },
        "11": {
            "loss": 0.9148459016819439,
            "acc": 0.68248
        },
        "12": {
            "loss": 0.8960516506143849,
            "acc": 0.68794
        },
        "13": {
            "loss": 0.8841034288296614,
            "acc": 0.69332
        },
        "14": {
            "loss": 0.867436767843983,
            "acc": 0.69622
        },
        "15": {
            "loss": 0.85234200436136,
            "acc": 0.7015
        },
        "16": {
            "loss": 0.8408969741343232,
            "acc": 0.70682
        },
        "17": {
            "loss": 0.8234115634732844,
            "acc": 0.71432
        },
        "18": {
            "loss": 0.8266551186666464,
            "acc": 0.71356
        },
        "19": {
            "loss": 0.8087981347842594,
            "acc": 0.71734
        },
        "20": {
            "loss": 0.8051637514777805,
            "acc": 0.71982
        },
        "21": {
            "loss": 0.7927106775896019,
            "acc": 0.72456
        },
        "22": {
            "loss": 0.7901123497644653,
            "acc": 0.72538
        },
        "23": {
            "loss": 0.7862877774116633,
            "acc": 0.72736
        },
        "24": {
            "loss": 0.7812525242795725,
            "acc": 0.72928
        },
        "25": {
            "loss": 0.7712494087646075,
            "acc": 0.73352
        },
        "26": {
            "loss": 0.7684201323772635,
            "acc": 0.732
        },
        "27": {
            "loss": 0.7700893878936768,
            "acc": 0.73284
        },
        "28": {
            "loss": 0.7614288782829519,
            "acc": 0.73436
        },
        "29": {
            "loss": 0.7542179819110715,
            "acc": 0.73792
        },
        "30": {
            "loss": 0.7535526961316843,
            "acc": 0.73916
        },
        "31": {
            "loss": 0.7466958194132656,
            "acc": 0.74074
        },
        "32": {
            "loss": 0.7456177068335931,
            "acc": 0.742
        },
        "33": {
            "loss": 0.7469869945817591,
            "acc": 0.7412
        },
        "34": {
            "loss": 0.7351165948926336,
            "acc": 0.74598
        },
        "35": {
            "loss": 0.7352640397103546,
            "acc": 0.74678
        },
        "36": {
            "loss": 0.7375407282958555,
            "acc": 0.74524
        },
        "37": {
            "loss": 0.7395735260318307,
            "acc": 0.7454
        },
        "38": {
            "loss": 0.7340811193751557,
            "acc": 0.74776
        },
        "39": {
            "loss": 0.7335473405735572,
            "acc": 0.74794
        },
        "40": {
            "loss": 0.7319014955816976,
            "acc": 0.74988
        },
        "41": {
            "loss": 0.7280538385481481,
            "acc": 0.74796
        },
        "42": {
            "loss": 0.729458670253339,
            "acc": 0.75056
        },
        "43": {
            "loss": 0.7321450969447261,
            "acc": 0.74864
        },
        "44": {
            "loss": 0.7284691779662276,
            "acc": 0.74808
        },
        "45": {
            "loss": 0.7251427206389435,
            "acc": 0.75298
        },
        "46": {
            "loss": 0.7256861383957631,
            "acc": 0.75174
        },
        "47": {
            "loss": 0.7278883445750722,
            "acc": 0.7518
        },
        "48": {
            "loss": 0.7205549401547903,
            "acc": 0.75458
        },
        "49": {
            "loss": 0.7235861898535658,
            "acc": 0.7502
        },
        "50": {
            "loss": 0.7166116855790853,
            "acc": 0.7566
        },
        "51": {
            "loss": 0.7210649833502367,
            "acc": 0.75444
        },
        "52": {
            "loss": 0.7181459467124451,
            "acc": 0.75668
        },
        "53": {
            "loss": 0.7238371347832253,
            "acc": 0.75368
        },
        "54": {
            "loss": 0.7162781634446606,
            "acc": 0.75864
        },
        "55": {
            "loss": 0.7190939655236881,
            "acc": 0.75684
        },
        "56": {
            "loss": 0.7162452464365898,
            "acc": 0.7576
        },
        "57": {
            "loss": 0.7230893709622991,
            "acc": 0.7552
        },
        "58": {
            "loss": 0.7218787958250021,
            "acc": 0.7549
        },
        "59": {
            "loss": 0.7176856802552557,
            "acc": 0.75804
        },
        "60": {
            "loss": 0.7111529598150717,
            "acc": 0.7605
        },
        "61": {
            "loss": 0.7210625883410958,
            "acc": 0.7561
        },
        "62": {
            "loss": 0.7096130905858696,
            "acc": 0.75966
        },
        "63": {
            "loss": 0.7109340905685864,
            "acc": 0.7581
        },
        "64": {
            "loss": 0.7070485848904876,
            "acc": 0.75936
        },
        "65": {
            "loss": 0.714581513191428,
            "acc": 0.7587
        },
        "66": {
            "loss": 0.7079512947203254,
            "acc": 0.75846
        },
        "67": {
            "loss": 0.7076956663290253,
            "acc": 0.7599
        },
        "68": {
            "loss": 0.7059400202825551,
            "acc": 0.75942
        },
        "69": {
            "loss": 0.7087246809926484,
            "acc": 0.76144
        },
        "70": {
            "loss": 0.7053867221793251,
            "acc": 0.76088
        },
        "71": {
            "loss": 0.7080243435662116,
            "acc": 0.76148
        },
        "72": {
            "loss": 0.7066672550290442,
            "acc": 0.76134
        },
        "73": {
            "loss": 0.711140876307207,
            "acc": 0.76004
        },
        "74": {
            "loss": 0.7044862001143453,
            "acc": 0.76024
        },
        "75": {
            "loss": 0.7144384961908735,
            "acc": 0.75912
        },
        "76": {
            "loss": 0.7088538097298663,
            "acc": 0.76028
        },
        "77": {
            "loss": 0.715439095216639,
            "acc": 0.75756
        },
        "78": {
            "loss": 0.7092182592052938,
            "acc": 0.76268
        },
        "79": {
            "loss": 0.7103458038528861,
            "acc": 0.7611
        },
        "80": {
            "loss": 0.7118766191975235,
            "acc": 0.75986
        },
        "81": {
            "loss": 0.7110414127712055,
            "acc": 0.76138
        },
        "82": {
            "loss": 0.6999820494438376,
            "acc": 0.76536
        },
        "83": {
            "loss": 0.7090592446077205,
            "acc": 0.76254
        },
        "84": {
            "loss": 0.7049778121359208,
            "acc": 0.76166
        },
        "85": {
            "loss": 0.7180860397760825,
            "acc": 0.75808
        },
        "86": {
            "loss": 0.7075369267360024,
            "acc": 0.76202
        },
        "87": {
            "loss": 0.6959810906358997,
            "acc": 0.76552
        },
        "88": {
            "loss": 0.6961075213101818,
            "acc": 0.76558
        },
        "89": {
            "loss": 0.7028995863616924,
            "acc": 0.76194
        },
        "90": {
            "loss": 0.6986872858708472,
            "acc": 0.76598
        },
        "91": {
            "loss": 0.6973904109062137,
            "acc": 0.76704
        },
        "92": {
            "loss": 0.7030827041019869,
            "acc": 0.76206
        },
        "93": {
            "loss": 0.7118172517517949,
            "acc": 0.76218
        },
        "94": {
            "loss": 0.7067430074257619,
            "acc": 0.76468
        },
        "95": {
            "loss": 0.7043155043021493,
            "acc": 0.76376
        },
        "96": {
            "loss": 0.6993251939106475,
            "acc": 0.76396
        },
        "97": {
            "loss": 0.7028628658608097,
            "acc": 0.76474
        },
        "98": {
            "loss": 0.6986636544584923,
            "acc": 0.7656
        },
        "99": {
            "loss": 0.699293047037271,
            "acc": 0.7658
        },
        "100": {
            "loss": 0.535603622646283,
            "acc": 0.81664
        },
        "101": {
            "loss": 0.4759084148632596,
            "acc": 0.8357
        },
        "102": {
            "loss": 0.4473052862126504,
            "acc": 0.84452
        },
        "103": {
            "loss": 0.4242836093658681,
            "acc": 0.85238
        },
        "104": {
            "loss": 0.4143027288224691,
            "acc": 0.85494
        },
        "105": {
            "loss": 0.3980023621598168,
            "acc": 0.85986
        },
        "106": {
            "loss": 0.3875948350371607,
            "acc": 0.86434
        },
        "107": {
            "loss": 0.38119667360697257,
            "acc": 0.86734
        },
        "108": {
            "loss": 0.36621652974192137,
            "acc": 0.86972
        },
        "109": {
            "loss": 0.356700510396372,
            "acc": 0.8723
        },
        "110": {
            "loss": 0.3508161539616792,
            "acc": 0.8758
        },
        "111": {
            "loss": 0.3420390186407377,
            "acc": 0.87848
        },
        "112": {
            "loss": 0.33491038087078984,
            "acc": 0.88038
        },
        "113": {
            "loss": 0.333741892786587,
            "acc": 0.88066
        },
        "114": {
            "loss": 0.3216435704999568,
            "acc": 0.88552
        },
        "115": {
            "loss": 0.3150255060028237,
            "acc": 0.88726
        },
        "116": {
            "loss": 0.3078355970208907,
            "acc": 0.89048
        },
        "117": {
            "loss": 0.30117681285228265,
            "acc": 0.89264
        },
        "118": {
            "loss": 0.29634958619961654,
            "acc": 0.89292
        },
        "119": {
            "loss": 0.2899780029531025,
            "acc": 0.89698
        },
        "120": {
            "loss": 0.2859992657780952,
            "acc": 0.89656
        },
        "121": {
            "loss": 0.2783539682779166,
            "acc": 0.89906
        },
        "122": {
            "loss": 0.2756165653047964,
            "acc": 0.90158
        },
        "123": {
            "loss": 0.2642250248728811,
            "acc": 0.90518
        },
        "124": {
            "loss": 0.26464004105771594,
            "acc": 0.90386
        },
        "125": {
            "loss": 0.25304998415510366,
            "acc": 0.9086
        },
        "126": {
            "loss": 0.24964305823263916,
            "acc": 0.9101
        },
        "127": {
            "loss": 0.2433653373433196,
            "acc": 0.91404
        },
        "128": {
            "loss": 0.2438385172382645,
            "acc": 0.91288
        },
        "129": {
            "loss": 0.23828111265016638,
            "acc": 0.9145
        },
        "130": {
            "loss": 0.22855784551566824,
            "acc": 0.91924
        },
        "131": {
            "loss": 0.22803563009137692,
            "acc": 0.91848
        },
        "132": {
            "loss": 0.22584975324094753,
            "acc": 0.91948
        },
        "133": {
            "loss": 0.21722156381058266,
            "acc": 0.9216
        },
        "134": {
            "loss": 0.2160385961232283,
            "acc": 0.92354
        },
        "135": {
            "loss": 0.2112943980547473,
            "acc": 0.92368
        },
        "136": {
            "loss": 0.21144085684243372,
            "acc": 0.92306
        },
        "137": {
            "loss": 0.20161220130255764,
            "acc": 0.92834
        },
        "138": {
            "loss": 0.1984939739832183,
            "acc": 0.92938
        },
        "139": {
            "loss": 0.19495327157132766,
            "acc": 0.92946
        },
        "140": {
            "loss": 0.18872537018011903,
            "acc": 0.93186
        },
        "141": {
            "loss": 0.1866388508616506,
            "acc": 0.93318
        },
        "142": {
            "loss": 0.18589416656957564,
            "acc": 0.93368
        },
        "143": {
            "loss": 0.18223877506487815,
            "acc": 0.93526
        },
        "144": {
            "loss": 0.17973111564164881,
            "acc": 0.93532
        },
        "145": {
            "loss": 0.16904213436691048,
            "acc": 0.93994
        },
        "146": {
            "loss": 0.16993952981765617,
            "acc": 0.93952
        },
        "147": {
            "loss": 0.16421920246899585,
            "acc": 0.94118
        },
        "148": {
            "loss": 0.16352803927019735,
            "acc": 0.94146
        },
        "149": {
            "loss": 0.16141381105193703,
            "acc": 0.94276
        },
        "150": {
            "loss": 0.14708460798806242,
            "acc": 0.94852
        },
        "151": {
            "loss": 0.1425525900214682,
            "acc": 0.9495
        },
        "152": {
            "loss": 0.13467608317923363,
            "acc": 0.954
        },
        "153": {
            "loss": 0.13319404382268182,
            "acc": 0.95426
        },
        "154": {
            "loss": 0.13032410461503222,
            "acc": 0.95446
        },
        "155": {
            "loss": 0.13191499041817378,
            "acc": 0.95416
        },
        "156": {
            "loss": 0.13268240962339484,
            "acc": 0.95444
        },
        "157": {
            "loss": 0.131750185909631,
            "acc": 0.95428
        },
        "158": {
            "loss": 0.12881025611935065,
            "acc": 0.9547
        },
        "159": {
            "loss": 0.13018666102034052,
            "acc": 0.9554
        },
        "160": {
            "loss": 0.13133267636227486,
            "acc": 0.95466
        },
        "161": {
            "loss": 0.12755227346173334,
            "acc": 0.9554
        },
        "162": {
            "loss": 0.1251568311487165,
            "acc": 0.95646
        },
        "163": {
            "loss": 0.12367293346301673,
            "acc": 0.95792
        },
        "164": {
            "loss": 0.12231848138334502,
            "acc": 0.958
        },
        "165": {
            "loss": 0.1243813104851319,
            "acc": 0.95526
        },
        "166": {
            "loss": 0.12410314530705857,
            "acc": 0.95774
        },
        "167": {
            "loss": 0.12385961572494349,
            "acc": 0.9579
        },
        "168": {
            "loss": 0.1194364490354305,
            "acc": 0.95954
        },
        "169": {
            "loss": 0.11685031932561904,
            "acc": 0.96044
        },
        "170": {
            "loss": 0.12092951850970383,
            "acc": 0.95764
        },
        "171": {
            "loss": 0.12120739013775993,
            "acc": 0.95826
        },
        "172": {
            "loss": 0.11922821966583466,
            "acc": 0.95808
        },
        "173": {
            "loss": 0.12026241237816908,
            "acc": 0.95826
        },
        "174": {
            "loss": 0.11526187298738438,
            "acc": 0.96012
        },
        "175": {
            "loss": 0.116729965914622,
            "acc": 0.96052
        },
        "176": {
            "loss": 0.11902648701196741,
            "acc": 0.95836
        },
        "177": {
            "loss": 0.1185196041965576,
            "acc": 0.95838
        },
        "178": {
            "loss": 0.11893604071739385,
            "acc": 0.95834
        },
        "179": {
            "loss": 0.11589540204371485,
            "acc": 0.95974
        },
        "180": {
            "loss": 0.11127475409022987,
            "acc": 0.96136
        },
        "181": {
            "loss": 0.11170002616122555,
            "acc": 0.96128
        },
        "182": {
            "loss": 0.11471349747417986,
            "acc": 0.9601
        },
        "183": {
            "loss": 0.11483053155148121,
            "acc": 0.9596
        },
        "184": {
            "loss": 0.11373088186811608,
            "acc": 0.96036
        },
        "185": {
            "loss": 0.11316199934162448,
            "acc": 0.96094
        },
        "186": {
            "loss": 0.11125963622861354,
            "acc": 0.96086
        },
        "187": {
            "loss": 0.11125713685894256,
            "acc": 0.96142
        },
        "188": {
            "loss": 0.11120073561606657,
            "acc": 0.96184
        },
        "189": {
            "loss": 0.11129797132842986,
            "acc": 0.96212
        },
        "190": {
            "loss": 0.10926997738764109,
            "acc": 0.96208
        },
        "191": {
            "loss": 0.10972811381720826,
            "acc": 0.9621
        },
        "192": {
            "loss": 0.10771738601576947,
            "acc": 0.96238
        },
        "193": {
            "loss": 0.10819006307274484,
            "acc": 0.96238
        },
        "194": {
            "loss": 0.10538608918104635,
            "acc": 0.96324
        },
        "195": {
            "loss": 0.10486286117330841,
            "acc": 0.96376
        },
        "196": {
            "loss": 0.10817686343551292,
            "acc": 0.9624
        },
        "197": {
            "loss": 0.10807517661577296,
            "acc": 0.96284
        },
        "198": {
            "loss": 0.10698833561423794,
            "acc": 0.9638
        },
        "199": {
            "loss": 0.10325488361441876,
            "acc": 0.9651
        },
        "200": {
            "loss": 0.1074939729298091,
            "acc": 0.96242
        },
        "201": {
            "loss": 0.1042179603396398,
            "acc": 0.96466
        },
        "202": {
            "loss": 0.10467361247219394,
            "acc": 0.96396
        },
        "203": {
            "loss": 0.10220512464318586,
            "acc": 0.9651
        },
        "204": {
            "loss": 0.10299760243757759,
            "acc": 0.96432
        },
        "205": {
            "loss": 0.10624704481867116,
            "acc": 0.964
        },
        "206": {
            "loss": 0.1052756651359446,
            "acc": 0.96368
        },
        "207": {
            "loss": 0.10397801012315257,
            "acc": 0.964
        },
        "208": {
            "loss": 0.10584451925114292,
            "acc": 0.96316
        },
        "209": {
            "loss": 0.1046047189065715,
            "acc": 0.96342
        },
        "210": {
            "loss": 0.10550685914809746,
            "acc": 0.96408
        },
        "211": {
            "loss": 0.10548679481077072,
            "acc": 0.9644
        },
        "212": {
            "loss": 0.1023648259089426,
            "acc": 0.96524
        },
        "213": {
            "loss": 0.10527019123630145,
            "acc": 0.96384
        },
        "214": {
            "loss": 0.1014906016018842,
            "acc": 0.96468
        },
        "215": {
            "loss": 0.10347571494081594,
            "acc": 0.96468
        },
        "216": {
            "loss": 0.10216376609395227,
            "acc": 0.96372
        },
        "217": {
            "loss": 0.10478170710089414,
            "acc": 0.96382
        },
        "218": {
            "loss": 0.10337373209864739,
            "acc": 0.96428
        },
        "219": {
            "loss": 0.09994586532854516,
            "acc": 0.96668
        },
        "220": {
            "loss": 0.10030838134972488,
            "acc": 0.9658
        },
        "221": {
            "loss": 0.10434198147043243,
            "acc": 0.96398
        },
        "222": {
            "loss": 0.1034076700363394,
            "acc": 0.96472
        },
        "223": {
            "loss": 0.10332555343847141,
            "acc": 0.9644
        },
        "224": {
            "loss": 0.09900796815009831,
            "acc": 0.96628
        },
        "225": {
            "loss": 0.10382199626120613,
            "acc": 0.96384
        },
        "226": {
            "loss": 0.10326372845398496,
            "acc": 0.96452
        },
        "227": {
            "loss": 0.10110195303130942,
            "acc": 0.96592
        },
        "228": {
            "loss": 0.10128375228561098,
            "acc": 0.96524
        },
        "229": {
            "loss": 0.10339058833696958,
            "acc": 0.96462
        },
        "230": {
            "loss": 0.1042003791369593,
            "acc": 0.96346
        },
        "231": {
            "loss": 0.10255604766576035,
            "acc": 0.96582
        },
        "232": {
            "loss": 0.10331274136958067,
            "acc": 0.96382
        },
        "233": {
            "loss": 0.09919562270326535,
            "acc": 0.9653
        },
        "234": {
            "loss": 0.10051080899889511,
            "acc": 0.96634
        },
        "235": {
            "loss": 0.10161227381804867,
            "acc": 0.96512
        },
        "236": {
            "loss": 0.10256992117561342,
            "acc": 0.96428
        },
        "237": {
            "loss": 0.09838318004441993,
            "acc": 0.9665
        },
        "238": {
            "loss": 0.10384783642771452,
            "acc": 0.96408
        },
        "239": {
            "loss": 0.10331647529664552,
            "acc": 0.96466
        },
        "240": {
            "loss": 0.10358243724307441,
            "acc": 0.96542
        },
        "241": {
            "loss": 0.10179983803054408,
            "acc": 0.96496
        },
        "242": {
            "loss": 0.10136875474010892,
            "acc": 0.96518
        },
        "243": {
            "loss": 0.10030933369494155,
            "acc": 0.96606
        },
        "244": {
            "loss": 0.10031283088504811,
            "acc": 0.96568
        },
        "245": {
            "loss": 0.09924703649700145,
            "acc": 0.96578
        },
        "246": {
            "loss": 0.09993847889249283,
            "acc": 0.9659
        },
        "247": {
            "loss": 0.09827712619834392,
            "acc": 0.9664
        },
        "248": {
            "loss": 0.10071376254281882,
            "acc": 0.96484
        },
        "249": {
            "loss": 0.10308053309236036,
            "acc": 0.9643
        }
    },
    "test": {
        "0": {
            "loss": 1.5429525947570801,
            "acc": 0.4246
        },
        "1": {
            "loss": 1.4204543662071227,
            "acc": 0.4961
        },
        "3": {
            "loss": 1.1845198273658752,
            "acc": 0.5862
        },
        "5": {
            "loss": 1.074426963329315,
            "acc": 0.6228
        },
        "7": {
            "loss": 1.0758448767662048,
            "acc": 0.6314
        },
        "9": {
            "loss": 0.9745128905773163,
            "acc": 0.6662
        },
        "11": {
            "loss": 0.9320941853523255,
            "acc": 0.6846
        },
        "13": {
            "loss": 0.9202262890338898,
            "acc": 0.6836
        },
        "15": {
            "loss": 0.9436518621444702,
            "acc": 0.6818
        },
        "17": {
            "loss": 0.9665109872817993,
            "acc": 0.6787
        },
        "19": {
            "loss": 0.8913862180709838,
            "acc": 0.6986
        },
        "21": {
            "loss": 0.8579449832439423,
            "acc": 0.7067
        },
        "23": {
            "loss": 0.9016840636730195,
            "acc": 0.6958
        },
        "25": {
            "loss": 0.8746013653278351,
            "acc": 0.711
        },
        "27": {
            "loss": 0.8868347585201264,
            "acc": 0.6961
        },
        "29": {
            "loss": 0.8902383983135224,
            "acc": 0.7024
        },
        "31": {
            "loss": 0.8852989709377289,
            "acc": 0.7042
        },
        "33": {
            "loss": 0.8726278746128082,
            "acc": 0.6965
        },
        "35": {
            "loss": 0.9144753396511078,
            "acc": 0.694
        },
        "37": {
            "loss": 0.8776720690727234,
            "acc": 0.7044
        },
        "39": {
            "loss": 0.8436468744277954,
            "acc": 0.7209
        },
        "41": {
            "loss": 0.8865083658695221,
            "acc": 0.7087
        },
        "43": {
            "loss": 0.8985317134857178,
            "acc": 0.7036
        },
        "45": {
            "loss": 0.8727539837360382,
            "acc": 0.7128
        },
        "47": {
            "loss": 0.9290196287631989,
            "acc": 0.6962
        },
        "49": {
            "loss": 0.8822825801372528,
            "acc": 0.7077
        },
        "51": {
            "loss": 0.8791280519962311,
            "acc": 0.7103
        },
        "53": {
            "loss": 0.8753183937072754,
            "acc": 0.7101
        },
        "55": {
            "loss": 0.9061481988430024,
            "acc": 0.7043
        },
        "57": {
            "loss": 0.8782513499259949,
            "acc": 0.7137
        },
        "59": {
            "loss": 0.9104879307746887,
            "acc": 0.7019
        },
        "61": {
            "loss": 0.8853946828842163,
            "acc": 0.7156
        },
        "63": {
            "loss": 0.8981386983394622,
            "acc": 0.702
        },
        "65": {
            "loss": 0.9246124637126922,
            "acc": 0.7045
        },
        "67": {
            "loss": 0.9042667996883392,
            "acc": 0.7055
        },
        "69": {
            "loss": 0.8836777067184448,
            "acc": 0.7113
        },
        "71": {
            "loss": 0.8941226470470428,
            "acc": 0.7131
        },
        "73": {
            "loss": 0.9637530624866486,
            "acc": 0.7024
        },
        "75": {
            "loss": 0.9108441519737244,
            "acc": 0.7058
        },
        "77": {
            "loss": 0.9401559150218963,
            "acc": 0.7017
        },
        "79": {
            "loss": 0.9270912456512451,
            "acc": 0.7051
        },
        "81": {
            "loss": 0.9156899845600128,
            "acc": 0.7035
        },
        "83": {
            "loss": 0.8903679084777832,
            "acc": 0.7114
        },
        "85": {
            "loss": 0.9132408344745636,
            "acc": 0.7116
        },
        "87": {
            "loss": 0.9036392068862915,
            "acc": 0.7121
        },
        "89": {
            "loss": 0.8828592002391815,
            "acc": 0.7195
        },
        "91": {
            "loss": 0.905492490530014,
            "acc": 0.7131
        },
        "93": {
            "loss": 0.9249744832515716,
            "acc": 0.7044
        },
        "95": {
            "loss": 0.9018837511539459,
            "acc": 0.7081
        },
        "97": {
            "loss": 0.9339331328868866,
            "acc": 0.7026
        },
        "99": {
            "loss": 0.937761002779007,
            "acc": 0.7053
        },
        "101": {
            "loss": 0.7923619675636292,
            "acc": 0.7508
        },
        "103": {
            "loss": 0.7786044239997864,
            "acc": 0.7586
        },
        "105": {
            "loss": 0.7808778369426728,
            "acc": 0.7574
        },
        "107": {
            "loss": 0.7967822587490082,
            "acc": 0.7556
        },
        "109": {
            "loss": 0.8053350138664246,
            "acc": 0.7582
        },
        "111": {
            "loss": 0.815690416097641,
            "acc": 0.758
        },
        "113": {
            "loss": 0.8106720912456512,
            "acc": 0.7593
        },
        "115": {
            "loss": 0.8199716317653656,
            "acc": 0.7624
        },
        "117": {
            "loss": 0.8294355416297913,
            "acc": 0.7644
        },
        "119": {
            "loss": 0.850562697649002,
            "acc": 0.7611
        },
        "121": {
            "loss": 0.852039840221405,
            "acc": 0.758
        },
        "123": {
            "loss": 0.8661025059223175,
            "acc": 0.7637
        },
        "125": {
            "loss": 0.875250244140625,
            "acc": 0.7632
        },
        "127": {
            "loss": 0.8847329032421112,
            "acc": 0.7625
        },
        "129": {
            "loss": 0.8976637828350067,
            "acc": 0.7638
        },
        "131": {
            "loss": 0.9189011204242706,
            "acc": 0.7591
        },
        "133": {
            "loss": 0.9374967706203461,
            "acc": 0.7596
        },
        "135": {
            "loss": 0.9516964030265808,
            "acc": 0.7608
        },
        "137": {
            "loss": 0.9675867700576782,
            "acc": 0.7608
        },
        "139": {
            "loss": 0.9734243488311768,
            "acc": 0.76
        },
        "141": {
            "loss": 0.9875474977493286,
            "acc": 0.7606
        },
        "143": {
            "loss": 1.0152917873859406,
            "acc": 0.7581
        },
        "145": {
            "loss": 1.0335067451000213,
            "acc": 0.7595
        },
        "147": {
            "loss": 1.0389333426952363,
            "acc": 0.7611
        },
        "149": {
            "loss": 1.0597654247283936,
            "acc": 0.7572
        },
        "151": {
            "loss": 1.0497690832614899,
            "acc": 0.7605
        },
        "153": {
            "loss": 1.057800463438034,
            "acc": 0.7619
        },
        "155": {
            "loss": 1.059010397195816,
            "acc": 0.7608
        },
        "157": {
            "loss": 1.0678082728385925,
            "acc": 0.7598
        },
        "159": {
            "loss": 1.0718209433555603,
            "acc": 0.7608
        },
        "161": {
            "loss": 1.0709899854660034,
            "acc": 0.761
        },
        "163": {
            "loss": 1.0775673508644104,
            "acc": 0.7613
        },
        "165": {
            "loss": 1.0778875255584717,
            "acc": 0.7614
        },
        "167": {
            "loss": 1.0801531636714936,
            "acc": 0.7621
        },
        "169": {
            "loss": 1.0854270708560945,
            "acc": 0.7636
        },
        "171": {
            "loss": 1.0908479762077332,
            "acc": 0.7628
        },
        "173": {
            "loss": 1.0897499048709869,
            "acc": 0.7619
        },
        "175": {
            "loss": 1.0980440092086792,
            "acc": 0.7621
        },
        "177": {
            "loss": 1.0985957384109497,
            "acc": 0.7633
        },
        "179": {
            "loss": 1.1051109790802003,
            "acc": 0.7616
        },
        "181": {
            "loss": 1.1105905747413636,
            "acc": 0.7621
        },
        "183": {
            "loss": 1.1106823265552521,
            "acc": 0.7627
        },
        "185": {
            "loss": 1.1167696273326875,
            "acc": 0.7626
        },
        "187": {
            "loss": 1.1144302117824554,
            "acc": 0.7623
        },
        "189": {
            "loss": 1.113172174692154,
            "acc": 0.7631
        },
        "191": {
            "loss": 1.1215367066860198,
            "acc": 0.7636
        },
        "193": {
            "loss": 1.1269472754001617,
            "acc": 0.7638
        },
        "195": {
            "loss": 1.1324940741062164,
            "acc": 0.7641
        },
        "197": {
            "loss": 1.1314906752109528,
            "acc": 0.7643
        },
        "199": {
            "loss": 1.1392148923873902,
            "acc": 0.764
        },
        "201": {
            "loss": 1.1372017431259156,
            "acc": 0.7646
        },
        "203": {
            "loss": 1.1376255691051482,
            "acc": 0.7637
        },
        "205": {
            "loss": 1.137701849937439,
            "acc": 0.7637
        },
        "207": {
            "loss": 1.1374259972572327,
            "acc": 0.7639
        },
        "209": {
            "loss": 1.1372061562538147,
            "acc": 0.7644
        },
        "211": {
            "loss": 1.136820731163025,
            "acc": 0.7645
        },
        "213": {
            "loss": 1.1374674212932587,
            "acc": 0.7643
        },
        "215": {
            "loss": 1.1378411996364592,
            "acc": 0.7651
        },
        "217": {
            "loss": 1.1375481915473937,
            "acc": 0.7649
        },
        "219": {
            "loss": 1.1389587581157685,
            "acc": 0.7654
        },
        "221": {
            "loss": 1.1393598306179047,
            "acc": 0.7649
        },
        "223": {
            "loss": 1.1398974251747132,
            "acc": 0.7654
        },
        "225": {
            "loss": 1.1399802696704864,
            "acc": 0.7655
        },
        "227": {
            "loss": 1.1404820632934571,
            "acc": 0.7655
        },
        "229": {
            "loss": 1.139632077217102,
            "acc": 0.7655
        },
        "231": {
            "loss": 1.1399768328666686,
            "acc": 0.7656
        },
        "233": {
            "loss": 1.1401365220546722,
            "acc": 0.7657
        },
        "235": {
            "loss": 1.1411945414543152,
            "acc": 0.7659
        },
        "237": {
            "loss": 1.1415264117717743,
            "acc": 0.7657
        },
        "239": {
            "loss": 1.142247428894043,
            "acc": 0.7654
        },
        "241": {
            "loss": 1.1428416657447815,
            "acc": 0.7661
        },
        "243": {
            "loss": 1.142260992527008,
            "acc": 0.7653
        },
        "245": {
            "loss": 1.1423376095294953,
            "acc": 0.7652
        },
        "247": {
            "loss": 1.1431155729293823,
            "acc": 0.7652
        },
        "249": {
            "loss": 1.1434917116165162,
            "acc": 0.7657
        }
    },
    "best": {
        "best_epoch": 241,
        "best_acc": 76.61
    }
}