{
    "train": {
        "0": {
            "loss": 1.7869165410166201,
            "acc": 0.34128
        },
        "1": {
            "loss": 1.3539733932451214,
            "acc": 0.51144
        },
        "2": {
            "loss": 1.1524588711121504,
            "acc": 0.59572
        },
        "3": {
            "loss": 1.031170966527651,
            "acc": 0.64114
        },
        "4": {
            "loss": 0.9664185852041025,
            "acc": 0.66796
        },
        "5": {
            "loss": 0.9207894565809108,
            "acc": 0.68348
        },
        "6": {
            "loss": 0.8911383624576852,
            "acc": 0.69444
        },
        "7": {
            "loss": 0.8666578980967822,
            "acc": 0.70398
        },
        "8": {
            "loss": 0.8564218111965053,
            "acc": 0.71
        },
        "9": {
            "loss": 0.8473625930069048,
            "acc": 0.7128
        },
        "10": {
            "loss": 0.8421257196180046,
            "acc": 0.71608
        },
        "11": {
            "loss": 0.8430900931968104,
            "acc": 0.7155
        },
        "12": {
            "loss": 0.827306462370831,
            "acc": 0.72332
        },
        "13": {
            "loss": 0.8301230792499259,
            "acc": 0.72
        },
        "14": {
            "loss": 0.8445450009592353,
            "acc": 0.71774
        },
        "15": {
            "loss": 0.8461884876041461,
            "acc": 0.7183
        },
        "16": {
            "loss": 0.8561035635526223,
            "acc": 0.71614
        },
        "17": {
            "loss": 0.8687389195727571,
            "acc": 0.71244
        },
        "18": {
            "loss": 0.863854756745536,
            "acc": 0.71356
        },
        "19": {
            "loss": 0.8833904312089886,
            "acc": 0.70738
        },
        "20": {
            "loss": 0.9076312874894008,
            "acc": 0.70076
        },
        "21": {
            "loss": 0.9089313207379998,
            "acc": 0.70006
        },
        "22": {
            "loss": 0.9106425527111649,
            "acc": 0.69852
        },
        "23": {
            "loss": 0.914974725002523,
            "acc": 0.70028
        },
        "24": {
            "loss": 0.9109002496580334,
            "acc": 0.7039
        },
        "25": {
            "loss": 0.9204239362036176,
            "acc": 0.6984
        },
        "26": {
            "loss": 0.9167360530789855,
            "acc": 0.7005
        },
        "27": {
            "loss": 0.9304359532378214,
            "acc": 0.69854
        },
        "28": {
            "loss": 0.9310591824524238,
            "acc": 0.69928
        },
        "29": {
            "loss": 0.9275893082704081,
            "acc": 0.69956
        },
        "30": {
            "loss": 0.9518712847434041,
            "acc": 0.6954
        },
        "31": {
            "loss": 0.9607531539619426,
            "acc": 0.69074
        },
        "32": {
            "loss": 0.9406597393248087,
            "acc": 0.69706
        },
        "33": {
            "loss": 0.9831935485915455,
            "acc": 0.68554
        },
        "34": {
            "loss": 0.9954515904416819,
            "acc": 0.68022
        },
        "35": {
            "loss": 0.9848843983677037,
            "acc": 0.68296
        },
        "36": {
            "loss": 0.9920803648431588,
            "acc": 0.68236
        },
        "37": {
            "loss": 0.9952438691692889,
            "acc": 0.68246
        },
        "38": {
            "loss": 1.0130260324539127,
            "acc": 0.67724
        },
        "39": {
            "loss": 1.021385154455824,
            "acc": 0.67516
        },
        "40": {
            "loss": 0.9869921554994705,
            "acc": 0.6827
        },
        "41": {
            "loss": 0.9994244099882863,
            "acc": 0.68074
        },
        "42": {
            "loss": 0.984100230819429,
            "acc": 0.68676
        },
        "43": {
            "loss": 1.0059839587687227,
            "acc": 0.68244
        },
        "44": {
            "loss": 1.017904664701818,
            "acc": 0.67854
        },
        "45": {
            "loss": 1.0142240220933314,
            "acc": 0.67696
        },
        "46": {
            "loss": 1.0132382845939578,
            "acc": 0.67832
        },
        "47": {
            "loss": 1.0394193717585805,
            "acc": 0.67336
        },
        "48": {
            "loss": 1.0405730024323134,
            "acc": 0.67032
        },
        "49": {
            "loss": 1.0214217331098474,
            "acc": 0.67902
        },
        "50": {
            "loss": 1.0216075640810116,
            "acc": 0.6794
        },
        "51": {
            "loss": 1.0104383047279495,
            "acc": 0.68052
        },
        "52": {
            "loss": 1.0268052505410237,
            "acc": 0.67668
        },
        "53": {
            "loss": 1.0041991304558562,
            "acc": 0.6869
        },
        "54": {
            "loss": 1.013146629571305,
            "acc": 0.68188
        },
        "55": {
            "loss": 1.027943852155105,
            "acc": 0.6764
        },
        "56": {
            "loss": 1.0198012409002886,
            "acc": 0.67988
        },
        "57": {
            "loss": 1.0389953853224245,
            "acc": 0.67126
        },
        "58": {
            "loss": 1.03075983335295,
            "acc": 0.67532
        },
        "59": {
            "loss": 1.0124741771337016,
            "acc": 0.68266
        },
        "60": {
            "loss": 0.9987766021657782,
            "acc": 0.68684
        },
        "61": {
            "loss": 0.9970231745249171,
            "acc": 0.68716
        },
        "62": {
            "loss": 1.0002554495011449,
            "acc": 0.68478
        },
        "63": {
            "loss": 0.9821877135035327,
            "acc": 0.68952
        },
        "64": {
            "loss": 1.0026333891522243,
            "acc": 0.68116
        },
        "65": {
            "loss": 1.022042872045961,
            "acc": 0.679
        },
        "66": {
            "loss": 1.0004208901959002,
            "acc": 0.68698
        },
        "67": {
            "loss": 0.995334514114253,
            "acc": 0.68796
        },
        "68": {
            "loss": 1.00629194709651,
            "acc": 0.68594
        },
        "69": {
            "loss": 0.976187867886575,
            "acc": 0.69154
        },
        "70": {
            "loss": 0.9986123122522593,
            "acc": 0.69084
        },
        "71": {
            "loss": 0.9809728270906317,
            "acc": 0.69428
        },
        "72": {
            "loss": 0.9837162755334469,
            "acc": 0.69154
        },
        "73": {
            "loss": 0.9459624936818467,
            "acc": 0.70218
        },
        "74": {
            "loss": 0.9779147455454482,
            "acc": 0.69388
        },
        "75": {
            "loss": 0.9530748580117969,
            "acc": 0.69992
        },
        "76": {
            "loss": 0.9642433083575704,
            "acc": 0.69886
        },
        "77": {
            "loss": 0.9674132684307635,
            "acc": 0.6969
        },
        "78": {
            "loss": 0.941840791946177,
            "acc": 0.70632
        },
        "79": {
            "loss": 0.9371917491678692,
            "acc": 0.7058
        },
        "80": {
            "loss": 0.9196458326276306,
            "acc": 0.70872
        },
        "81": {
            "loss": 0.9392612829537648,
            "acc": 0.70458
        },
        "82": {
            "loss": 0.9309231404148405,
            "acc": 0.70918
        },
        "83": {
            "loss": 0.9374455791300215,
            "acc": 0.70372
        },
        "84": {
            "loss": 0.9250562776385061,
            "acc": 0.71184
        },
        "85": {
            "loss": 0.914761175280032,
            "acc": 0.71364
        },
        "86": {
            "loss": 0.9116330314475252,
            "acc": 0.715
        },
        "87": {
            "loss": 0.9050988893374763,
            "acc": 0.71788
        },
        "88": {
            "loss": 0.9086606464422572,
            "acc": 0.71592
        },
        "89": {
            "loss": 0.9127666355703797,
            "acc": 0.71122
        },
        "90": {
            "loss": 0.8996409837852049,
            "acc": 0.7169
        },
        "91": {
            "loss": 0.9070832547934159,
            "acc": 0.715
        },
        "92": {
            "loss": 0.9028917070849777,
            "acc": 0.71894
        },
        "93": {
            "loss": 0.9179166992911902,
            "acc": 0.71252
        },
        "94": {
            "loss": 0.8895220085025748,
            "acc": 0.71882
        },
        "95": {
            "loss": 0.8811954407740736,
            "acc": 0.72302
        },
        "96": {
            "loss": 0.8888911951685805,
            "acc": 0.72098
        },
        "97": {
            "loss": 0.8857150394898241,
            "acc": 0.72396
        },
        "98": {
            "loss": 0.8846466372080166,
            "acc": 0.72434
        },
        "99": {
            "loss": 0.8478497225610192,
            "acc": 0.73136
        },
        "100": {
            "loss": 0.654629703906491,
            "acc": 0.78976
        },
        "101": {
            "loss": 0.5778531873470072,
            "acc": 0.81086
        },
        "102": {
            "loss": 0.5573436435683609,
            "acc": 0.81752
        },
        "103": {
            "loss": 0.5366270048996372,
            "acc": 0.82434
        },
        "104": {
            "loss": 0.5175609103858928,
            "acc": 0.83054
        },
        "105": {
            "loss": 0.5124649367369044,
            "acc": 0.83092
        },
        "106": {
            "loss": 0.5012564652258783,
            "acc": 0.834
        },
        "107": {
            "loss": 0.4862809699514638,
            "acc": 0.83874
        },
        "108": {
            "loss": 0.4767786268992802,
            "acc": 0.84056
        },
        "109": {
            "loss": 0.46829029365116376,
            "acc": 0.84416
        },
        "110": {
            "loss": 0.4653930832510409,
            "acc": 0.84518
        },
        "111": {
            "loss": 0.4580687801627552,
            "acc": 0.84678
        },
        "112": {
            "loss": 0.4510862023934074,
            "acc": 0.84888
        },
        "113": {
            "loss": 0.44560509333220283,
            "acc": 0.8513
        },
        "114": {
            "loss": 0.43627563054146973,
            "acc": 0.85418
        },
        "115": {
            "loss": 0.4344778515951103,
            "acc": 0.853
        },
        "116": {
            "loss": 0.4291987265162456,
            "acc": 0.85644
        },
        "117": {
            "loss": 0.4237581254423732,
            "acc": 0.85632
        },
        "118": {
            "loss": 0.4181006460086159,
            "acc": 0.85912
        },
        "119": {
            "loss": 0.40938757291382843,
            "acc": 0.86258
        },
        "120": {
            "loss": 0.4063477334768876,
            "acc": 0.86206
        },
        "121": {
            "loss": 0.4053320838972126,
            "acc": 0.86172
        },
        "122": {
            "loss": 0.40116227427711876,
            "acc": 0.86466
        },
        "123": {
            "loss": 0.39415561245835345,
            "acc": 0.86712
        },
        "124": {
            "loss": 0.38878364468474524,
            "acc": 0.86764
        },
        "125": {
            "loss": 0.38337621237615793,
            "acc": 0.8692
        },
        "126": {
            "loss": 0.3819691801772398,
            "acc": 0.87004
        },
        "127": {
            "loss": 0.3755018347135895,
            "acc": 0.87308
        },
        "128": {
            "loss": 0.3737129514174693,
            "acc": 0.8723
        },
        "129": {
            "loss": 0.3706543578973512,
            "acc": 0.87418
        },
        "130": {
            "loss": 0.366221558064451,
            "acc": 0.87452
        },
        "131": {
            "loss": 0.3656431754760425,
            "acc": 0.8749
        },
        "132": {
            "loss": 0.3591489326542296,
            "acc": 0.87682
        },
        "133": {
            "loss": 0.3539281308727191,
            "acc": 0.87812
        },
        "134": {
            "loss": 0.353064589793115,
            "acc": 0.87868
        },
        "135": {
            "loss": 0.3499795993042114,
            "acc": 0.88014
        },
        "136": {
            "loss": 0.34729838458930745,
            "acc": 0.88102
        },
        "137": {
            "loss": 0.3410594817774985,
            "acc": 0.88202
        },
        "138": {
            "loss": 0.3397433989493133,
            "acc": 0.883
        },
        "139": {
            "loss": 0.3336117303051302,
            "acc": 0.88366
        },
        "140": {
            "loss": 0.33398504036924115,
            "acc": 0.8847
        },
        "141": {
            "loss": 0.3285953799248352,
            "acc": 0.88644
        },
        "142": {
            "loss": 0.32865652865003747,
            "acc": 0.88638
        },
        "143": {
            "loss": 0.32062800320060664,
            "acc": 0.88926
        },
        "144": {
            "loss": 0.3152441685385716,
            "acc": 0.8906
        },
        "145": {
            "loss": 0.3180502172931076,
            "acc": 0.88986
        },
        "146": {
            "loss": 0.31266484262845706,
            "acc": 0.89218
        },
        "147": {
            "loss": 0.31081345534461846,
            "acc": 0.89254
        },
        "148": {
            "loss": 0.3102116935774493,
            "acc": 0.89374
        },
        "149": {
            "loss": 0.30447329413098145,
            "acc": 0.894
        },
        "150": {
            "loss": 0.2893061585667188,
            "acc": 0.9008
        },
        "151": {
            "loss": 0.2834129055290271,
            "acc": 0.90116
        },
        "152": {
            "loss": 0.28547196284584375,
            "acc": 0.90006
        },
        "153": {
            "loss": 0.2856045803984108,
            "acc": 0.89952
        },
        "154": {
            "loss": 0.2851829836359414,
            "acc": 0.90008
        },
        "155": {
            "loss": 0.28689558689704026,
            "acc": 0.90014
        },
        "156": {
            "loss": 0.2829601420732715,
            "acc": 0.90196
        },
        "157": {
            "loss": 0.28038422559457055,
            "acc": 0.90126
        },
        "158": {
            "loss": 0.2810580047500103,
            "acc": 0.90178
        },
        "159": {
            "loss": 0.2828872514426556,
            "acc": 0.90158
        },
        "160": {
            "loss": 0.280706162952706,
            "acc": 0.90146
        },
        "161": {
            "loss": 0.27893531093816926,
            "acc": 0.90262
        },
        "162": {
            "loss": 0.27780214925784896,
            "acc": 0.90232
        },
        "163": {
            "loss": 0.27919035986103974,
            "acc": 0.90172
        },
        "164": {
            "loss": 0.28212545505341363,
            "acc": 0.90146
        },
        "165": {
            "loss": 0.27606915478663674,
            "acc": 0.90398
        },
        "166": {
            "loss": 0.27621429701290473,
            "acc": 0.90308
        },
        "167": {
            "loss": 0.28095330922957273,
            "acc": 0.90256
        },
        "168": {
            "loss": 0.2767177586398466,
            "acc": 0.90386
        },
        "169": {
            "loss": 0.27374587128000794,
            "acc": 0.90432
        },
        "170": {
            "loss": 0.2743576374810065,
            "acc": 0.90458
        },
        "171": {
            "loss": 0.27598447796633785,
            "acc": 0.90344
        },
        "172": {
            "loss": 0.27197406035097665,
            "acc": 0.90452
        },
        "173": {
            "loss": 0.2721847593022125,
            "acc": 0.90314
        },
        "174": {
            "loss": 0.27346793962332905,
            "acc": 0.90354
        },
        "175": {
            "loss": 0.27324838181743233,
            "acc": 0.90508
        },
        "176": {
            "loss": 0.27362128535804847,
            "acc": 0.90558
        },
        "177": {
            "loss": 0.26989196829707424,
            "acc": 0.90502
        },
        "178": {
            "loss": 0.27278310620723784,
            "acc": 0.90516
        },
        "179": {
            "loss": 0.27019726366871766,
            "acc": 0.90514
        },
        "180": {
            "loss": 0.27082030905786986,
            "acc": 0.90604
        },
        "181": {
            "loss": 0.2733768318277186,
            "acc": 0.9044
        },
        "182": {
            "loss": 0.2701792893431071,
            "acc": 0.906
        },
        "183": {
            "loss": 0.2709683612979891,
            "acc": 0.9047
        },
        "184": {
            "loss": 0.27200422186375883,
            "acc": 0.90426
        },
        "185": {
            "loss": 0.2696061691702784,
            "acc": 0.90662
        },
        "186": {
            "loss": 0.2682250409441836,
            "acc": 0.90656
        },
        "187": {
            "loss": 0.27237991310294024,
            "acc": 0.90416
        },
        "188": {
            "loss": 0.2704437195949847,
            "acc": 0.90434
        },
        "189": {
            "loss": 0.2671536927866509,
            "acc": 0.907
        },
        "190": {
            "loss": 0.27228389756606364,
            "acc": 0.90432
        },
        "191": {
            "loss": 0.26353112465280404,
            "acc": 0.90796
        },
        "192": {
            "loss": 0.26436707413638644,
            "acc": 0.90752
        },
        "193": {
            "loss": 0.26584014361319336,
            "acc": 0.90686
        },
        "194": {
            "loss": 0.26599285147531565,
            "acc": 0.90678
        },
        "195": {
            "loss": 0.27058856295960027,
            "acc": 0.90516
        },
        "196": {
            "loss": 0.2677678335505678,
            "acc": 0.9061
        },
        "197": {
            "loss": 0.26338698259552423,
            "acc": 0.90794
        },
        "198": {
            "loss": 0.26138236185016533,
            "acc": 0.908
        },
        "199": {
            "loss": 0.26457348605022407,
            "acc": 0.9071
        },
        "200": {
            "loss": 0.2613605228264618,
            "acc": 0.9092
        },
        "201": {
            "loss": 0.26343912926628765,
            "acc": 0.90872
        },
        "202": {
            "loss": 0.26183745129715147,
            "acc": 0.906
        },
        "203": {
            "loss": 0.26570565785136063,
            "acc": 0.9062
        },
        "204": {
            "loss": 0.26010732598545605,
            "acc": 0.90844
        },
        "205": {
            "loss": 0.2647856510127597,
            "acc": 0.90686
        },
        "206": {
            "loss": 0.26315408520152805,
            "acc": 0.9073
        },
        "207": {
            "loss": 0.2604859521817368,
            "acc": 0.90792
        },
        "208": {
            "loss": 0.26077249724313123,
            "acc": 0.90806
        },
        "209": {
            "loss": 0.2646455126516807,
            "acc": 0.90562
        },
        "210": {
            "loss": 0.260739636066777,
            "acc": 0.9076
        },
        "211": {
            "loss": 0.26397600575633673,
            "acc": 0.90748
        },
        "212": {
            "loss": 0.25995991125588525,
            "acc": 0.90868
        },
        "213": {
            "loss": 0.26151898657650596,
            "acc": 0.90798
        },
        "214": {
            "loss": 0.26193634458743703,
            "acc": 0.90904
        },
        "215": {
            "loss": 0.25893853471407197,
            "acc": 0.90942
        },
        "216": {
            "loss": 0.260972331894938,
            "acc": 0.90806
        },
        "217": {
            "loss": 0.26222506165504456,
            "acc": 0.9077
        },
        "218": {
            "loss": 0.263305084746512,
            "acc": 0.90872
        },
        "219": {
            "loss": 0.26278023490363067,
            "acc": 0.90786
        },
        "220": {
            "loss": 0.26097557741357846,
            "acc": 0.90818
        },
        "221": {
            "loss": 0.26291512173917286,
            "acc": 0.90866
        },
        "222": {
            "loss": 0.26055066018839323,
            "acc": 0.9086
        },
        "223": {
            "loss": 0.2627302658984728,
            "acc": 0.90722
        },
        "224": {
            "loss": 0.258440568204731,
            "acc": 0.90946
        },
        "225": {
            "loss": 0.25771156130620587,
            "acc": 0.91024
        },
        "226": {
            "loss": 0.2581882796171681,
            "acc": 0.90996
        },
        "227": {
            "loss": 0.26097338387499686,
            "acc": 0.9086
        },
        "228": {
            "loss": 0.26445673322281266,
            "acc": 0.90696
        },
        "229": {
            "loss": 0.2628016323041733,
            "acc": 0.90762
        },
        "230": {
            "loss": 0.2597999536739591,
            "acc": 0.90914
        },
        "231": {
            "loss": 0.261313424981616,
            "acc": 0.9077
        },
        "232": {
            "loss": 0.2612583585216871,
            "acc": 0.90812
        },
        "233": {
            "loss": 0.259697184690734,
            "acc": 0.9084
        },
        "234": {
            "loss": 0.2635067277171118,
            "acc": 0.90746
        },
        "235": {
            "loss": 0.25798344572105675,
            "acc": 0.9089
        },
        "236": {
            "loss": 0.2580393649008878,
            "acc": 0.91
        },
        "237": {
            "loss": 0.2586596605875303,
            "acc": 0.91006
        },
        "238": {
            "loss": 0.2564914227865846,
            "acc": 0.90974
        },
        "239": {
            "loss": 0.260253457423976,
            "acc": 0.90934
        },
        "240": {
            "loss": 0.26033387432241684,
            "acc": 0.90908
        },
        "241": {
            "loss": 0.26046457587529326,
            "acc": 0.90914
        },
        "242": {
            "loss": 0.2610173876899892,
            "acc": 0.90874
        },
        "243": {
            "loss": 0.2615549866005283,
            "acc": 0.90846
        },
        "244": {
            "loss": 0.2571774930371653,
            "acc": 0.91024
        },
        "245": {
            "loss": 0.26076856548981286,
            "acc": 0.90988
        },
        "246": {
            "loss": 0.2596818260715136,
            "acc": 0.90922
        },
        "247": {
            "loss": 0.2596194030302565,
            "acc": 0.90914
        },
        "248": {
            "loss": 0.2560199334874482,
            "acc": 0.9111
        },
        "249": {
            "loss": 0.25883536705809174,
            "acc": 0.909
        }
    },
    "test": {
        "0": {
            "loss": 1.4570192432403564,
            "acc": 0.4657
        },
        "1": {
            "loss": 1.2517009329795838,
            "acc": 0.5482
        },
        "3": {
            "loss": 1.0423687422275543,
            "acc": 0.647
        },
        "5": {
            "loss": 0.9738403117656708,
            "acc": 0.6767
        },
        "7": {
            "loss": 0.9186660802364349,
            "acc": 0.6964
        },
        "9": {
            "loss": 0.9009711050987244,
            "acc": 0.7052
        },
        "11": {
            "loss": 0.8372039341926575,
            "acc": 0.7233
        },
        "13": {
            "loss": 0.9381412482261657,
            "acc": 0.6893
        },
        "15": {
            "loss": 0.8772862887382508,
            "acc": 0.713
        },
        "17": {
            "loss": 0.9667914545536042,
            "acc": 0.6961
        },
        "19": {
            "loss": 1.0276486885547638,
            "acc": 0.6681
        },
        "21": {
            "loss": 0.9494881570339203,
            "acc": 0.7037
        },
        "23": {
            "loss": 0.9527310156822204,
            "acc": 0.7081
        },
        "25": {
            "loss": 0.9831105828285217,
            "acc": 0.6964
        },
        "27": {
            "loss": 1.110392826795578,
            "acc": 0.6791
        },
        "29": {
            "loss": 0.9987505841255188,
            "acc": 0.7025
        },
        "31": {
            "loss": 1.0323091423511506,
            "acc": 0.6685
        },
        "33": {
            "loss": 1.0830814743041992,
            "acc": 0.6662
        },
        "35": {
            "loss": 0.9928033852577209,
            "acc": 0.701
        },
        "37": {
            "loss": 1.0700497019290924,
            "acc": 0.686
        },
        "39": {
            "loss": 1.0567702627182007,
            "acc": 0.6759
        },
        "41": {
            "loss": 1.0348817932605743,
            "acc": 0.6901
        },
        "43": {
            "loss": 1.0929255592823028,
            "acc": 0.6599
        },
        "45": {
            "loss": 1.0895665180683136,
            "acc": 0.6693
        },
        "47": {
            "loss": 1.0721194875240325,
            "acc": 0.6788
        },
        "49": {
            "loss": 1.0363064873218537,
            "acc": 0.6839
        },
        "51": {
            "loss": 1.1392385578155517,
            "acc": 0.6697
        },
        "53": {
            "loss": 1.0814551603794098,
            "acc": 0.6762
        },
        "55": {
            "loss": 1.0777253854274749,
            "acc": 0.683
        },
        "57": {
            "loss": 1.07788427233696,
            "acc": 0.6736
        },
        "59": {
            "loss": 1.014079978466034,
            "acc": 0.6898
        },
        "61": {
            "loss": 0.9625315964221954,
            "acc": 0.7223
        },
        "63": {
            "loss": 1.0376401352882385,
            "acc": 0.691
        },
        "65": {
            "loss": 1.054183782339096,
            "acc": 0.6833
        },
        "67": {
            "loss": 0.9920263421535492,
            "acc": 0.7057
        },
        "69": {
            "loss": 1.075495595932007,
            "acc": 0.6822
        },
        "71": {
            "loss": 0.9863984835147858,
            "acc": 0.705
        },
        "73": {
            "loss": 1.0238508236408235,
            "acc": 0.7031
        },
        "75": {
            "loss": 1.0072658395767211,
            "acc": 0.7064
        },
        "77": {
            "loss": 1.12341526389122,
            "acc": 0.6645
        },
        "79": {
            "loss": 1.029231469631195,
            "acc": 0.6941
        },
        "81": {
            "loss": 0.9711097478866577,
            "acc": 0.7061
        },
        "83": {
            "loss": 1.0031872296333313,
            "acc": 0.721
        },
        "85": {
            "loss": 0.9745490896701813,
            "acc": 0.725
        },
        "87": {
            "loss": 0.9749457466602326,
            "acc": 0.7006
        },
        "89": {
            "loss": 0.9658588290214538,
            "acc": 0.7186
        },
        "91": {
            "loss": 1.033042507171631,
            "acc": 0.6799
        },
        "93": {
            "loss": 0.9442288947105407,
            "acc": 0.7097
        },
        "95": {
            "loss": 0.9921930360794068,
            "acc": 0.712
        },
        "97": {
            "loss": 0.918373521566391,
            "acc": 0.7268
        },
        "99": {
            "loss": 0.9069085824489593,
            "acc": 0.7327
        },
        "101": {
            "loss": 0.6622818386554719,
            "acc": 0.7959
        },
        "103": {
            "loss": 0.627437139749527,
            "acc": 0.8053
        },
        "105": {
            "loss": 0.6134261786937714,
            "acc": 0.8094
        },
        "107": {
            "loss": 0.5920886182785035,
            "acc": 0.8165
        },
        "109": {
            "loss": 0.5840590178966523,
            "acc": 0.8226
        },
        "111": {
            "loss": 0.5811804091930389,
            "acc": 0.8214
        },
        "113": {
            "loss": 0.5805438333749771,
            "acc": 0.8224
        },
        "115": {
            "loss": 0.5710612231492996,
            "acc": 0.826
        },
        "117": {
            "loss": 0.5589235687255859,
            "acc": 0.8319
        },
        "119": {
            "loss": 0.5605827999114991,
            "acc": 0.831
        },
        "121": {
            "loss": 0.5535579442977905,
            "acc": 0.8299
        },
        "123": {
            "loss": 0.5551954531669616,
            "acc": 0.8323
        },
        "125": {
            "loss": 0.5454501342773438,
            "acc": 0.8317
        },
        "127": {
            "loss": 0.5523705202341079,
            "acc": 0.8337
        },
        "129": {
            "loss": 0.5447596651315689,
            "acc": 0.8344
        },
        "131": {
            "loss": 0.5444185131788254,
            "acc": 0.8349
        },
        "133": {
            "loss": 0.5489303910732269,
            "acc": 0.8366
        },
        "135": {
            "loss": 0.5401862734556198,
            "acc": 0.8352
        },
        "137": {
            "loss": 0.5430831778049469,
            "acc": 0.8375
        },
        "139": {
            "loss": 0.5343523401021958,
            "acc": 0.8427
        },
        "141": {
            "loss": 0.5293362176418305,
            "acc": 0.8408
        },
        "143": {
            "loss": 0.5365790981054306,
            "acc": 0.8413
        },
        "145": {
            "loss": 0.5381960785388946,
            "acc": 0.84
        },
        "147": {
            "loss": 0.5284197163581849,
            "acc": 0.8421
        },
        "149": {
            "loss": 0.5365831345319748,
            "acc": 0.8454
        },
        "151": {
            "loss": 0.5259418940544128,
            "acc": 0.8466
        },
        "153": {
            "loss": 0.5197005194425582,
            "acc": 0.8479
        },
        "155": {
            "loss": 0.5176906907558441,
            "acc": 0.8482
        },
        "157": {
            "loss": 0.519492751955986,
            "acc": 0.847
        },
        "159": {
            "loss": 0.517862538099289,
            "acc": 0.8478
        },
        "161": {
            "loss": 0.5158721625804901,
            "acc": 0.8477
        },
        "163": {
            "loss": 0.5157484525442123,
            "acc": 0.8469
        },
        "165": {
            "loss": 0.5134811753034592,
            "acc": 0.8476
        },
        "167": {
            "loss": 0.515640127658844,
            "acc": 0.8473
        },
        "169": {
            "loss": 0.5145383423566818,
            "acc": 0.8475
        },
        "171": {
            "loss": 0.5155656939744949,
            "acc": 0.8467
        },
        "173": {
            "loss": 0.5162605410814285,
            "acc": 0.8466
        },
        "175": {
            "loss": 0.515867982506752,
            "acc": 0.8483
        },
        "177": {
            "loss": 0.5149467998743057,
            "acc": 0.8493
        },
        "179": {
            "loss": 0.5136330288648605,
            "acc": 0.8471
        },
        "181": {
            "loss": 0.5121449828147888,
            "acc": 0.8485
        },
        "183": {
            "loss": 0.5120164680480958,
            "acc": 0.85
        },
        "185": {
            "loss": 0.5140776205062866,
            "acc": 0.8485
        },
        "187": {
            "loss": 0.5126027512550354,
            "acc": 0.8486
        },
        "189": {
            "loss": 0.5143363642692566,
            "acc": 0.8495
        },
        "191": {
            "loss": 0.5151155203580856,
            "acc": 0.8482
        },
        "193": {
            "loss": 0.5163820254802703,
            "acc": 0.8473
        },
        "195": {
            "loss": 0.5131186598539352,
            "acc": 0.8498
        },
        "197": {
            "loss": 0.5160369902849198,
            "acc": 0.8486
        },
        "199": {
            "loss": 0.5159199619293213,
            "acc": 0.8494
        },
        "201": {
            "loss": 0.5159342312812805,
            "acc": 0.848
        },
        "203": {
            "loss": 0.5156572186946868,
            "acc": 0.8481
        },
        "205": {
            "loss": 0.5154608023166657,
            "acc": 0.8487
        },
        "207": {
            "loss": 0.51536346077919,
            "acc": 0.8483
        },
        "209": {
            "loss": 0.5152090072631836,
            "acc": 0.8483
        },
        "211": {
            "loss": 0.5149914920330048,
            "acc": 0.8482
        },
        "213": {
            "loss": 0.5150688666105271,
            "acc": 0.8484
        },
        "215": {
            "loss": 0.5143289196491242,
            "acc": 0.8491
        },
        "217": {
            "loss": 0.5145140957832336,
            "acc": 0.8494
        },
        "219": {
            "loss": 0.5140575736761093,
            "acc": 0.8485
        },
        "221": {
            "loss": 0.5144954812526703,
            "acc": 0.8486
        },
        "223": {
            "loss": 0.513844707608223,
            "acc": 0.8489
        },
        "225": {
            "loss": 0.5145519256591797,
            "acc": 0.848
        },
        "227": {
            "loss": 0.5142313838005066,
            "acc": 0.8486
        },
        "229": {
            "loss": 0.5142912709712982,
            "acc": 0.848
        },
        "231": {
            "loss": 0.51423781812191,
            "acc": 0.8484
        },
        "233": {
            "loss": 0.5141154062747956,
            "acc": 0.8484
        },
        "235": {
            "loss": 0.5145517182350159,
            "acc": 0.8491
        },
        "237": {
            "loss": 0.5143129217624665,
            "acc": 0.8486
        },
        "239": {
            "loss": 0.5147176241874695,
            "acc": 0.8489
        },
        "241": {
            "loss": 0.5143080937862397,
            "acc": 0.8495
        },
        "243": {
            "loss": 0.5142509281635285,
            "acc": 0.8484
        },
        "245": {
            "loss": 0.5141834563016892,
            "acc": 0.8489
        },
        "247": {
            "loss": 0.5139545023441314,
            "acc": 0.8486
        },
        "249": {
            "loss": 0.5137799620628357,
            "acc": 0.8493
        }
    },
    "best": {
        "best_epoch": 183,
        "best_acc": 85.0
    }
}