{
    "train": {
        "0": {
            "loss": 1.840826280891438,
            "acc": 0.30452
        },
        "1": {
            "loss": 1.5135416432719706,
            "acc": 0.45112
        },
        "2": {
            "loss": 1.4096002783007024,
            "acc": 0.4938
        },
        "3": {
            "loss": 1.3492177044948959,
            "acc": 0.51546
        },
        "4": {
            "loss": 1.3048942682078428,
            "acc": 0.53592
        },
        "5": {
            "loss": 1.2658989613928149,
            "acc": 0.55244
        },
        "6": {
            "loss": 1.244410769104043,
            "acc": 0.55786
        },
        "7": {
            "loss": 1.2266369949826195,
            "acc": 0.56604
        },
        "8": {
            "loss": 1.2100512594213266,
            "acc": 0.57348
        },
        "9": {
            "loss": 1.1990660198814118,
            "acc": 0.5772
        },
        "10": {
            "loss": 1.1889839501637023,
            "acc": 0.58152
        },
        "11": {
            "loss": 1.1821541982843442,
            "acc": 0.58554
        },
        "12": {
            "loss": 1.1823977693877257,
            "acc": 0.58676
        },
        "13": {
            "loss": 1.1699661362506544,
            "acc": 0.59254
        },
        "14": {
            "loss": 1.1736713190517767,
            "acc": 0.58966
        },
        "15": {
            "loss": 1.1636176754141707,
            "acc": 0.59486
        },
        "16": {
            "loss": 1.1612938833053765,
            "acc": 0.59692
        },
        "17": {
            "loss": 1.1601484625235847,
            "acc": 0.59768
        },
        "18": {
            "loss": 1.1630128577847005,
            "acc": 0.59676
        },
        "19": {
            "loss": 1.160121293324034,
            "acc": 0.59872
        },
        "20": {
            "loss": 1.1624573958499351,
            "acc": 0.5981
        },
        "21": {
            "loss": 1.1576722845092149,
            "acc": 0.59922
        },
        "22": {
            "loss": 1.1572025543283624,
            "acc": 0.59976
        },
        "23": {
            "loss": 1.15470099281472,
            "acc": 0.6
        },
        "24": {
            "loss": 1.1575724487109562,
            "acc": 0.59982
        },
        "25": {
            "loss": 1.1574906205277309,
            "acc": 0.6014
        },
        "26": {
            "loss": 1.1586000689155305,
            "acc": 0.60266
        },
        "27": {
            "loss": 1.160539660764777,
            "acc": 0.5967
        },
        "28": {
            "loss": 1.157582118078266,
            "acc": 0.60108
        },
        "29": {
            "loss": 1.1619175233499472,
            "acc": 0.60096
        },
        "30": {
            "loss": 1.1674506610921582,
            "acc": 0.59894
        },
        "31": {
            "loss": 1.165696690606949,
            "acc": 0.60058
        },
        "32": {
            "loss": 1.1585808440547465,
            "acc": 0.60528
        },
        "33": {
            "loss": 1.1601906677950984,
            "acc": 0.60314
        },
        "34": {
            "loss": 1.1626933922853007,
            "acc": 0.60456
        },
        "35": {
            "loss": 1.1618361165151572,
            "acc": 0.59954
        },
        "36": {
            "loss": 1.153179051930947,
            "acc": 0.60528
        },
        "37": {
            "loss": 1.161095830485644,
            "acc": 0.6025
        },
        "38": {
            "loss": 1.158973513966631,
            "acc": 0.60236
        },
        "39": {
            "loss": 1.1577680049954777,
            "acc": 0.60266
        },
        "40": {
            "loss": 1.1586375767007813,
            "acc": 0.60582
        },
        "41": {
            "loss": 1.1611973887209392,
            "acc": 0.60258
        },
        "42": {
            "loss": 1.158076380829677,
            "acc": 0.6032
        },
        "43": {
            "loss": 1.1670096219348176,
            "acc": 0.60172
        },
        "44": {
            "loss": 1.1578312622921547,
            "acc": 0.60476
        },
        "45": {
            "loss": 1.166158246262299,
            "acc": 0.6021
        },
        "46": {
            "loss": 1.1549179903076738,
            "acc": 0.6059
        },
        "47": {
            "loss": 1.1609851675265281,
            "acc": 0.60378
        },
        "48": {
            "loss": 1.152857754236597,
            "acc": 0.60738
        },
        "49": {
            "loss": 1.159579740918201,
            "acc": 0.60278
        },
        "50": {
            "loss": 1.1572284646656201,
            "acc": 0.6072
        },
        "51": {
            "loss": 1.159715459169939,
            "acc": 0.60556
        },
        "52": {
            "loss": 1.1533958469815266,
            "acc": 0.60832
        },
        "53": {
            "loss": 1.1512881525032355,
            "acc": 0.60616
        },
        "54": {
            "loss": 1.1572200982162104,
            "acc": 0.60606
        },
        "55": {
            "loss": 1.150467272304818,
            "acc": 0.60796
        },
        "56": {
            "loss": 1.152653196431182,
            "acc": 0.6079
        },
        "57": {
            "loss": 1.1443514224818296,
            "acc": 0.61096
        },
        "58": {
            "loss": 1.1509078332530263,
            "acc": 0.60802
        },
        "59": {
            "loss": 1.1525474728830636,
            "acc": 0.60754
        },
        "60": {
            "loss": 1.137120011517459,
            "acc": 0.61098
        },
        "61": {
            "loss": 1.1435795395880404,
            "acc": 0.61054
        },
        "62": {
            "loss": 1.1483573965404346,
            "acc": 0.61032
        },
        "63": {
            "loss": 1.1388775264210713,
            "acc": 0.6131
        },
        "64": {
            "loss": 1.1361078133668436,
            "acc": 0.61258
        },
        "65": {
            "loss": 1.139071403104631,
            "acc": 0.61134
        },
        "66": {
            "loss": 1.1488295865180853,
            "acc": 0.60978
        },
        "67": {
            "loss": 1.1550249521384763,
            "acc": 0.60756
        },
        "68": {
            "loss": 1.1419875076054917,
            "acc": 0.61086
        },
        "69": {
            "loss": 1.142159400998479,
            "acc": 0.61238
        },
        "70": {
            "loss": 1.1469909487782841,
            "acc": 0.60932
        },
        "71": {
            "loss": 1.1442658347851784,
            "acc": 0.60918
        },
        "72": {
            "loss": 1.1503347266665505,
            "acc": 0.6084
        },
        "73": {
            "loss": 1.1492714131884563,
            "acc": 0.60968
        },
        "74": {
            "loss": 1.142966716490743,
            "acc": 0.6119
        },
        "75": {
            "loss": 1.1413010744487537,
            "acc": 0.61378
        },
        "76": {
            "loss": 1.1427063815429082,
            "acc": 0.60952
        },
        "77": {
            "loss": 1.1489228497990562,
            "acc": 0.60798
        },
        "78": {
            "loss": 1.1457278342807995,
            "acc": 0.61272
        },
        "79": {
            "loss": 1.1286431450368193,
            "acc": 0.6158
        },
        "80": {
            "loss": 1.1300931653708144,
            "acc": 0.61582
        },
        "81": {
            "loss": 1.1332407592202696,
            "acc": 0.61502
        },
        "82": {
            "loss": 1.1316900167928632,
            "acc": 0.61354
        },
        "83": {
            "loss": 1.136751392460845,
            "acc": 0.61518
        },
        "84": {
            "loss": 1.1401621232862058,
            "acc": 0.61154
        },
        "85": {
            "loss": 1.1363166320659315,
            "acc": 0.61096
        },
        "86": {
            "loss": 1.1408405239929629,
            "acc": 0.61276
        },
        "87": {
            "loss": 1.1391938270815194,
            "acc": 0.61384
        },
        "88": {
            "loss": 1.1420982103518513,
            "acc": 0.61078
        },
        "89": {
            "loss": 1.1362426125484963,
            "acc": 0.6131
        },
        "90": {
            "loss": 1.1312399154428936,
            "acc": 0.6159
        },
        "91": {
            "loss": 1.137086017662302,
            "acc": 0.61442
        },
        "92": {
            "loss": 1.1355199103465166,
            "acc": 0.61604
        },
        "93": {
            "loss": 1.1275273146836653,
            "acc": 0.61814
        },
        "94": {
            "loss": 1.1274068765628062,
            "acc": 0.61468
        },
        "95": {
            "loss": 1.1294106998102134,
            "acc": 0.6163
        },
        "96": {
            "loss": 1.1326622729716094,
            "acc": 0.61534
        },
        "97": {
            "loss": 1.129552753227751,
            "acc": 0.6163
        },
        "98": {
            "loss": 1.1221486718758293,
            "acc": 0.62054
        },
        "99": {
            "loss": 1.1333280063955986,
            "acc": 0.61336
        },
        "100": {
            "loss": 0.954636624554539,
            "acc": 0.67166
        },
        "101": {
            "loss": 0.891614916531936,
            "acc": 0.69256
        },
        "102": {
            "loss": 0.8616412396321211,
            "acc": 0.7007
        },
        "103": {
            "loss": 0.8431455093576475,
            "acc": 0.70778
        },
        "104": {
            "loss": 0.8339020635770715,
            "acc": 0.71076
        },
        "105": {
            "loss": 0.8171040081916867,
            "acc": 0.71492
        },
        "106": {
            "loss": 0.8072421814474608,
            "acc": 0.71674
        },
        "107": {
            "loss": 0.7927748618833245,
            "acc": 0.72292
        },
        "108": {
            "loss": 0.7864045804113988,
            "acc": 0.7259
        },
        "109": {
            "loss": 0.7761201780013112,
            "acc": 0.72638
        },
        "110": {
            "loss": 0.7697269312865899,
            "acc": 0.7284
        },
        "111": {
            "loss": 0.7594054751383984,
            "acc": 0.73178
        },
        "112": {
            "loss": 0.7548678893872234,
            "acc": 0.73382
        },
        "113": {
            "loss": 0.750359579653996,
            "acc": 0.7329
        },
        "114": {
            "loss": 0.7412315718353252,
            "acc": 0.73826
        },
        "115": {
            "loss": 0.7269939966213977,
            "acc": 0.7419
        },
        "116": {
            "loss": 0.7295789723201176,
            "acc": 0.74254
        },
        "117": {
            "loss": 0.7190855757507217,
            "acc": 0.74202
        },
        "118": {
            "loss": 0.7133263354868535,
            "acc": 0.74824
        },
        "119": {
            "loss": 0.7077169688156498,
            "acc": 0.75088
        },
        "120": {
            "loss": 0.69704767581447,
            "acc": 0.75074
        },
        "121": {
            "loss": 0.6994187776999705,
            "acc": 0.75292
        },
        "122": {
            "loss": 0.6917833783437529,
            "acc": 0.75252
        },
        "123": {
            "loss": 0.6860565676561097,
            "acc": 0.75616
        },
        "124": {
            "loss": 0.6843034543497178,
            "acc": 0.75588
        },
        "125": {
            "loss": 0.6749140537913193,
            "acc": 0.75958
        },
        "126": {
            "loss": 0.6691209878915411,
            "acc": 0.76228
        },
        "127": {
            "loss": 0.6645031745933816,
            "acc": 0.7644
        },
        "128": {
            "loss": 0.6620683053417888,
            "acc": 0.76274
        },
        "129": {
            "loss": 0.6526433836163767,
            "acc": 0.76494
        },
        "130": {
            "loss": 0.6560470064735169,
            "acc": 0.76638
        },
        "131": {
            "loss": 0.6432007993273723,
            "acc": 0.76958
        },
        "132": {
            "loss": 0.6347289365118421,
            "acc": 0.77288
        },
        "133": {
            "loss": 0.6353725947992271,
            "acc": 0.77302
        },
        "134": {
            "loss": 0.6276635858408935,
            "acc": 0.77578
        },
        "135": {
            "loss": 0.6223687598162599,
            "acc": 0.77516
        },
        "136": {
            "loss": 0.6191181125085982,
            "acc": 0.77968
        },
        "137": {
            "loss": 0.6133553857541145,
            "acc": 0.78152
        },
        "138": {
            "loss": 0.612737240083992,
            "acc": 0.7795
        },
        "139": {
            "loss": 0.6084630859782324,
            "acc": 0.78386
        },
        "140": {
            "loss": 0.6041027055981824,
            "acc": 0.78106
        },
        "141": {
            "loss": 0.594709296055767,
            "acc": 0.78698
        },
        "142": {
            "loss": 0.5869863355708549,
            "acc": 0.78936
        },
        "143": {
            "loss": 0.5873847583218303,
            "acc": 0.78878
        },
        "144": {
            "loss": 0.5857141884544012,
            "acc": 0.79142
        },
        "145": {
            "loss": 0.5734010315154825,
            "acc": 0.79416
        },
        "146": {
            "loss": 0.56923007187636,
            "acc": 0.7949
        },
        "147": {
            "loss": 0.5651992157749508,
            "acc": 0.79612
        },
        "148": {
            "loss": 0.5614104298374537,
            "acc": 0.7988
        },
        "149": {
            "loss": 0.5583167981613627,
            "acc": 0.80052
        },
        "150": {
            "loss": 0.5209772195809942,
            "acc": 0.81368
        },
        "151": {
            "loss": 0.5088589101496255,
            "acc": 0.8168
        },
        "152": {
            "loss": 0.5059806032253958,
            "acc": 0.8169
        },
        "153": {
            "loss": 0.4990131178170519,
            "acc": 0.82124
        },
        "154": {
            "loss": 0.4962929803544603,
            "acc": 0.82148
        },
        "155": {
            "loss": 0.4924947741391409,
            "acc": 0.82226
        },
        "156": {
            "loss": 0.4874383266014821,
            "acc": 0.82474
        },
        "157": {
            "loss": 0.48588457291998216,
            "acc": 0.82556
        },
        "158": {
            "loss": 0.4865901310120702,
            "acc": 0.82412
        },
        "159": {
            "loss": 0.4853398603246645,
            "acc": 0.8258
        },
        "160": {
            "loss": 0.4846334743225361,
            "acc": 0.82452
        },
        "161": {
            "loss": 0.47414687009113826,
            "acc": 0.83094
        },
        "162": {
            "loss": 0.4803747517221114,
            "acc": 0.8286
        },
        "163": {
            "loss": 0.4803517217678792,
            "acc": 0.8286
        },
        "164": {
            "loss": 0.47423447657119283,
            "acc": 0.82986
        },
        "165": {
            "loss": 0.47301408229276654,
            "acc": 0.82984
        },
        "166": {
            "loss": 0.4764480535179148,
            "acc": 0.82872
        },
        "167": {
            "loss": 0.4706862295984917,
            "acc": 0.83028
        },
        "168": {
            "loss": 0.46949990326181396,
            "acc": 0.83182
        },
        "169": {
            "loss": 0.4698114038428382,
            "acc": 0.8318
        },
        "170": {
            "loss": 0.46732614103638,
            "acc": 0.83254
        },
        "171": {
            "loss": 0.46535722922790995,
            "acc": 0.83232
        },
        "172": {
            "loss": 0.4645057053822081,
            "acc": 0.8325
        },
        "173": {
            "loss": 0.46368107489307825,
            "acc": 0.8327
        },
        "174": {
            "loss": 0.4610123453695146,
            "acc": 0.83408
        },
        "175": {
            "loss": 0.4603281038648942,
            "acc": 0.83534
        },
        "176": {
            "loss": 0.459892030719601,
            "acc": 0.834
        },
        "177": {
            "loss": 0.4602173527183435,
            "acc": 0.83422
        },
        "178": {
            "loss": 0.4565275354153665,
            "acc": 0.8362
        },
        "179": {
            "loss": 0.45423795118966065,
            "acc": 0.83532
        },
        "180": {
            "loss": 0.4509159208411146,
            "acc": 0.83944
        },
        "181": {
            "loss": 0.4535141531616221,
            "acc": 0.83726
        },
        "182": {
            "loss": 0.4500512329437544,
            "acc": 0.83908
        },
        "183": {
            "loss": 0.45315278064259484,
            "acc": 0.83842
        },
        "184": {
            "loss": 0.4466660465578289,
            "acc": 0.83972
        },
        "185": {
            "loss": 0.44661392332495325,
            "acc": 0.8389
        },
        "186": {
            "loss": 0.4513152217316201,
            "acc": 0.83726
        },
        "187": {
            "loss": 0.4481321566397577,
            "acc": 0.83844
        },
        "188": {
            "loss": 0.4459751021983983,
            "acc": 0.84044
        },
        "189": {
            "loss": 0.4442123797009973,
            "acc": 0.84058
        },
        "190": {
            "loss": 0.4424050116859129,
            "acc": 0.84326
        },
        "191": {
            "loss": 0.44091614288137393,
            "acc": 0.84282
        },
        "192": {
            "loss": 0.4414895407074248,
            "acc": 0.84032
        },
        "193": {
            "loss": 0.4437508449682494,
            "acc": 0.84004
        },
        "194": {
            "loss": 0.44240045600839895,
            "acc": 0.8408
        },
        "195": {
            "loss": 0.43752122874302635,
            "acc": 0.84264
        },
        "196": {
            "loss": 0.4371947417478732,
            "acc": 0.84362
        },
        "197": {
            "loss": 0.43628263984189924,
            "acc": 0.84314
        },
        "198": {
            "loss": 0.4300251274233889,
            "acc": 0.84344
        },
        "199": {
            "loss": 0.43057307509510107,
            "acc": 0.84538
        },
        "200": {
            "loss": 0.4255106404538045,
            "acc": 0.84776
        },
        "201": {
            "loss": 0.42263886145771007,
            "acc": 0.84848
        },
        "202": {
            "loss": 0.430006345100415,
            "acc": 0.8453
        },
        "203": {
            "loss": 0.4266726198937277,
            "acc": 0.84692
        },
        "204": {
            "loss": 0.4263416227629727,
            "acc": 0.84738
        },
        "205": {
            "loss": 0.424748080694462,
            "acc": 0.84796
        },
        "206": {
            "loss": 0.4221527863798849,
            "acc": 0.84814
        },
        "207": {
            "loss": 0.4252093400796661,
            "acc": 0.84714
        },
        "208": {
            "loss": 0.4249158910930614,
            "acc": 0.84778
        },
        "209": {
            "loss": 0.42314735176923024,
            "acc": 0.84886
        },
        "210": {
            "loss": 0.4251290885231379,
            "acc": 0.84664
        },
        "211": {
            "loss": 0.42454598413403993,
            "acc": 0.84664
        },
        "212": {
            "loss": 0.4246008394624266,
            "acc": 0.84698
        },
        "213": {
            "loss": 0.4211521028633923,
            "acc": 0.84738
        },
        "214": {
            "loss": 0.42335986218336596,
            "acc": 0.84844
        },
        "215": {
            "loss": 0.421677610224775,
            "acc": 0.84892
        },
        "216": {
            "loss": 0.4266471321625478,
            "acc": 0.84728
        },
        "217": {
            "loss": 0.42575583380201587,
            "acc": 0.84702
        },
        "218": {
            "loss": 0.42364668171576525,
            "acc": 0.84764
        },
        "219": {
            "loss": 0.42448756205456334,
            "acc": 0.84802
        },
        "220": {
            "loss": 0.4215320041569907,
            "acc": 0.84714
        },
        "221": {
            "loss": 0.42548186234805896,
            "acc": 0.847
        },
        "222": {
            "loss": 0.42393568546875665,
            "acc": 0.84764
        },
        "223": {
            "loss": 0.4213951508254956,
            "acc": 0.84724
        },
        "224": {
            "loss": 0.4243172013469974,
            "acc": 0.84866
        },
        "225": {
            "loss": 0.4219706602337415,
            "acc": 0.84832
        },
        "226": {
            "loss": 0.420519289229532,
            "acc": 0.84894
        },
        "227": {
            "loss": 0.41890399241843795,
            "acc": 0.84836
        },
        "228": {
            "loss": 0.42329269845772277,
            "acc": 0.8474
        },
        "229": {
            "loss": 0.4170857611519601,
            "acc": 0.85076
        },
        "230": {
            "loss": 0.42045085913384966,
            "acc": 0.84826
        },
        "231": {
            "loss": 0.4225721432424872,
            "acc": 0.84578
        },
        "232": {
            "loss": 0.4214254841780114,
            "acc": 0.84832
        },
        "233": {
            "loss": 0.4175360625052391,
            "acc": 0.85104
        },
        "234": {
            "loss": 0.4219932668959088,
            "acc": 0.84682
        },
        "235": {
            "loss": 0.42019250131476565,
            "acc": 0.84916
        },
        "236": {
            "loss": 0.41732979262881265,
            "acc": 0.84972
        },
        "237": {
            "loss": 0.4188565102303424,
            "acc": 0.85024
        },
        "238": {
            "loss": 0.4209025245340889,
            "acc": 0.8491
        },
        "239": {
            "loss": 0.4231895170248378,
            "acc": 0.84908
        },
        "240": {
            "loss": 0.4202925214910751,
            "acc": 0.84848
        },
        "241": {
            "loss": 0.41806800423375784,
            "acc": 0.84944
        },
        "242": {
            "loss": 0.42323470481521336,
            "acc": 0.84758
        },
        "243": {
            "loss": 0.42100221071096944,
            "acc": 0.84812
        },
        "244": {
            "loss": 0.4194835072283245,
            "acc": 0.84918
        },
        "245": {
            "loss": 0.4183671956172075,
            "acc": 0.84964
        },
        "246": {
            "loss": 0.41723995276576725,
            "acc": 0.84944
        },
        "247": {
            "loss": 0.41453289646474295,
            "acc": 0.85026
        },
        "248": {
            "loss": 0.41798877110109306,
            "acc": 0.85008
        },
        "249": {
            "loss": 0.4162928620567712,
            "acc": 0.85048
        }
    },
    "test": {
        "0": {
            "loss": 1.6066200041770935,
            "acc": 0.4209
        },
        "1": {
            "loss": 1.4324287939071656,
            "acc": 0.4779
        },
        "3": {
            "loss": 1.3029243731498719,
            "acc": 0.5311
        },
        "5": {
            "loss": 1.1939014053344728,
            "acc": 0.5766
        },
        "7": {
            "loss": 1.1769671893119813,
            "acc": 0.5827
        },
        "9": {
            "loss": 1.1503437280654907,
            "acc": 0.594
        },
        "11": {
            "loss": 1.1496840882301331,
            "acc": 0.5988
        },
        "13": {
            "loss": 1.1221719431877135,
            "acc": 0.6079
        },
        "15": {
            "loss": 1.1412851738929748,
            "acc": 0.6009
        },
        "17": {
            "loss": 1.1507321512699127,
            "acc": 0.6089
        },
        "19": {
            "loss": 1.1133420205116271,
            "acc": 0.6142
        },
        "21": {
            "loss": 1.1147594034671784,
            "acc": 0.6198
        },
        "23": {
            "loss": 1.2359552085399628,
            "acc": 0.5883
        },
        "25": {
            "loss": 1.1575335431098939,
            "acc": 0.6055
        },
        "27": {
            "loss": 1.1330430340766906,
            "acc": 0.612
        },
        "29": {
            "loss": 1.161520812511444,
            "acc": 0.6003
        },
        "31": {
            "loss": 1.183385993242264,
            "acc": 0.5863
        },
        "33": {
            "loss": 1.1152664279937745,
            "acc": 0.6179
        },
        "35": {
            "loss": 1.1221242105960847,
            "acc": 0.619
        },
        "37": {
            "loss": 1.1697530245780945,
            "acc": 0.6073
        },
        "39": {
            "loss": 1.1949395179748534,
            "acc": 0.5936
        },
        "41": {
            "loss": 1.1132569873332978,
            "acc": 0.6178
        },
        "43": {
            "loss": 1.1633819043636322,
            "acc": 0.607
        },
        "45": {
            "loss": 1.1207312440872192,
            "acc": 0.6246
        },
        "47": {
            "loss": 1.1353196167945863,
            "acc": 0.6112
        },
        "49": {
            "loss": 1.1560578858852386,
            "acc": 0.6043
        },
        "51": {
            "loss": 1.1376826345920563,
            "acc": 0.6121
        },
        "53": {
            "loss": 1.1634051847457885,
            "acc": 0.6016
        },
        "55": {
            "loss": 1.1065761172771453,
            "acc": 0.6278
        },
        "57": {
            "loss": 1.1346899139881135,
            "acc": 0.6086
        },
        "59": {
            "loss": 1.190075228214264,
            "acc": 0.6078
        },
        "61": {
            "loss": 1.1541886448860168,
            "acc": 0.6098
        },
        "63": {
            "loss": 1.15363534450531,
            "acc": 0.6109
        },
        "65": {
            "loss": 1.1352722835540772,
            "acc": 0.6129
        },
        "67": {
            "loss": 1.128029878139496,
            "acc": 0.6155
        },
        "69": {
            "loss": 1.1509796535968781,
            "acc": 0.6139
        },
        "71": {
            "loss": 1.1344444167613983,
            "acc": 0.617
        },
        "73": {
            "loss": 1.1880102586746215,
            "acc": 0.6002
        },
        "75": {
            "loss": 1.1231456184387207,
            "acc": 0.6211
        },
        "77": {
            "loss": 1.165139832496643,
            "acc": 0.6041
        },
        "79": {
            "loss": 1.1240213990211487,
            "acc": 0.6217
        },
        "81": {
            "loss": 1.1911507141590119,
            "acc": 0.611
        },
        "83": {
            "loss": 1.1303521728515624,
            "acc": 0.6177
        },
        "85": {
            "loss": 1.1488664150238037,
            "acc": 0.6149
        },
        "87": {
            "loss": 1.1158941054344178,
            "acc": 0.6159
        },
        "89": {
            "loss": 1.1848050463199615,
            "acc": 0.5973
        },
        "91": {
            "loss": 1.1055584478378295,
            "acc": 0.6208
        },
        "93": {
            "loss": 1.0990314519405364,
            "acc": 0.6318
        },
        "95": {
            "loss": 1.1112581837177276,
            "acc": 0.6256
        },
        "97": {
            "loss": 1.1648600041866302,
            "acc": 0.6105
        },
        "99": {
            "loss": 1.1466988027095795,
            "acc": 0.6161
        },
        "101": {
            "loss": 0.9282974648475647,
            "acc": 0.6828
        },
        "103": {
            "loss": 0.9040594625473023,
            "acc": 0.6904
        },
        "105": {
            "loss": 0.8873965382575989,
            "acc": 0.693
        },
        "107": {
            "loss": 0.8781758248806,
            "acc": 0.7005
        },
        "109": {
            "loss": 0.8722020101547241,
            "acc": 0.7054
        },
        "111": {
            "loss": 0.8666456043720245,
            "acc": 0.7049
        },
        "113": {
            "loss": 0.8638814103603363,
            "acc": 0.7035
        },
        "115": {
            "loss": 0.8554671967029571,
            "acc": 0.7072
        },
        "117": {
            "loss": 0.8592092287540436,
            "acc": 0.7061
        },
        "119": {
            "loss": 0.8443322241306305,
            "acc": 0.7112
        },
        "121": {
            "loss": 0.8422748064994812,
            "acc": 0.7146
        },
        "123": {
            "loss": 0.849345145225525,
            "acc": 0.7181
        },
        "125": {
            "loss": 0.8343949496746064,
            "acc": 0.7164
        },
        "127": {
            "loss": 0.8432616233825684,
            "acc": 0.7166
        },
        "129": {
            "loss": 0.8570627224445343,
            "acc": 0.7098
        },
        "131": {
            "loss": 0.8463071727752686,
            "acc": 0.7148
        },
        "133": {
            "loss": 0.8373392868041992,
            "acc": 0.7188
        },
        "135": {
            "loss": 0.8451905000209808,
            "acc": 0.7164
        },
        "137": {
            "loss": 0.846636735200882,
            "acc": 0.7189
        },
        "139": {
            "loss": 0.8507369792461396,
            "acc": 0.7223
        },
        "141": {
            "loss": 0.855295273065567,
            "acc": 0.7149
        },
        "143": {
            "loss": 0.853475387096405,
            "acc": 0.7177
        },
        "145": {
            "loss": 0.8619233787059783,
            "acc": 0.7179
        },
        "147": {
            "loss": 0.8604312348365784,
            "acc": 0.7215
        },
        "149": {
            "loss": 0.8658774089813233,
            "acc": 0.7201
        },
        "151": {
            "loss": 0.8505007314682007,
            "acc": 0.7247
        },
        "153": {
            "loss": 0.8520931243896485,
            "acc": 0.7265
        },
        "155": {
            "loss": 0.8567687332630157,
            "acc": 0.726
        },
        "157": {
            "loss": 0.861002860069275,
            "acc": 0.7267
        },
        "159": {
            "loss": 0.8594176411628723,
            "acc": 0.728
        },
        "161": {
            "loss": 0.8667617154121399,
            "acc": 0.7265
        },
        "163": {
            "loss": 0.8671697413921357,
            "acc": 0.7282
        },
        "165": {
            "loss": 0.8687238657474518,
            "acc": 0.727
        },
        "167": {
            "loss": 0.8662226164340973,
            "acc": 0.7295
        },
        "169": {
            "loss": 0.8720973801612854,
            "acc": 0.7307
        },
        "171": {
            "loss": 0.8694467008113861,
            "acc": 0.7289
        },
        "173": {
            "loss": 0.874816678762436,
            "acc": 0.726
        },
        "175": {
            "loss": 0.8761608123779296,
            "acc": 0.7291
        },
        "177": {
            "loss": 0.8793498694896698,
            "acc": 0.728
        },
        "179": {
            "loss": 0.8830845844745636,
            "acc": 0.7241
        },
        "181": {
            "loss": 0.8801422476768493,
            "acc": 0.73
        },
        "183": {
            "loss": 0.8871064674854279,
            "acc": 0.7247
        },
        "185": {
            "loss": 0.8885399973392487,
            "acc": 0.7287
        },
        "187": {
            "loss": 0.8867497539520264,
            "acc": 0.7251
        },
        "189": {
            "loss": 0.8914553487300872,
            "acc": 0.7263
        },
        "191": {
            "loss": 0.8916390013694763,
            "acc": 0.7277
        },
        "193": {
            "loss": 0.8918745076656341,
            "acc": 0.7251
        },
        "195": {
            "loss": 0.8947522675991059,
            "acc": 0.7248
        },
        "197": {
            "loss": 0.8971596682071685,
            "acc": 0.7245
        },
        "199": {
            "loss": 0.9006830847263336,
            "acc": 0.726
        },
        "201": {
            "loss": 0.8989149141311645,
            "acc": 0.7255
        },
        "203": {
            "loss": 0.8989376473426819,
            "acc": 0.7257
        },
        "205": {
            "loss": 0.899306846857071,
            "acc": 0.7252
        },
        "207": {
            "loss": 0.8996198058128357,
            "acc": 0.7262
        },
        "209": {
            "loss": 0.899279932975769,
            "acc": 0.7251
        },
        "211": {
            "loss": 0.8999622368812561,
            "acc": 0.726
        },
        "213": {
            "loss": 0.8998315560817719,
            "acc": 0.7265
        },
        "215": {
            "loss": 0.899678543806076,
            "acc": 0.7252
        },
        "217": {
            "loss": 0.89946120262146,
            "acc": 0.7252
        },
        "219": {
            "loss": 0.8995774817466736,
            "acc": 0.7253
        },
        "221": {
            "loss": 0.8987368762493133,
            "acc": 0.726
        },
        "223": {
            "loss": 0.8996279966831208,
            "acc": 0.7259
        },
        "225": {
            "loss": 0.8995946288108826,
            "acc": 0.726
        },
        "227": {
            "loss": 0.8998166954517365,
            "acc": 0.7257
        },
        "229": {
            "loss": 0.9012122750282288,
            "acc": 0.7264
        },
        "231": {
            "loss": 0.9007453608512879,
            "acc": 0.7252
        },
        "233": {
            "loss": 0.9018690609931945,
            "acc": 0.7266
        },
        "235": {
            "loss": 0.9019980800151824,
            "acc": 0.7254
        },
        "237": {
            "loss": 0.9019647324085236,
            "acc": 0.7237
        },
        "239": {
            "loss": 0.9022141516208648,
            "acc": 0.7247
        },
        "241": {
            "loss": 0.9035457110404969,
            "acc": 0.7249
        },
        "243": {
            "loss": 0.9027708029747009,
            "acc": 0.7251
        },
        "245": {
            "loss": 0.9025701904296874,
            "acc": 0.7244
        },
        "247": {
            "loss": 0.9032971704006195,
            "acc": 0.7243
        },
        "249": {
            "loss": 0.9029093372821808,
            "acc": 0.7244
        }
    },
    "info": {
        "best_epoch": 169,
        "best_acc": 73.07,
        "n_params": 4875594
    }
}