{
    "train": {
        "0": {
            "loss": 2.039979074312293,
            "acc": 0.2103
        },
        "1": {
            "loss": 1.6272917690179538,
            "acc": 0.395
        },
        "2": {
            "loss": 1.4682750375679388,
            "acc": 0.46902
        },
        "3": {
            "loss": 1.401828327142369,
            "acc": 0.49904
        },
        "4": {
            "loss": 1.3629407971106526,
            "acc": 0.51342
        },
        "5": {
            "loss": 1.3246391840907923,
            "acc": 0.52994
        },
        "6": {
            "loss": 1.3035404523620215,
            "acc": 0.5402
        },
        "7": {
            "loss": 1.2860846415809963,
            "acc": 0.54646
        },
        "8": {
            "loss": 1.2682951774133746,
            "acc": 0.5545
        },
        "9": {
            "loss": 1.258866594270672,
            "acc": 0.55876
        },
        "10": {
            "loss": 1.253478135904083,
            "acc": 0.56004
        },
        "11": {
            "loss": 1.2493127246037163,
            "acc": 0.56428
        },
        "12": {
            "loss": 1.2416585996327802,
            "acc": 0.56942
        },
        "13": {
            "loss": 1.229995859248559,
            "acc": 0.57112
        },
        "14": {
            "loss": 1.2327091983517113,
            "acc": 0.57046
        },
        "15": {
            "loss": 1.2222202574200642,
            "acc": 0.5753
        },
        "16": {
            "loss": 1.2156699726648648,
            "acc": 0.57754
        },
        "17": {
            "loss": 1.2144928620294537,
            "acc": 0.5806
        },
        "18": {
            "loss": 1.2141956217453609,
            "acc": 0.57994
        },
        "19": {
            "loss": 1.2031437593043004,
            "acc": 0.58476
        },
        "20": {
            "loss": 1.2107006341904936,
            "acc": 0.58108
        },
        "21": {
            "loss": 1.2015174429130067,
            "acc": 0.58712
        },
        "22": {
            "loss": 1.196400534923729,
            "acc": 0.58472
        },
        "23": {
            "loss": 1.1965540696288008,
            "acc": 0.58486
        },
        "24": {
            "loss": 1.2009276898620684,
            "acc": 0.58832
        },
        "25": {
            "loss": 1.1972519897134102,
            "acc": 0.58788
        },
        "26": {
            "loss": 1.2007396837024737,
            "acc": 0.58734
        },
        "27": {
            "loss": 1.1962228147575007,
            "acc": 0.59038
        },
        "28": {
            "loss": 1.190241680425756,
            "acc": 0.59134
        },
        "29": {
            "loss": 1.1968952033220959,
            "acc": 0.58878
        },
        "30": {
            "loss": 1.1864679195082095,
            "acc": 0.59006
        },
        "31": {
            "loss": 1.1870003955443498,
            "acc": 0.5877
        },
        "32": {
            "loss": 1.1865565888107281,
            "acc": 0.59254
        },
        "33": {
            "loss": 1.1857355711100352,
            "acc": 0.59192
        },
        "34": {
            "loss": 1.1878508305000832,
            "acc": 0.59296
        },
        "35": {
            "loss": 1.187772107246282,
            "acc": 0.5939
        },
        "36": {
            "loss": 1.1866562275020667,
            "acc": 0.59196
        },
        "37": {
            "loss": 1.1768259707924045,
            "acc": 0.59556
        },
        "38": {
            "loss": 1.1821324759737,
            "acc": 0.59264
        },
        "39": {
            "loss": 1.1831745866619412,
            "acc": 0.59428
        },
        "40": {
            "loss": 1.1818518037991146,
            "acc": 0.59452
        },
        "41": {
            "loss": 1.1883367678088606,
            "acc": 0.59202
        },
        "42": {
            "loss": 1.1819666898463999,
            "acc": 0.5971
        },
        "43": {
            "loss": 1.18385140075708,
            "acc": 0.59434
        },
        "44": {
            "loss": 1.1809445694279488,
            "acc": 0.59666
        },
        "45": {
            "loss": 1.1896910717725144,
            "acc": 0.59206
        },
        "46": {
            "loss": 1.1837780644826572,
            "acc": 0.59478
        },
        "47": {
            "loss": 1.1780371315339033,
            "acc": 0.59544
        },
        "48": {
            "loss": 1.181058313992932,
            "acc": 0.59702
        },
        "49": {
            "loss": 1.17874164776424,
            "acc": 0.59894
        },
        "50": {
            "loss": 1.1799676460988076,
            "acc": 0.59836
        },
        "51": {
            "loss": 1.1811604196458216,
            "acc": 0.59662
        },
        "52": {
            "loss": 1.1782274264508805,
            "acc": 0.59882
        },
        "53": {
            "loss": 1.1862175004256656,
            "acc": 0.5971
        },
        "54": {
            "loss": 1.172908995614942,
            "acc": 0.60148
        },
        "55": {
            "loss": 1.181592016268874,
            "acc": 0.5987
        },
        "56": {
            "loss": 1.1811275727608626,
            "acc": 0.6002
        },
        "57": {
            "loss": 1.184496291915474,
            "acc": 0.59658
        },
        "58": {
            "loss": 1.1727842336420513,
            "acc": 0.59974
        },
        "59": {
            "loss": 1.1715633914903607,
            "acc": 0.60172
        },
        "60": {
            "loss": 1.1762686789493122,
            "acc": 0.60016
        },
        "61": {
            "loss": 1.1733029085351987,
            "acc": 0.60062
        },
        "62": {
            "loss": 1.174644989735635,
            "acc": 0.59852
        },
        "63": {
            "loss": 1.1646439933106112,
            "acc": 0.6034
        },
        "64": {
            "loss": 1.1754449386425945,
            "acc": 0.59842
        },
        "65": {
            "loss": 1.1745437334870439,
            "acc": 0.6024
        },
        "66": {
            "loss": 1.1758171403804398,
            "acc": 0.59962
        },
        "67": {
            "loss": 1.1638167828245236,
            "acc": 0.60598
        },
        "68": {
            "loss": 1.1676351219187002,
            "acc": 0.60346
        },
        "69": {
            "loss": 1.1648699639703306,
            "acc": 0.60356
        },
        "70": {
            "loss": 1.176243539508956,
            "acc": 0.60012
        },
        "71": {
            "loss": 1.1742954898978133,
            "acc": 0.599
        },
        "72": {
            "loss": 1.1784038226622755,
            "acc": 0.59988
        },
        "73": {
            "loss": 1.1727761950944087,
            "acc": 0.60094
        },
        "74": {
            "loss": 1.163132486898271,
            "acc": 0.60278
        },
        "75": {
            "loss": 1.1594447117022542,
            "acc": 0.60532
        },
        "76": {
            "loss": 1.1596996253713623,
            "acc": 0.606
        },
        "77": {
            "loss": 1.1613049019328163,
            "acc": 0.6041
        },
        "78": {
            "loss": 1.161676342072694,
            "acc": 0.6059
        },
        "79": {
            "loss": 1.173188643229892,
            "acc": 0.60352
        },
        "80": {
            "loss": 1.1693651936853025,
            "acc": 0.6032
        },
        "81": {
            "loss": 1.1680146797233835,
            "acc": 0.60214
        },
        "82": {
            "loss": 1.1533395123603705,
            "acc": 0.60762
        },
        "83": {
            "loss": 1.1673653445890189,
            "acc": 0.60222
        },
        "84": {
            "loss": 1.1582999520594506,
            "acc": 0.60484
        },
        "85": {
            "loss": 1.162457635335605,
            "acc": 0.604
        },
        "86": {
            "loss": 1.1659290438417889,
            "acc": 0.60452
        },
        "87": {
            "loss": 1.1630295403778095,
            "acc": 0.60214
        },
        "88": {
            "loss": 1.159742470287606,
            "acc": 0.60512
        },
        "89": {
            "loss": 1.167361335528781,
            "acc": 0.60442
        },
        "90": {
            "loss": 1.1594172949376313,
            "acc": 0.60884
        },
        "91": {
            "loss": 1.1565839649771181,
            "acc": 0.60648
        },
        "92": {
            "loss": 1.161117875362601,
            "acc": 0.60546
        },
        "93": {
            "loss": 1.1606448126570952,
            "acc": 0.60604
        },
        "94": {
            "loss": 1.1542971079306834,
            "acc": 0.60804
        },
        "95": {
            "loss": 1.1479249959406645,
            "acc": 0.60998
        },
        "96": {
            "loss": 1.1552327278325014,
            "acc": 0.6052
        },
        "97": {
            "loss": 1.1597105305822915,
            "acc": 0.60488
        },
        "98": {
            "loss": 1.1518316157638568,
            "acc": 0.61182
        },
        "99": {
            "loss": 1.1575543702106037,
            "acc": 0.60738
        },
        "100": {
            "loss": 0.9796110434300455,
            "acc": 0.664
        },
        "101": {
            "loss": 0.9156876252130475,
            "acc": 0.6838
        },
        "102": {
            "loss": 0.8924617169763122,
            "acc": 0.68898
        },
        "103": {
            "loss": 0.8696886982454364,
            "acc": 0.69788
        },
        "104": {
            "loss": 0.8600677317365661,
            "acc": 0.70196
        },
        "105": {
            "loss": 0.8424211847202857,
            "acc": 0.70468
        },
        "106": {
            "loss": 0.8327921702123969,
            "acc": 0.71026
        },
        "107": {
            "loss": 0.824159353742819,
            "acc": 0.71072
        },
        "108": {
            "loss": 0.8135059847856116,
            "acc": 0.71458
        },
        "109": {
            "loss": 0.8090548783616947,
            "acc": 0.71472
        },
        "110": {
            "loss": 0.7983932008828654,
            "acc": 0.71852
        },
        "111": {
            "loss": 0.7957601286566166,
            "acc": 0.71796
        },
        "112": {
            "loss": 0.7815147483592753,
            "acc": 0.7248
        },
        "113": {
            "loss": 0.7805201240512721,
            "acc": 0.72334
        },
        "114": {
            "loss": 0.7698419307503859,
            "acc": 0.72838
        },
        "115": {
            "loss": 0.7725765856025774,
            "acc": 0.72654
        },
        "116": {
            "loss": 0.7615825157336262,
            "acc": 0.73076
        },
        "117": {
            "loss": 0.7505883304664241,
            "acc": 0.73444
        },
        "118": {
            "loss": 0.7479936242713343,
            "acc": 0.73516
        },
        "119": {
            "loss": 0.7406752769599485,
            "acc": 0.73528
        },
        "120": {
            "loss": 0.7389197555344428,
            "acc": 0.73622
        },
        "121": {
            "loss": 0.7308701502392664,
            "acc": 0.74104
        },
        "122": {
            "loss": 0.7260274516652002,
            "acc": 0.74312
        },
        "123": {
            "loss": 0.7255823705202479,
            "acc": 0.7434
        },
        "124": {
            "loss": 0.7184593226293774,
            "acc": 0.74428
        },
        "125": {
            "loss": 0.7135975395931917,
            "acc": 0.74408
        },
        "126": {
            "loss": 0.7023483282312408,
            "acc": 0.74938
        },
        "127": {
            "loss": 0.6966782970654081,
            "acc": 0.75202
        },
        "128": {
            "loss": 0.6932366620701598,
            "acc": 0.75362
        },
        "129": {
            "loss": 0.6897504667339422,
            "acc": 0.75332
        },
        "130": {
            "loss": 0.6899630773402846,
            "acc": 0.75376
        },
        "131": {
            "loss": 0.6799923985662972,
            "acc": 0.75694
        },
        "132": {
            "loss": 0.680044380676411,
            "acc": 0.75684
        },
        "133": {
            "loss": 0.6684729295313511,
            "acc": 0.76142
        },
        "134": {
            "loss": 0.6668274930828367,
            "acc": 0.7613
        },
        "135": {
            "loss": 0.662655076940956,
            "acc": 0.7627
        },
        "136": {
            "loss": 0.6589530449541633,
            "acc": 0.76692
        },
        "137": {
            "loss": 0.6594450445583714,
            "acc": 0.76424
        },
        "138": {
            "loss": 0.6492151904593954,
            "acc": 0.76686
        },
        "139": {
            "loss": 0.6398148590036671,
            "acc": 0.76864
        },
        "140": {
            "loss": 0.6421906041062396,
            "acc": 0.76972
        },
        "141": {
            "loss": 0.635713970341036,
            "acc": 0.77274
        },
        "142": {
            "loss": 0.6322794305089184,
            "acc": 0.77488
        },
        "143": {
            "loss": 0.6263365253158237,
            "acc": 0.7749
        },
        "144": {
            "loss": 0.6217423278047606,
            "acc": 0.77928
        },
        "145": {
            "loss": 0.6108611267241065,
            "acc": 0.78164
        },
        "146": {
            "loss": 0.6098094119897584,
            "acc": 0.78048
        },
        "147": {
            "loss": 0.6052815359266822,
            "acc": 0.78254
        },
        "148": {
            "loss": 0.6083644758100095,
            "acc": 0.77898
        },
        "149": {
            "loss": 0.5980912663442705,
            "acc": 0.78544
        },
        "150": {
            "loss": 0.5633583744163708,
            "acc": 0.798
        },
        "151": {
            "loss": 0.5535394542509943,
            "acc": 0.80206
        },
        "152": {
            "loss": 0.5438692647477855,
            "acc": 0.80572
        },
        "153": {
            "loss": 0.5417006144590695,
            "acc": 0.80384
        },
        "154": {
            "loss": 0.5388660728169219,
            "acc": 0.80742
        },
        "155": {
            "loss": 0.5370365711276793,
            "acc": 0.80678
        },
        "156": {
            "loss": 0.5379640490502653,
            "acc": 0.80776
        },
        "157": {
            "loss": 0.5331526666193667,
            "acc": 0.80834
        },
        "158": {
            "loss": 0.5354052833888842,
            "acc": 0.80722
        },
        "159": {
            "loss": 0.5275078300777298,
            "acc": 0.80994
        },
        "160": {
            "loss": 0.5272086354930078,
            "acc": 0.8102
        },
        "161": {
            "loss": 0.5251139632576262,
            "acc": 0.81318
        },
        "162": {
            "loss": 0.5228664410846008,
            "acc": 0.8125
        },
        "163": {
            "loss": 0.5226927037586642,
            "acc": 0.81248
        },
        "164": {
            "loss": 0.5213154585617582,
            "acc": 0.81278
        },
        "165": {
            "loss": 0.5187940315517319,
            "acc": 0.81422
        },
        "166": {
            "loss": 0.5197842595217478,
            "acc": 0.81452
        },
        "167": {
            "loss": 0.5179326481678906,
            "acc": 0.81396
        },
        "168": {
            "loss": 0.5085478834331493,
            "acc": 0.8171
        },
        "169": {
            "loss": 0.5134094338435347,
            "acc": 0.8164
        },
        "170": {
            "loss": 0.5088777274579344,
            "acc": 0.81614
        },
        "171": {
            "loss": 0.5147989117885794,
            "acc": 0.81308
        },
        "172": {
            "loss": 0.5081247844354576,
            "acc": 0.81552
        },
        "173": {
            "loss": 0.5055941847889015,
            "acc": 0.81794
        },
        "174": {
            "loss": 0.5059069100853122,
            "acc": 0.81968
        },
        "175": {
            "loss": 0.5032762955979008,
            "acc": 0.81964
        },
        "176": {
            "loss": 0.504724994797231,
            "acc": 0.8178
        },
        "177": {
            "loss": 0.49767457684287636,
            "acc": 0.82252
        },
        "178": {
            "loss": 0.5003235320301007,
            "acc": 0.81788
        },
        "179": {
            "loss": 0.5020704222914508,
            "acc": 0.81892
        },
        "180": {
            "loss": 0.49766920266858755,
            "acc": 0.8205
        },
        "181": {
            "loss": 0.49519216274971245,
            "acc": 0.82274
        },
        "182": {
            "loss": 0.4930193129250461,
            "acc": 0.82312
        },
        "183": {
            "loss": 0.4976804078844807,
            "acc": 0.82242
        },
        "184": {
            "loss": 0.4962305435744088,
            "acc": 0.82052
        },
        "185": {
            "loss": 0.4906374709990323,
            "acc": 0.82174
        },
        "186": {
            "loss": 0.4904669514854851,
            "acc": 0.82476
        },
        "187": {
            "loss": 0.492255090752526,
            "acc": 0.82254
        },
        "188": {
            "loss": 0.4854734931760432,
            "acc": 0.8266
        },
        "189": {
            "loss": 0.48852833747254004,
            "acc": 0.82528
        },
        "190": {
            "loss": 0.49047960802112395,
            "acc": 0.82354
        },
        "191": {
            "loss": 0.4888081095560127,
            "acc": 0.82662
        },
        "192": {
            "loss": 0.48532981313098117,
            "acc": 0.82584
        },
        "193": {
            "loss": 0.48973792341664013,
            "acc": 0.82372
        },
        "194": {
            "loss": 0.4815205077990851,
            "acc": 0.8263
        },
        "195": {
            "loss": 0.4813964218282334,
            "acc": 0.82696
        },
        "196": {
            "loss": 0.48109569802613517,
            "acc": 0.8256
        },
        "197": {
            "loss": 0.4801728976199694,
            "acc": 0.8279
        },
        "198": {
            "loss": 0.4783882684719837,
            "acc": 0.82776
        },
        "199": {
            "loss": 0.480223384812055,
            "acc": 0.82692
        },
        "200": {
            "loss": 0.4708739211949546,
            "acc": 0.83012
        },
        "201": {
            "loss": 0.4740717795193958,
            "acc": 0.8305
        },
        "202": {
            "loss": 0.47514160324240584,
            "acc": 0.8306
        },
        "203": {
            "loss": 0.47590019491017627,
            "acc": 0.82896
        },
        "204": {
            "loss": 0.4743027654297821,
            "acc": 0.83124
        },
        "205": {
            "loss": 0.47388804622013553,
            "acc": 0.8305
        },
        "206": {
            "loss": 0.47083834469165947,
            "acc": 0.8311
        },
        "207": {
            "loss": 0.4716145361171049,
            "acc": 0.8307
        },
        "208": {
            "loss": 0.47160817579845027,
            "acc": 0.82824
        },
        "209": {
            "loss": 0.47157612618278055,
            "acc": 0.83022
        },
        "210": {
            "loss": 0.47049155236814943,
            "acc": 0.82942
        },
        "211": {
            "loss": 0.467246250118441,
            "acc": 0.8329
        },
        "212": {
            "loss": 0.4736650775155753,
            "acc": 0.8286
        },
        "213": {
            "loss": 0.4681308687952778,
            "acc": 0.83282
        },
        "214": {
            "loss": 0.46948277462473914,
            "acc": 0.8315
        },
        "215": {
            "loss": 0.46950931927127304,
            "acc": 0.83294
        },
        "216": {
            "loss": 0.46662036788737987,
            "acc": 0.83258
        },
        "217": {
            "loss": 0.4677845171040586,
            "acc": 0.8321
        },
        "218": {
            "loss": 0.4613775683333502,
            "acc": 0.83588
        },
        "219": {
            "loss": 0.4661364168157358,
            "acc": 0.8316
        },
        "220": {
            "loss": 0.4714624807048027,
            "acc": 0.83132
        },
        "221": {
            "loss": 0.4612019436286234,
            "acc": 0.83684
        },
        "222": {
            "loss": 0.46267114827395095,
            "acc": 0.8327
        },
        "223": {
            "loss": 0.4674246560429673,
            "acc": 0.83146
        },
        "224": {
            "loss": 0.4716295190631886,
            "acc": 0.8291
        },
        "225": {
            "loss": 0.4647450180309813,
            "acc": 0.83414
        },
        "226": {
            "loss": 0.4651490275359825,
            "acc": 0.83284
        },
        "227": {
            "loss": 0.4696407888246619,
            "acc": 0.8308
        },
        "228": {
            "loss": 0.4638312869059765,
            "acc": 0.8341
        },
        "229": {
            "loss": 0.4634842120320596,
            "acc": 0.83368
        },
        "230": {
            "loss": 0.46434943496113845,
            "acc": 0.8332
        },
        "231": {
            "loss": 0.4623343649575168,
            "acc": 0.83456
        },
        "232": {
            "loss": 0.46421442007469704,
            "acc": 0.83258
        },
        "233": {
            "loss": 0.4668390567192946,
            "acc": 0.83052
        },
        "234": {
            "loss": 0.4665800685925252,
            "acc": 0.83192
        },
        "235": {
            "loss": 0.46860915887386295,
            "acc": 0.83422
        },
        "236": {
            "loss": 0.4668650895433353,
            "acc": 0.83208
        },
        "237": {
            "loss": 0.4629376905653483,
            "acc": 0.83422
        },
        "238": {
            "loss": 0.46480582894571604,
            "acc": 0.83316
        },
        "239": {
            "loss": 0.46406812931570557,
            "acc": 0.83364
        },
        "240": {
            "loss": 0.4637604358098696,
            "acc": 0.83342
        },
        "241": {
            "loss": 0.46092648541226106,
            "acc": 0.83374
        },
        "242": {
            "loss": 0.46200089046107534,
            "acc": 0.83378
        },
        "243": {
            "loss": 0.46356964400967066,
            "acc": 0.83426
        },
        "244": {
            "loss": 0.46146373210660635,
            "acc": 0.83328
        },
        "245": {
            "loss": 0.46257032709353413,
            "acc": 0.83424
        },
        "246": {
            "loss": 0.4671658879655706,
            "acc": 0.8321
        },
        "247": {
            "loss": 0.46356536146929805,
            "acc": 0.83294
        },
        "248": {
            "loss": 0.4646908561591907,
            "acc": 0.8314
        },
        "249": {
            "loss": 0.4660907083612574,
            "acc": 0.83196
        }
    },
    "test": {
        "0": {
            "loss": 1.7297849988937377,
            "acc": 0.2874
        },
        "1": {
            "loss": 1.521717174053192,
            "acc": 0.4704
        },
        "3": {
            "loss": 1.2677291870117187,
            "acc": 0.5513
        },
        "5": {
            "loss": 1.2982403635978699,
            "acc": 0.5479
        },
        "7": {
            "loss": 1.229368109703064,
            "acc": 0.5692
        },
        "9": {
            "loss": 1.1856709325313568,
            "acc": 0.5937
        },
        "11": {
            "loss": 1.192644681930542,
            "acc": 0.59
        },
        "13": {
            "loss": 1.147354873418808,
            "acc": 0.6077
        },
        "15": {
            "loss": 1.2039138197898864,
            "acc": 0.5918
        },
        "17": {
            "loss": 1.155968314409256,
            "acc": 0.6041
        },
        "19": {
            "loss": 1.2316861724853516,
            "acc": 0.5752
        },
        "21": {
            "loss": 1.1736115276813508,
            "acc": 0.5985
        },
        "23": {
            "loss": 1.1745845794677734,
            "acc": 0.5976
        },
        "25": {
            "loss": 1.151289825439453,
            "acc": 0.6034
        },
        "27": {
            "loss": 1.18222802400589,
            "acc": 0.596
        },
        "29": {
            "loss": 1.14712997674942,
            "acc": 0.6094
        },
        "31": {
            "loss": 1.1645669972896575,
            "acc": 0.6101
        },
        "33": {
            "loss": 1.1995613193511963,
            "acc": 0.5878
        },
        "35": {
            "loss": 1.1201051306724548,
            "acc": 0.6133
        },
        "37": {
            "loss": 1.1665725386142731,
            "acc": 0.5994
        },
        "39": {
            "loss": 1.145860880613327,
            "acc": 0.6112
        },
        "41": {
            "loss": 1.1520033502578735,
            "acc": 0.6052
        },
        "43": {
            "loss": 1.1604160916805268,
            "acc": 0.6051
        },
        "45": {
            "loss": 1.1759818983078003,
            "acc": 0.6028
        },
        "47": {
            "loss": 1.1493423998355865,
            "acc": 0.6159
        },
        "49": {
            "loss": 1.1745878982543945,
            "acc": 0.5953
        },
        "51": {
            "loss": 1.1477002596855164,
            "acc": 0.6158
        },
        "53": {
            "loss": 1.1732249283790588,
            "acc": 0.6055
        },
        "55": {
            "loss": 1.147492653131485,
            "acc": 0.6111
        },
        "57": {
            "loss": 1.129687887430191,
            "acc": 0.6142
        },
        "59": {
            "loss": 1.130512365102768,
            "acc": 0.6156
        },
        "61": {
            "loss": 1.1783180904388428,
            "acc": 0.5998
        },
        "63": {
            "loss": 1.1720307874679565,
            "acc": 0.6002
        },
        "65": {
            "loss": 1.1642643332481384,
            "acc": 0.5978
        },
        "67": {
            "loss": 1.106543825864792,
            "acc": 0.6313
        },
        "69": {
            "loss": 1.1544136595726013,
            "acc": 0.6025
        },
        "71": {
            "loss": 1.1362703084945678,
            "acc": 0.6176
        },
        "73": {
            "loss": 1.1163819181919097,
            "acc": 0.6213
        },
        "75": {
            "loss": 1.1817313396930695,
            "acc": 0.6028
        },
        "77": {
            "loss": 1.1544032347202302,
            "acc": 0.6134
        },
        "79": {
            "loss": 1.1431866848468781,
            "acc": 0.6058
        },
        "81": {
            "loss": 1.1490336179733276,
            "acc": 0.609
        },
        "83": {
            "loss": 1.163914806842804,
            "acc": 0.6064
        },
        "85": {
            "loss": 1.1553576469421387,
            "acc": 0.6145
        },
        "87": {
            "loss": 1.1871131801605224,
            "acc": 0.6069
        },
        "89": {
            "loss": 1.1275988221168518,
            "acc": 0.6168
        },
        "91": {
            "loss": 1.1430370950698852,
            "acc": 0.6131
        },
        "93": {
            "loss": 1.1568205893039702,
            "acc": 0.6069
        },
        "95": {
            "loss": 1.1569761145114899,
            "acc": 0.604
        },
        "97": {
            "loss": 1.1410741758346559,
            "acc": 0.6215
        },
        "99": {
            "loss": 1.1039330160617828,
            "acc": 0.6339
        },
        "101": {
            "loss": 0.9297319233417511,
            "acc": 0.6834
        },
        "103": {
            "loss": 0.9157008266448975,
            "acc": 0.6901
        },
        "105": {
            "loss": 0.8952017605304718,
            "acc": 0.6963
        },
        "107": {
            "loss": 0.8903562426567078,
            "acc": 0.6986
        },
        "109": {
            "loss": 0.8875064873695373,
            "acc": 0.6957
        },
        "111": {
            "loss": 0.8767867267131806,
            "acc": 0.7018
        },
        "113": {
            "loss": 0.8591892850399018,
            "acc": 0.7079
        },
        "115": {
            "loss": 0.8565121483802796,
            "acc": 0.7104
        },
        "117": {
            "loss": 0.8577800643444061,
            "acc": 0.7064
        },
        "119": {
            "loss": 0.8504609298706055,
            "acc": 0.7128
        },
        "121": {
            "loss": 0.8526024973392486,
            "acc": 0.7126
        },
        "123": {
            "loss": 0.8549630558490753,
            "acc": 0.7135
        },
        "125": {
            "loss": 0.85435378074646,
            "acc": 0.7124
        },
        "127": {
            "loss": 0.8406222820281982,
            "acc": 0.7143
        },
        "129": {
            "loss": 0.8417119824886322,
            "acc": 0.7157
        },
        "131": {
            "loss": 0.8406783723831177,
            "acc": 0.7174
        },
        "133": {
            "loss": 0.8387150084972381,
            "acc": 0.7191
        },
        "135": {
            "loss": 0.8468089163303375,
            "acc": 0.7188
        },
        "137": {
            "loss": 0.847887167930603,
            "acc": 0.7186
        },
        "139": {
            "loss": 0.858672524690628,
            "acc": 0.7158
        },
        "141": {
            "loss": 0.8645963418483734,
            "acc": 0.7158
        },
        "143": {
            "loss": 0.8487869465351104,
            "acc": 0.7152
        },
        "145": {
            "loss": 0.8729979801177978,
            "acc": 0.7146
        },
        "147": {
            "loss": 0.8586313986778259,
            "acc": 0.7175
        },
        "149": {
            "loss": 0.8648423540592194,
            "acc": 0.7151
        },
        "151": {
            "loss": 0.855012754201889,
            "acc": 0.7234
        },
        "153": {
            "loss": 0.8511778652668,
            "acc": 0.7223
        },
        "155": {
            "loss": 0.8564095211029052,
            "acc": 0.7229
        },
        "157": {
            "loss": 0.8562149930000306,
            "acc": 0.7233
        },
        "159": {
            "loss": 0.8595039570331573,
            "acc": 0.7248
        },
        "161": {
            "loss": 0.859145040512085,
            "acc": 0.7233
        },
        "163": {
            "loss": 0.8603957390785217,
            "acc": 0.7244
        },
        "165": {
            "loss": 0.8639354503154755,
            "acc": 0.7233
        },
        "167": {
            "loss": 0.8679367113113403,
            "acc": 0.7217
        },
        "169": {
            "loss": 0.868559466600418,
            "acc": 0.7224
        },
        "171": {
            "loss": 0.8677423584461212,
            "acc": 0.721
        },
        "173": {
            "loss": 0.8686695694923401,
            "acc": 0.722
        },
        "175": {
            "loss": 0.8705166637897491,
            "acc": 0.7248
        },
        "177": {
            "loss": 0.8749090361595154,
            "acc": 0.7236
        },
        "179": {
            "loss": 0.8800495314598084,
            "acc": 0.7221
        },
        "181": {
            "loss": 0.8776919937133789,
            "acc": 0.7223
        },
        "183": {
            "loss": 0.8826783967018127,
            "acc": 0.7211
        },
        "185": {
            "loss": 0.8851330208778382,
            "acc": 0.7203
        },
        "187": {
            "loss": 0.8819464445114136,
            "acc": 0.7224
        },
        "189": {
            "loss": 0.8872432851791382,
            "acc": 0.7228
        },
        "191": {
            "loss": 0.886802282333374,
            "acc": 0.7207
        },
        "193": {
            "loss": 0.8873635697364807,
            "acc": 0.7225
        },
        "195": {
            "loss": 0.88929647564888,
            "acc": 0.719
        },
        "197": {
            "loss": 0.8893623650074005,
            "acc": 0.72
        },
        "199": {
            "loss": 0.890697021484375,
            "acc": 0.7211
        },
        "201": {
            "loss": 0.8909126687049865,
            "acc": 0.7215
        },
        "203": {
            "loss": 0.8900960290431976,
            "acc": 0.7214
        },
        "205": {
            "loss": 0.890069876909256,
            "acc": 0.7205
        },
        "207": {
            "loss": 0.8900751900672913,
            "acc": 0.7212
        },
        "209": {
            "loss": 0.8898886930942536,
            "acc": 0.7218
        },
        "211": {
            "loss": 0.8903993797302246,
            "acc": 0.722
        },
        "213": {
            "loss": 0.8905016016960144,
            "acc": 0.7215
        },
        "215": {
            "loss": 0.8914928531646729,
            "acc": 0.7226
        },
        "217": {
            "loss": 0.8917964136600495,
            "acc": 0.7213
        },
        "219": {
            "loss": 0.8923825824260712,
            "acc": 0.7225
        },
        "221": {
            "loss": 0.8940109634399414,
            "acc": 0.7221
        },
        "223": {
            "loss": 0.8932230210304261,
            "acc": 0.721
        },
        "225": {
            "loss": 0.8939801037311554,
            "acc": 0.7215
        },
        "227": {
            "loss": 0.8937241959571839,
            "acc": 0.7225
        },
        "229": {
            "loss": 0.8954982566833496,
            "acc": 0.7211
        },
        "231": {
            "loss": 0.8950013554096222,
            "acc": 0.7203
        },
        "233": {
            "loss": 0.8949990344047546,
            "acc": 0.7217
        },
        "235": {
            "loss": 0.8952829349040985,
            "acc": 0.7214
        },
        "237": {
            "loss": 0.8952452623844147,
            "acc": 0.7206
        },
        "239": {
            "loss": 0.8951218008995057,
            "acc": 0.7216
        },
        "241": {
            "loss": 0.8956459379196167,
            "acc": 0.7216
        },
        "243": {
            "loss": 0.8956483995914459,
            "acc": 0.7222
        },
        "245": {
            "loss": 0.8947540283203125,
            "acc": 0.7222
        },
        "247": {
            "loss": 0.8957393932342529,
            "acc": 0.7217
        },
        "249": {
            "loss": 0.896478352546692,
            "acc": 0.7215
        }
    },
    "info": {
        "best_epoch": 159,
        "best_acc": 72.48,
        "n_params": 6448458
    }
}