{
    "train": {
        "0": {
            "loss": 1.8712466781401573,
            "acc": 0.29004
        },
        "1": {
            "loss": 1.5231992146548103,
            "acc": 0.4478
        },
        "2": {
            "loss": 1.4091801689104047,
            "acc": 0.49492
        },
        "3": {
            "loss": 1.3534108635104831,
            "acc": 0.51718
        },
        "4": {
            "loss": 1.3083112017272989,
            "acc": 0.53432
        },
        "5": {
            "loss": 1.2781457940635779,
            "acc": 0.54712
        },
        "6": {
            "loss": 1.2504899489605212,
            "acc": 0.55932
        },
        "7": {
            "loss": 1.2281175368582196,
            "acc": 0.56672
        },
        "8": {
            "loss": 1.2106245696697089,
            "acc": 0.57526
        },
        "9": {
            "loss": 1.198944386771268,
            "acc": 0.58054
        },
        "10": {
            "loss": 1.1941343076393733,
            "acc": 0.58178
        },
        "11": {
            "loss": 1.1855496111733224,
            "acc": 0.58476
        },
        "12": {
            "loss": 1.1786373667704784,
            "acc": 0.5852
        },
        "13": {
            "loss": 1.17048183258842,
            "acc": 0.59182
        },
        "14": {
            "loss": 1.1622172825781585,
            "acc": 0.59228
        },
        "15": {
            "loss": 1.1680247815673614,
            "acc": 0.5936
        },
        "16": {
            "loss": 1.166234785943385,
            "acc": 0.59578
        },
        "17": {
            "loss": 1.1601130422728752,
            "acc": 0.5995
        },
        "18": {
            "loss": 1.1609468870150768,
            "acc": 0.59842
        },
        "19": {
            "loss": 1.158091851969814,
            "acc": 0.59782
        },
        "20": {
            "loss": 1.1595783244313487,
            "acc": 0.59904
        },
        "21": {
            "loss": 1.1600140898733797,
            "acc": 0.59972
        },
        "22": {
            "loss": 1.1473087076945683,
            "acc": 0.60354
        },
        "23": {
            "loss": 1.1533495082574732,
            "acc": 0.60258
        },
        "24": {
            "loss": 1.1571206029723673,
            "acc": 0.60252
        },
        "25": {
            "loss": 1.1579785918640664,
            "acc": 0.6013
        },
        "26": {
            "loss": 1.1542638319227703,
            "acc": 0.60176
        },
        "27": {
            "loss": 1.1643580597684817,
            "acc": 0.6012
        },
        "28": {
            "loss": 1.162447562912846,
            "acc": 0.60192
        },
        "29": {
            "loss": 1.1610374000981032,
            "acc": 0.60012
        },
        "30": {
            "loss": 1.1704348821164396,
            "acc": 0.59954
        },
        "31": {
            "loss": 1.1647353257669513,
            "acc": 0.59916
        },
        "32": {
            "loss": 1.1595744708614886,
            "acc": 0.6006
        },
        "33": {
            "loss": 1.1634168592865204,
            "acc": 0.60192
        },
        "34": {
            "loss": 1.1569521413434802,
            "acc": 0.60366
        },
        "35": {
            "loss": 1.1637365613752009,
            "acc": 0.6015
        },
        "36": {
            "loss": 1.1733577952665442,
            "acc": 0.59904
        },
        "37": {
            "loss": 1.1640634989494558,
            "acc": 0.60006
        },
        "38": {
            "loss": 1.166229140728026,
            "acc": 0.60232
        },
        "39": {
            "loss": 1.156063674203575,
            "acc": 0.60188
        },
        "40": {
            "loss": 1.1603426515598736,
            "acc": 0.60506
        },
        "41": {
            "loss": 1.157892574434695,
            "acc": 0.60426
        },
        "42": {
            "loss": 1.1611841156354645,
            "acc": 0.6032
        },
        "43": {
            "loss": 1.1688877383766272,
            "acc": 0.60062
        },
        "44": {
            "loss": 1.1595312500243906,
            "acc": 0.60418
        },
        "45": {
            "loss": 1.1700996476061203,
            "acc": 0.6024
        },
        "46": {
            "loss": 1.158008550896364,
            "acc": 0.60564
        },
        "47": {
            "loss": 1.1584168628353597,
            "acc": 0.60672
        },
        "48": {
            "loss": 1.1593357164536595,
            "acc": 0.60466
        },
        "49": {
            "loss": 1.1591415479969795,
            "acc": 0.6053
        },
        "50": {
            "loss": 1.1516239464740314,
            "acc": 0.60824
        },
        "51": {
            "loss": 1.1659315475417524,
            "acc": 0.60128
        },
        "52": {
            "loss": 1.1582425194018333,
            "acc": 0.6042
        },
        "53": {
            "loss": 1.1582476569868414,
            "acc": 0.60782
        },
        "54": {
            "loss": 1.1454843863501878,
            "acc": 0.60836
        },
        "55": {
            "loss": 1.1690817519526957,
            "acc": 0.60386
        },
        "56": {
            "loss": 1.1545180210372066,
            "acc": 0.60794
        },
        "57": {
            "loss": 1.158053299655085,
            "acc": 0.60438
        },
        "58": {
            "loss": 1.1583953135458709,
            "acc": 0.60584
        },
        "59": {
            "loss": 1.1598596149088476,
            "acc": 0.60804
        },
        "60": {
            "loss": 1.1538290355516516,
            "acc": 0.60684
        },
        "61": {
            "loss": 1.1605680755642065,
            "acc": 0.60526
        },
        "62": {
            "loss": 1.1484687761272616,
            "acc": 0.60552
        },
        "63": {
            "loss": 1.1531630432819162,
            "acc": 0.60768
        },
        "64": {
            "loss": 1.1474288202002836,
            "acc": 0.60858
        },
        "65": {
            "loss": 1.1439439898256756,
            "acc": 0.61176
        },
        "66": {
            "loss": 1.1469455678444689,
            "acc": 0.60782
        },
        "67": {
            "loss": 1.1465575170638922,
            "acc": 0.60944
        },
        "68": {
            "loss": 1.1521637130271443,
            "acc": 0.60774
        },
        "69": {
            "loss": 1.1468040629116165,
            "acc": 0.60876
        },
        "70": {
            "loss": 1.1457895554240098,
            "acc": 0.60894
        },
        "71": {
            "loss": 1.1310871456895033,
            "acc": 0.615
        },
        "72": {
            "loss": 1.1364178796253546,
            "acc": 0.6156
        },
        "73": {
            "loss": 1.1414889367035284,
            "acc": 0.60968
        },
        "74": {
            "loss": 1.147995209450002,
            "acc": 0.60966
        },
        "75": {
            "loss": 1.1452869762240163,
            "acc": 0.61108
        },
        "76": {
            "loss": 1.1517312354443934,
            "acc": 0.60582
        },
        "77": {
            "loss": 1.1383181773793056,
            "acc": 0.61138
        },
        "78": {
            "loss": 1.1382356976609096,
            "acc": 0.61274
        },
        "79": {
            "loss": 1.1359553559661826,
            "acc": 0.61182
        },
        "80": {
            "loss": 1.1461576259959385,
            "acc": 0.60954
        },
        "81": {
            "loss": 1.1451036555078022,
            "acc": 0.60822
        },
        "82": {
            "loss": 1.1504574046110558,
            "acc": 0.60688
        },
        "83": {
            "loss": 1.1343659584784447,
            "acc": 0.61506
        },
        "84": {
            "loss": 1.1418212681170314,
            "acc": 0.6121
        },
        "85": {
            "loss": 1.1365772723541845,
            "acc": 0.61252
        },
        "86": {
            "loss": 1.1352630033517432,
            "acc": 0.61434
        },
        "87": {
            "loss": 1.133932009682326,
            "acc": 0.61358
        },
        "88": {
            "loss": 1.1314174375875528,
            "acc": 0.61774
        },
        "89": {
            "loss": 1.1374472821764934,
            "acc": 0.6124
        },
        "90": {
            "loss": 1.1269311080198459,
            "acc": 0.61684
        },
        "91": {
            "loss": 1.1302577626064916,
            "acc": 0.61802
        },
        "92": {
            "loss": 1.1352688801258117,
            "acc": 0.61402
        },
        "93": {
            "loss": 1.1297543777529235,
            "acc": 0.61558
        },
        "94": {
            "loss": 1.1328265740133612,
            "acc": 0.61342
        },
        "95": {
            "loss": 1.129693550984268,
            "acc": 0.6164
        },
        "96": {
            "loss": 1.1247428699832438,
            "acc": 0.61966
        },
        "97": {
            "loss": 1.1312667620761314,
            "acc": 0.61748
        },
        "98": {
            "loss": 1.1242704722277648,
            "acc": 0.61858
        },
        "99": {
            "loss": 1.1315833741746595,
            "acc": 0.61476
        },
        "100": {
            "loss": 0.9623386558059537,
            "acc": 0.66968
        },
        "101": {
            "loss": 0.8901150536049357,
            "acc": 0.69192
        },
        "102": {
            "loss": 0.8649695233615768,
            "acc": 0.7003
        },
        "103": {
            "loss": 0.8506802599448378,
            "acc": 0.7055
        },
        "104": {
            "loss": 0.8334489254390492,
            "acc": 0.70886
        },
        "105": {
            "loss": 0.8129630786988437,
            "acc": 0.71628
        },
        "106": {
            "loss": 0.808467583278256,
            "acc": 0.7191
        },
        "107": {
            "loss": 0.7986778757151436,
            "acc": 0.7201
        },
        "108": {
            "loss": 0.7919656596220362,
            "acc": 0.7216
        },
        "109": {
            "loss": 0.7814647681877741,
            "acc": 0.72428
        },
        "110": {
            "loss": 0.7668606492564501,
            "acc": 0.73144
        },
        "111": {
            "loss": 0.7651540348901773,
            "acc": 0.7318
        },
        "112": {
            "loss": 0.7557301158490388,
            "acc": 0.7342
        },
        "113": {
            "loss": 0.7545916964026058,
            "acc": 0.73474
        },
        "114": {
            "loss": 0.7384269374715703,
            "acc": 0.737
        },
        "115": {
            "loss": 0.7333302741770245,
            "acc": 0.74086
        },
        "116": {
            "loss": 0.7321755837296586,
            "acc": 0.7405
        },
        "117": {
            "loss": 0.7204210175120312,
            "acc": 0.74736
        },
        "118": {
            "loss": 0.7129416225663842,
            "acc": 0.74792
        },
        "119": {
            "loss": 0.7099715990331167,
            "acc": 0.74922
        },
        "120": {
            "loss": 0.7046721255230477,
            "acc": 0.75052
        },
        "121": {
            "loss": 0.6956457471298745,
            "acc": 0.75082
        },
        "122": {
            "loss": 0.6924546832776131,
            "acc": 0.75608
        },
        "123": {
            "loss": 0.683689641297016,
            "acc": 0.75692
        },
        "124": {
            "loss": 0.6827620020150529,
            "acc": 0.7559
        },
        "125": {
            "loss": 0.6721239136460492,
            "acc": 0.76162
        },
        "126": {
            "loss": 0.672444412013149,
            "acc": 0.75866
        },
        "127": {
            "loss": 0.6663651577651958,
            "acc": 0.76304
        },
        "128": {
            "loss": 0.6583904761182683,
            "acc": 0.76482
        },
        "129": {
            "loss": 0.6611380711235963,
            "acc": 0.76526
        },
        "130": {
            "loss": 0.6475690153553663,
            "acc": 0.76882
        },
        "131": {
            "loss": 0.6484814978316616,
            "acc": 0.76886
        },
        "132": {
            "loss": 0.6380911227077475,
            "acc": 0.77282
        },
        "133": {
            "loss": 0.6327301455123345,
            "acc": 0.77428
        },
        "134": {
            "loss": 0.6275247245493447,
            "acc": 0.77602
        },
        "135": {
            "loss": 0.6239357389452512,
            "acc": 0.77664
        },
        "136": {
            "loss": 0.6198111636864255,
            "acc": 0.77912
        },
        "137": {
            "loss": 0.6089106277584115,
            "acc": 0.78246
        },
        "138": {
            "loss": 0.6094345538817403,
            "acc": 0.78248
        },
        "139": {
            "loss": 0.599938425642755,
            "acc": 0.78488
        },
        "140": {
            "loss": 0.6023947210110667,
            "acc": 0.78648
        },
        "141": {
            "loss": 0.59506512336109,
            "acc": 0.78636
        },
        "142": {
            "loss": 0.5912953752385991,
            "acc": 0.78894
        },
        "143": {
            "loss": 0.582531591434308,
            "acc": 0.79202
        },
        "144": {
            "loss": 0.580975694729544,
            "acc": 0.7919
        },
        "145": {
            "loss": 0.5721399330574534,
            "acc": 0.79578
        },
        "146": {
            "loss": 0.5737713486947063,
            "acc": 0.7956
        },
        "147": {
            "loss": 0.5657560339059367,
            "acc": 0.79598
        },
        "148": {
            "loss": 0.5630427681271682,
            "acc": 0.79846
        },
        "149": {
            "loss": 0.5600398928308121,
            "acc": 0.80044
        },
        "150": {
            "loss": 0.5188059051475866,
            "acc": 0.8149
        },
        "151": {
            "loss": 0.5061955340683003,
            "acc": 0.81874
        },
        "152": {
            "loss": 0.5028583570514493,
            "acc": 0.82056
        },
        "153": {
            "loss": 0.497062696139221,
            "acc": 0.82124
        },
        "154": {
            "loss": 0.4960410732137578,
            "acc": 0.82146
        },
        "155": {
            "loss": 0.48906450686247455,
            "acc": 0.82486
        },
        "156": {
            "loss": 0.48722649405679436,
            "acc": 0.82466
        },
        "157": {
            "loss": 0.48588132606747814,
            "acc": 0.82712
        },
        "158": {
            "loss": 0.4830180127602404,
            "acc": 0.8287
        },
        "159": {
            "loss": 0.483459063350697,
            "acc": 0.82564
        },
        "160": {
            "loss": 0.4796111140867024,
            "acc": 0.82842
        },
        "161": {
            "loss": 0.4787027558402332,
            "acc": 0.82846
        },
        "162": {
            "loss": 0.4814751343349057,
            "acc": 0.82634
        },
        "163": {
            "loss": 0.4805591981429273,
            "acc": 0.8282
        },
        "164": {
            "loss": 0.47318217394601964,
            "acc": 0.83014
        },
        "165": {
            "loss": 0.47489274135026177,
            "acc": 0.82978
        },
        "166": {
            "loss": 0.469494001792215,
            "acc": 0.83214
        },
        "167": {
            "loss": 0.46977544562591006,
            "acc": 0.83226
        },
        "168": {
            "loss": 0.46913184884868925,
            "acc": 0.83198
        },
        "169": {
            "loss": 0.4688320652298305,
            "acc": 0.83206
        },
        "170": {
            "loss": 0.46078892193182047,
            "acc": 0.83682
        },
        "171": {
            "loss": 0.4629129127925619,
            "acc": 0.83462
        },
        "172": {
            "loss": 0.46218248584386334,
            "acc": 0.83402
        },
        "173": {
            "loss": 0.4627015666888498,
            "acc": 0.83466
        },
        "174": {
            "loss": 0.461983743835898,
            "acc": 0.83484
        },
        "175": {
            "loss": 0.45839216154249735,
            "acc": 0.83692
        },
        "176": {
            "loss": 0.4594513114608462,
            "acc": 0.83504
        },
        "177": {
            "loss": 0.4593943435975048,
            "acc": 0.83394
        },
        "178": {
            "loss": 0.4540943348651652,
            "acc": 0.83648
        },
        "179": {
            "loss": 0.4487974800340965,
            "acc": 0.83756
        },
        "180": {
            "loss": 0.4505628406086846,
            "acc": 0.83762
        },
        "181": {
            "loss": 0.45470523171107785,
            "acc": 0.83634
        },
        "182": {
            "loss": 0.45101585618370327,
            "acc": 0.83666
        },
        "183": {
            "loss": 0.44920465750310123,
            "acc": 0.83878
        },
        "184": {
            "loss": 0.44761366700119987,
            "acc": 0.84024
        },
        "185": {
            "loss": 0.44793414711342444,
            "acc": 0.83802
        },
        "186": {
            "loss": 0.4451832426021166,
            "acc": 0.84184
        },
        "187": {
            "loss": 0.4477856265919288,
            "acc": 0.83974
        },
        "188": {
            "loss": 0.4478216536362153,
            "acc": 0.84022
        },
        "189": {
            "loss": 0.44322351581605196,
            "acc": 0.84122
        },
        "190": {
            "loss": 0.43944992593792087,
            "acc": 0.84264
        },
        "191": {
            "loss": 0.4385697878611362,
            "acc": 0.8417
        },
        "192": {
            "loss": 0.4395649254779377,
            "acc": 0.84268
        },
        "193": {
            "loss": 0.4398638833209377,
            "acc": 0.84254
        },
        "194": {
            "loss": 0.43588610911918113,
            "acc": 0.84342
        },
        "195": {
            "loss": 0.43253768283083005,
            "acc": 0.84514
        },
        "196": {
            "loss": 0.43475298335790025,
            "acc": 0.845
        },
        "197": {
            "loss": 0.434950406822707,
            "acc": 0.84476
        },
        "198": {
            "loss": 0.4263028286378402,
            "acc": 0.8456
        },
        "199": {
            "loss": 0.4345966066088518,
            "acc": 0.84454
        },
        "200": {
            "loss": 0.42783213584014523,
            "acc": 0.8482
        },
        "201": {
            "loss": 0.4230801553067649,
            "acc": 0.84902
        },
        "202": {
            "loss": 0.4223731063363497,
            "acc": 0.84722
        },
        "203": {
            "loss": 0.42602774150231304,
            "acc": 0.84906
        },
        "204": {
            "loss": 0.42193215589998934,
            "acc": 0.84826
        },
        "205": {
            "loss": 0.4258446329085113,
            "acc": 0.8489
        },
        "206": {
            "loss": 0.424314150877316,
            "acc": 0.8473
        },
        "207": {
            "loss": 0.42232732021290326,
            "acc": 0.84726
        },
        "208": {
            "loss": 0.4176349734406337,
            "acc": 0.85016
        },
        "209": {
            "loss": 0.42493016202279066,
            "acc": 0.84914
        },
        "210": {
            "loss": 0.42092346924040325,
            "acc": 0.85104
        },
        "211": {
            "loss": 0.41893079274755607,
            "acc": 0.84918
        },
        "212": {
            "loss": 0.4203456259901871,
            "acc": 0.84884
        },
        "213": {
            "loss": 0.41782791409498593,
            "acc": 0.84938
        },
        "214": {
            "loss": 0.4160143229967493,
            "acc": 0.8506
        },
        "215": {
            "loss": 0.42002026969209655,
            "acc": 0.84922
        },
        "216": {
            "loss": 0.4195156217078724,
            "acc": 0.85006
        },
        "217": {
            "loss": 0.4251587786485472,
            "acc": 0.8464
        },
        "218": {
            "loss": 0.41838430779059527,
            "acc": 0.85092
        },
        "219": {
            "loss": 0.4193933540597901,
            "acc": 0.84968
        },
        "220": {
            "loss": 0.41862738791786497,
            "acc": 0.84856
        },
        "221": {
            "loss": 0.4210404798655254,
            "acc": 0.85072
        },
        "222": {
            "loss": 0.4179926587035284,
            "acc": 0.85056
        },
        "223": {
            "loss": 0.4183847885150129,
            "acc": 0.85046
        },
        "224": {
            "loss": 0.41838070163336555,
            "acc": 0.84842
        },
        "225": {
            "loss": 0.417313972245092,
            "acc": 0.85088
        },
        "226": {
            "loss": 0.41676756545253424,
            "acc": 0.84998
        },
        "227": {
            "loss": 0.4178265570984472,
            "acc": 0.85128
        },
        "228": {
            "loss": 0.4179342469519666,
            "acc": 0.8507
        },
        "229": {
            "loss": 0.4132663423524183,
            "acc": 0.85076
        },
        "230": {
            "loss": 0.41642782515119714,
            "acc": 0.85076
        },
        "231": {
            "loss": 0.4201517671422885,
            "acc": 0.84922
        },
        "232": {
            "loss": 0.41868465506207303,
            "acc": 0.8485
        },
        "233": {
            "loss": 0.4177587098249084,
            "acc": 0.8496
        },
        "234": {
            "loss": 0.4181580399841909,
            "acc": 0.85132
        },
        "235": {
            "loss": 0.41992820951792287,
            "acc": 0.85042
        },
        "236": {
            "loss": 0.4169354982235852,
            "acc": 0.85048
        },
        "237": {
            "loss": 0.423138187059661,
            "acc": 0.84812
        },
        "238": {
            "loss": 0.41932232422596966,
            "acc": 0.85028
        },
        "239": {
            "loss": 0.41849182393697215,
            "acc": 0.85146
        },
        "240": {
            "loss": 0.41697998150535254,
            "acc": 0.85058
        },
        "241": {
            "loss": 0.4198146456342829,
            "acc": 0.85002
        },
        "242": {
            "loss": 0.41668911705084166,
            "acc": 0.85194
        },
        "243": {
            "loss": 0.41621505665352276,
            "acc": 0.85012
        },
        "244": {
            "loss": 0.4133012521144984,
            "acc": 0.85242
        },
        "245": {
            "loss": 0.41700429654182375,
            "acc": 0.8518
        },
        "246": {
            "loss": 0.4142668476647428,
            "acc": 0.85228
        },
        "247": {
            "loss": 0.41770818715205277,
            "acc": 0.85076
        },
        "248": {
            "loss": 0.4160740097312976,
            "acc": 0.85202
        },
        "249": {
            "loss": 0.4153268156225419,
            "acc": 0.8525
        }
    },
    "test": {
        "0": {
            "loss": 1.5151852416992186,
            "acc": 0.4407
        },
        "1": {
            "loss": 1.5123791098594666,
            "acc": 0.4605
        },
        "3": {
            "loss": 1.3046291017532348,
            "acc": 0.531
        },
        "5": {
            "loss": 1.2504196310043334,
            "acc": 0.5582
        },
        "7": {
            "loss": 1.1676521587371826,
            "acc": 0.5917
        },
        "9": {
            "loss": 1.1852007627487182,
            "acc": 0.5866
        },
        "11": {
            "loss": 1.2054267239570617,
            "acc": 0.5812
        },
        "13": {
            "loss": 1.1616169095039368,
            "acc": 0.598
        },
        "15": {
            "loss": 1.1341435348987579,
            "acc": 0.602
        },
        "17": {
            "loss": 1.156297073364258,
            "acc": 0.604
        },
        "19": {
            "loss": 1.1219127941131593,
            "acc": 0.6124
        },
        "21": {
            "loss": 1.1280868804454804,
            "acc": 0.6186
        },
        "23": {
            "loss": 1.117382309436798,
            "acc": 0.6119
        },
        "25": {
            "loss": 1.1694381654262542,
            "acc": 0.5947
        },
        "27": {
            "loss": 1.1552930188179016,
            "acc": 0.5987
        },
        "29": {
            "loss": 1.258785617351532,
            "acc": 0.5572
        },
        "31": {
            "loss": 1.1548229408264161,
            "acc": 0.6039
        },
        "33": {
            "loss": 1.16162250995636,
            "acc": 0.5927
        },
        "35": {
            "loss": 1.1432786333560943,
            "acc": 0.6165
        },
        "37": {
            "loss": 1.129510064125061,
            "acc": 0.6156
        },
        "39": {
            "loss": 1.1394969475269319,
            "acc": 0.6107
        },
        "41": {
            "loss": 1.156632364988327,
            "acc": 0.6123
        },
        "43": {
            "loss": 1.1414013409614563,
            "acc": 0.6171
        },
        "45": {
            "loss": 1.1828345942497254,
            "acc": 0.593
        },
        "47": {
            "loss": 1.1524202620983124,
            "acc": 0.6162
        },
        "49": {
            "loss": 1.179377328157425,
            "acc": 0.6006
        },
        "51": {
            "loss": 1.124015074968338,
            "acc": 0.6309
        },
        "53": {
            "loss": 1.1597045540809632,
            "acc": 0.6201
        },
        "55": {
            "loss": 1.148993306159973,
            "acc": 0.6107
        },
        "57": {
            "loss": 1.1441544485092163,
            "acc": 0.6123
        },
        "59": {
            "loss": 1.1496621966362,
            "acc": 0.6196
        },
        "61": {
            "loss": 1.1480850279331207,
            "acc": 0.6178
        },
        "63": {
            "loss": 1.190900638103485,
            "acc": 0.6044
        },
        "65": {
            "loss": 1.1659402084350585,
            "acc": 0.6114
        },
        "67": {
            "loss": 1.1531334900856018,
            "acc": 0.6098
        },
        "69": {
            "loss": 1.1298293471336365,
            "acc": 0.6117
        },
        "71": {
            "loss": 1.1176438271999358,
            "acc": 0.624
        },
        "73": {
            "loss": 1.1671840703487397,
            "acc": 0.614
        },
        "75": {
            "loss": 1.1529904556274415,
            "acc": 0.6066
        },
        "77": {
            "loss": 1.106818850040436,
            "acc": 0.6259
        },
        "79": {
            "loss": 1.1582578492164612,
            "acc": 0.6085
        },
        "81": {
            "loss": 1.1253393387794495,
            "acc": 0.6192
        },
        "83": {
            "loss": 1.1194745051860808,
            "acc": 0.6224
        },
        "85": {
            "loss": 1.0884661316871642,
            "acc": 0.6348
        },
        "87": {
            "loss": 1.1802006030082703,
            "acc": 0.6134
        },
        "89": {
            "loss": 1.119044727087021,
            "acc": 0.6178
        },
        "91": {
            "loss": 1.1378085601329804,
            "acc": 0.622
        },
        "93": {
            "loss": 1.181691644191742,
            "acc": 0.5947
        },
        "95": {
            "loss": 1.0924604260921478,
            "acc": 0.6243
        },
        "97": {
            "loss": 1.1432658195495606,
            "acc": 0.6228
        },
        "99": {
            "loss": 1.1254754853248596,
            "acc": 0.63
        },
        "101": {
            "loss": 0.9233723962306977,
            "acc": 0.6853
        },
        "103": {
            "loss": 0.8956176733970642,
            "acc": 0.693
        },
        "105": {
            "loss": 0.880270231962204,
            "acc": 0.6964
        },
        "107": {
            "loss": 0.8754531741142273,
            "acc": 0.6978
        },
        "109": {
            "loss": 0.8584995448589325,
            "acc": 0.7028
        },
        "111": {
            "loss": 0.860152063369751,
            "acc": 0.7075
        },
        "113": {
            "loss": 0.8511860466003418,
            "acc": 0.71
        },
        "115": {
            "loss": 0.852963056564331,
            "acc": 0.7079
        },
        "117": {
            "loss": 0.8597077453136444,
            "acc": 0.7082
        },
        "119": {
            "loss": 0.8436664378643036,
            "acc": 0.7117
        },
        "121": {
            "loss": 0.8507697010040283,
            "acc": 0.714
        },
        "123": {
            "loss": 0.8419835078716278,
            "acc": 0.715
        },
        "125": {
            "loss": 0.8512730038166046,
            "acc": 0.7129
        },
        "127": {
            "loss": 0.8385578715801238,
            "acc": 0.7121
        },
        "129": {
            "loss": 0.838835369348526,
            "acc": 0.7154
        },
        "131": {
            "loss": 0.8325001609325409,
            "acc": 0.7168
        },
        "133": {
            "loss": 0.8329867804050446,
            "acc": 0.7162
        },
        "135": {
            "loss": 0.8541386747360229,
            "acc": 0.7152
        },
        "137": {
            "loss": 0.8560825657844543,
            "acc": 0.716
        },
        "139": {
            "loss": 0.8458423602581024,
            "acc": 0.7198
        },
        "141": {
            "loss": 0.8537668919563294,
            "acc": 0.7173
        },
        "143": {
            "loss": 0.8528115701675415,
            "acc": 0.7208
        },
        "145": {
            "loss": 0.8615789914131164,
            "acc": 0.7168
        },
        "147": {
            "loss": 0.8636346018314361,
            "acc": 0.72
        },
        "149": {
            "loss": 0.8756732082366944,
            "acc": 0.714
        },
        "151": {
            "loss": 0.8526057720184326,
            "acc": 0.7245
        },
        "153": {
            "loss": 0.8533226680755616,
            "acc": 0.7262
        },
        "155": {
            "loss": 0.8555063199996948,
            "acc": 0.725
        },
        "157": {
            "loss": 0.8580365884304046,
            "acc": 0.7257
        },
        "159": {
            "loss": 0.8609395384788513,
            "acc": 0.7259
        },
        "161": {
            "loss": 0.8613890993595124,
            "acc": 0.7251
        },
        "163": {
            "loss": 0.8653220677375794,
            "acc": 0.7227
        },
        "165": {
            "loss": 0.8696988642215728,
            "acc": 0.7227
        },
        "167": {
            "loss": 0.8729628801345826,
            "acc": 0.7203
        },
        "169": {
            "loss": 0.8714068496227264,
            "acc": 0.7233
        },
        "171": {
            "loss": 0.8782897591590881,
            "acc": 0.7226
        },
        "173": {
            "loss": 0.8791243541240692,
            "acc": 0.7209
        },
        "175": {
            "loss": 0.8792986154556275,
            "acc": 0.7248
        },
        "177": {
            "loss": 0.8799373352527619,
            "acc": 0.7241
        },
        "179": {
            "loss": 0.8836554598808288,
            "acc": 0.7238
        },
        "181": {
            "loss": 0.8815462672710419,
            "acc": 0.7242
        },
        "183": {
            "loss": 0.8895778846740723,
            "acc": 0.7222
        },
        "185": {
            "loss": 0.887738630771637,
            "acc": 0.7235
        },
        "187": {
            "loss": 0.8928601956367492,
            "acc": 0.7224
        },
        "189": {
            "loss": 0.8918064033985138,
            "acc": 0.724
        },
        "191": {
            "loss": 0.8960701620578766,
            "acc": 0.7231
        },
        "193": {
            "loss": 0.8980890452861786,
            "acc": 0.7231
        },
        "195": {
            "loss": 0.9028342568874359,
            "acc": 0.72
        },
        "197": {
            "loss": 0.9012704586982727,
            "acc": 0.7221
        },
        "199": {
            "loss": 0.8984816229343414,
            "acc": 0.7225
        },
        "201": {
            "loss": 0.901074047088623,
            "acc": 0.7233
        },
        "203": {
            "loss": 0.9011223781108856,
            "acc": 0.7245
        },
        "205": {
            "loss": 0.9015885508060455,
            "acc": 0.7238
        },
        "207": {
            "loss": 0.9031704878807068,
            "acc": 0.7239
        },
        "209": {
            "loss": 0.9024179446697235,
            "acc": 0.7242
        },
        "211": {
            "loss": 0.9027361011505127,
            "acc": 0.7236
        },
        "213": {
            "loss": 0.9030528020858765,
            "acc": 0.7237
        },
        "215": {
            "loss": 0.9034925496578217,
            "acc": 0.7246
        },
        "217": {
            "loss": 0.9035846769809723,
            "acc": 0.7246
        },
        "219": {
            "loss": 0.9050592875480652,
            "acc": 0.7241
        },
        "221": {
            "loss": 0.9045636475086212,
            "acc": 0.7231
        },
        "223": {
            "loss": 0.9039492309093475,
            "acc": 0.7237
        },
        "225": {
            "loss": 0.9050025606155395,
            "acc": 0.7234
        },
        "227": {
            "loss": 0.9054812932014465,
            "acc": 0.7234
        },
        "229": {
            "loss": 0.9056391942501069,
            "acc": 0.7241
        },
        "231": {
            "loss": 0.9064968824386597,
            "acc": 0.7234
        },
        "233": {
            "loss": 0.9064038169384002,
            "acc": 0.7225
        },
        "235": {
            "loss": 0.9063364970684051,
            "acc": 0.7228
        },
        "237": {
            "loss": 0.9068299353122711,
            "acc": 0.7229
        },
        "239": {
            "loss": 0.9077275216579437,
            "acc": 0.7231
        },
        "241": {
            "loss": 0.9064714074134826,
            "acc": 0.7229
        },
        "243": {
            "loss": 0.9061160898208618,
            "acc": 0.7231
        },
        "245": {
            "loss": 0.9070178532600403,
            "acc": 0.722
        },
        "247": {
            "loss": 0.9076185274124146,
            "acc": 0.7224
        },
        "249": {
            "loss": 0.9081693160533905,
            "acc": 0.7231
        }
    },
    "info": {
        "best_epoch": 153,
        "best_acc": 72.62,
        "n_params": 4875594
    }
}