{
    "train": {
        "0": {
            "loss": 1.7441967856853515,
            "acc": 0.3489
        },
        "1": {
            "loss": 1.3704044657290135,
            "acc": 0.49804
        },
        "2": {
            "loss": 1.1491437850096036,
            "acc": 0.58642
        },
        "3": {
            "loss": 0.9842210956241774,
            "acc": 0.64976
        },
        "4": {
            "loss": 0.8579416209474549,
            "acc": 0.6984
        },
        "5": {
            "loss": 0.765381966557954,
            "acc": 0.73206
        },
        "6": {
            "loss": 0.6966086198454318,
            "acc": 0.7571
        },
        "7": {
            "loss": 0.6447076863797424,
            "acc": 0.77556
        },
        "8": {
            "loss": 0.6084757079858609,
            "acc": 0.78954
        },
        "9": {
            "loss": 0.5592566397793762,
            "acc": 0.8063
        },
        "10": {
            "loss": 0.5305191204523492,
            "acc": 0.81644
        },
        "11": {
            "loss": 0.5086481428664663,
            "acc": 0.82408
        },
        "12": {
            "loss": 0.4862762672059676,
            "acc": 0.83198
        },
        "13": {
            "loss": 0.4677647179197472,
            "acc": 0.8393
        },
        "14": {
            "loss": 0.44599892782128375,
            "acc": 0.84686
        },
        "15": {
            "loss": 0.42608642334218527,
            "acc": 0.85326
        },
        "16": {
            "loss": 0.4116669962625674,
            "acc": 0.85802
        },
        "17": {
            "loss": 0.3921997481218689,
            "acc": 0.8647
        },
        "18": {
            "loss": 0.3835927202649739,
            "acc": 0.8682
        },
        "19": {
            "loss": 0.36952805195165717,
            "acc": 0.87366
        },
        "20": {
            "loss": 0.35925497545305723,
            "acc": 0.87684
        },
        "21": {
            "loss": 0.3487841619936097,
            "acc": 0.87946
        },
        "22": {
            "loss": 0.3347110347369748,
            "acc": 0.88534
        },
        "23": {
            "loss": 0.32872666624348484,
            "acc": 0.88698
        },
        "24": {
            "loss": 0.31705800167587406,
            "acc": 0.8905
        },
        "25": {
            "loss": 0.3093859610502677,
            "acc": 0.8943
        },
        "26": {
            "loss": 0.30109176796186915,
            "acc": 0.89532
        },
        "27": {
            "loss": 0.2917335557815669,
            "acc": 0.8983
        },
        "28": {
            "loss": 0.28464169402027983,
            "acc": 0.9018
        },
        "29": {
            "loss": 0.27641294164883207,
            "acc": 0.90508
        },
        "30": {
            "loss": 0.2744944047211381,
            "acc": 0.90428
        },
        "31": {
            "loss": 0.2638562309658131,
            "acc": 0.90918
        },
        "32": {
            "loss": 0.258097088969577,
            "acc": 0.91046
        },
        "33": {
            "loss": 0.25189589909123034,
            "acc": 0.91314
        },
        "34": {
            "loss": 0.24842409109291824,
            "acc": 0.91294
        },
        "35": {
            "loss": 0.24319088016934406,
            "acc": 0.91602
        },
        "36": {
            "loss": 0.23992849928338814,
            "acc": 0.91686
        },
        "37": {
            "loss": 0.23439367094536875,
            "acc": 0.9172
        },
        "38": {
            "loss": 0.22851142218655637,
            "acc": 0.92032
        },
        "39": {
            "loss": 0.22404319030778183,
            "acc": 0.92146
        },
        "40": {
            "loss": 0.2231448939084397,
            "acc": 0.92308
        },
        "41": {
            "loss": 0.21929456775679307,
            "acc": 0.92394
        },
        "42": {
            "loss": 0.2096455413324144,
            "acc": 0.9278
        },
        "43": {
            "loss": 0.20866831397766347,
            "acc": 0.92828
        },
        "44": {
            "loss": 0.20705916082767575,
            "acc": 0.92914
        },
        "45": {
            "loss": 0.201463058000178,
            "acc": 0.93042
        },
        "46": {
            "loss": 0.20025013840716818,
            "acc": 0.92958
        },
        "47": {
            "loss": 0.1978911603598491,
            "acc": 0.93118
        },
        "48": {
            "loss": 0.1932567398032874,
            "acc": 0.9329
        },
        "49": {
            "loss": 0.19076244948465196,
            "acc": 0.93396
        },
        "50": {
            "loss": 0.18322749969447055,
            "acc": 0.9361
        },
        "51": {
            "loss": 0.18323250457911236,
            "acc": 0.93576
        },
        "52": {
            "loss": 0.1853393296070416,
            "acc": 0.93612
        },
        "53": {
            "loss": 0.18229684429933957,
            "acc": 0.93852
        },
        "54": {
            "loss": 0.17916836938284852,
            "acc": 0.93888
        },
        "55": {
            "loss": 0.17530685322135306,
            "acc": 0.93892
        },
        "56": {
            "loss": 0.17094625183917067,
            "acc": 0.94054
        },
        "57": {
            "loss": 0.1742914576664605,
            "acc": 0.94002
        },
        "58": {
            "loss": 0.1689022317281007,
            "acc": 0.9415
        },
        "59": {
            "loss": 0.16841228455876756,
            "acc": 0.94072
        },
        "60": {
            "loss": 0.16476553784268896,
            "acc": 0.94234
        },
        "61": {
            "loss": 0.16423924232039916,
            "acc": 0.9437
        },
        "62": {
            "loss": 0.165465234623998,
            "acc": 0.94318
        },
        "63": {
            "loss": 0.1562186489477182,
            "acc": 0.94538
        },
        "64": {
            "loss": 0.16050127087651617,
            "acc": 0.94446
        },
        "65": {
            "loss": 0.1558199818710537,
            "acc": 0.94512
        },
        "66": {
            "loss": 0.15503501893042604,
            "acc": 0.94514
        },
        "67": {
            "loss": 0.15445304465720722,
            "acc": 0.94668
        },
        "68": {
            "loss": 0.15359453521573635,
            "acc": 0.9469
        },
        "69": {
            "loss": 0.1514726595576767,
            "acc": 0.94596
        },
        "70": {
            "loss": 0.15504990479029962,
            "acc": 0.94544
        },
        "71": {
            "loss": 0.1470911261980491,
            "acc": 0.95
        },
        "72": {
            "loss": 0.14802466191904015,
            "acc": 0.94818
        },
        "73": {
            "loss": 0.14530600773175353,
            "acc": 0.9491
        },
        "74": {
            "loss": 0.14301354688642276,
            "acc": 0.95002
        },
        "75": {
            "loss": 0.14565348533718178,
            "acc": 0.94956
        },
        "76": {
            "loss": 0.14254869426341008,
            "acc": 0.95066
        },
        "77": {
            "loss": 0.14133423463920194,
            "acc": 0.95054
        },
        "78": {
            "loss": 0.13989206626439643,
            "acc": 0.95078
        },
        "79": {
            "loss": 0.1380175459472572,
            "acc": 0.95202
        },
        "80": {
            "loss": 0.13954297134943325,
            "acc": 0.95122
        },
        "81": {
            "loss": 0.13758921954790346,
            "acc": 0.95224
        },
        "82": {
            "loss": 0.1380194035427802,
            "acc": 0.95226
        },
        "83": {
            "loss": 0.13714383002322958,
            "acc": 0.95234
        },
        "84": {
            "loss": 0.1382579430747215,
            "acc": 0.95194
        },
        "85": {
            "loss": 0.13421791999617502,
            "acc": 0.95366
        },
        "86": {
            "loss": 0.1378869985985329,
            "acc": 0.95136
        },
        "87": {
            "loss": 0.1368614277800026,
            "acc": 0.95156
        },
        "88": {
            "loss": 0.12826838773077406,
            "acc": 0.95558
        },
        "89": {
            "loss": 0.13336084612533258,
            "acc": 0.95332
        },
        "90": {
            "loss": 0.13400538819258476,
            "acc": 0.9534
        },
        "91": {
            "loss": 0.13259762123493893,
            "acc": 0.95306
        },
        "92": {
            "loss": 0.13131184636822443,
            "acc": 0.95346
        },
        "93": {
            "loss": 0.12876336718611706,
            "acc": 0.95442
        },
        "94": {
            "loss": 0.12955352742120127,
            "acc": 0.95422
        },
        "95": {
            "loss": 0.1286266347502961,
            "acc": 0.95552
        },
        "96": {
            "loss": 0.1260295766298576,
            "acc": 0.9568
        },
        "97": {
            "loss": 0.1257004577028172,
            "acc": 0.95666
        },
        "98": {
            "loss": 0.12303869437683573,
            "acc": 0.95692
        },
        "99": {
            "loss": 0.12837168998311244,
            "acc": 0.95568
        },
        "100": {
            "loss": 0.07462844082995145,
            "acc": 0.97504
        },
        "101": {
            "loss": 0.04951091074977842,
            "acc": 0.9846
        },
        "102": {
            "loss": 0.04059281094295099,
            "acc": 0.98752
        },
        "103": {
            "loss": 0.03506908123262341,
            "acc": 0.98936
        },
        "104": {
            "loss": 0.03301991175269456,
            "acc": 0.9897
        },
        "105": {
            "loss": 0.03019623071088663,
            "acc": 0.9904
        },
        "106": {
            "loss": 0.026310628690921208,
            "acc": 0.99156
        },
        "107": {
            "loss": 0.024659394586096752,
            "acc": 0.99248
        },
        "108": {
            "loss": 0.02371852610574659,
            "acc": 0.99244
        },
        "109": {
            "loss": 0.01948015267848778,
            "acc": 0.994
        },
        "110": {
            "loss": 0.02053529596345647,
            "acc": 0.9937
        },
        "111": {
            "loss": 0.019175080463255677,
            "acc": 0.99398
        },
        "112": {
            "loss": 0.018431216411356866,
            "acc": 0.99414
        },
        "113": {
            "loss": 0.01829067132774564,
            "acc": 0.99422
        },
        "114": {
            "loss": 0.016991695451825294,
            "acc": 0.99464
        },
        "115": {
            "loss": 0.015572383706032148,
            "acc": 0.99504
        },
        "116": {
            "loss": 0.01517890123701047,
            "acc": 0.99518
        },
        "117": {
            "loss": 0.013983260276709514,
            "acc": 0.99568
        },
        "118": {
            "loss": 0.015349740923210845,
            "acc": 0.99544
        },
        "119": {
            "loss": 0.014313885811543631,
            "acc": 0.99532
        },
        "120": {
            "loss": 0.013305773082620386,
            "acc": 0.9956
        },
        "121": {
            "loss": 0.013457720481898978,
            "acc": 0.99574
        },
        "122": {
            "loss": 0.013252822953202497,
            "acc": 0.99576
        },
        "123": {
            "loss": 0.01279858321681216,
            "acc": 0.99584
        },
        "124": {
            "loss": 0.012235240635338247,
            "acc": 0.996
        },
        "125": {
            "loss": 0.011162761565627736,
            "acc": 0.99648
        },
        "126": {
            "loss": 0.010836851786223033,
            "acc": 0.99656
        },
        "127": {
            "loss": 0.01042271048888145,
            "acc": 0.99666
        },
        "128": {
            "loss": 0.01318536189091785,
            "acc": 0.99552
        },
        "129": {
            "loss": 0.010924126646291499,
            "acc": 0.9962
        },
        "130": {
            "loss": 0.010433023268788044,
            "acc": 0.99688
        },
        "131": {
            "loss": 0.009949010823120285,
            "acc": 0.99688
        },
        "132": {
            "loss": 0.010786926783004995,
            "acc": 0.99638
        },
        "133": {
            "loss": 0.00987925357661684,
            "acc": 0.9969
        },
        "134": {
            "loss": 0.009782672884663843,
            "acc": 0.99676
        },
        "135": {
            "loss": 0.009603865715750086,
            "acc": 0.99686
        },
        "136": {
            "loss": 0.010663198827229358,
            "acc": 0.9965
        },
        "137": {
            "loss": 0.009484584473938112,
            "acc": 0.99694
        },
        "138": {
            "loss": 0.010679344794905895,
            "acc": 0.9965
        },
        "139": {
            "loss": 0.009642835071621834,
            "acc": 0.99672
        },
        "140": {
            "loss": 0.009473995377352495,
            "acc": 0.99706
        },
        "141": {
            "loss": 0.00875074539386877,
            "acc": 0.99734
        },
        "142": {
            "loss": 0.00986516053113691,
            "acc": 0.99702
        },
        "143": {
            "loss": 0.009365048679455286,
            "acc": 0.99702
        },
        "144": {
            "loss": 0.009603911679332762,
            "acc": 0.9969
        },
        "145": {
            "loss": 0.009188382790553147,
            "acc": 0.9971
        },
        "146": {
            "loss": 0.009337315935215168,
            "acc": 0.997
        },
        "147": {
            "loss": 0.009187025570190367,
            "acc": 0.99726
        },
        "148": {
            "loss": 0.00884174037462129,
            "acc": 0.9972
        },
        "149": {
            "loss": 0.007955424201465153,
            "acc": 0.99766
        },
        "150": {
            "loss": 0.0061257968744849,
            "acc": 0.99822
        },
        "151": {
            "loss": 0.0054038196210088475,
            "acc": 0.99852
        },
        "152": {
            "loss": 0.005892576257664891,
            "acc": 0.99808
        },
        "153": {
            "loss": 0.005057094743913885,
            "acc": 0.99858
        },
        "154": {
            "loss": 0.004815164475341189,
            "acc": 0.99866
        },
        "155": {
            "loss": 0.004860283885299421,
            "acc": 0.9987
        },
        "156": {
            "loss": 0.004469164775040172,
            "acc": 0.9987
        },
        "157": {
            "loss": 0.004274760817235355,
            "acc": 0.9989
        },
        "158": {
            "loss": 0.003766393723927112,
            "acc": 0.99902
        },
        "159": {
            "loss": 0.0037493034280598986,
            "acc": 0.99894
        },
        "160": {
            "loss": 0.004090875011968219,
            "acc": 0.99882
        },
        "161": {
            "loss": 0.003753525013101997,
            "acc": 0.99904
        },
        "162": {
            "loss": 0.0037108939152944577,
            "acc": 0.99906
        },
        "163": {
            "loss": 0.0038564833670618167,
            "acc": 0.99906
        },
        "164": {
            "loss": 0.004082202640435923,
            "acc": 0.99884
        },
        "165": {
            "loss": 0.003483332713450784,
            "acc": 0.99902
        },
        "166": {
            "loss": 0.003430093373947591,
            "acc": 0.99912
        },
        "167": {
            "loss": 0.0038919403821804865,
            "acc": 0.99902
        },
        "168": {
            "loss": 0.00298948816298132,
            "acc": 0.99938
        },
        "169": {
            "loss": 0.002998446101707447,
            "acc": 0.99928
        },
        "170": {
            "loss": 0.0030233440217305968,
            "acc": 0.99934
        },
        "171": {
            "loss": 0.0031953118266993324,
            "acc": 0.99906
        },
        "172": {
            "loss": 0.003103303123691865,
            "acc": 0.99914
        },
        "173": {
            "loss": 0.00316915840021861,
            "acc": 0.9991
        },
        "174": {
            "loss": 0.0033537763644263204,
            "acc": 0.99908
        },
        "175": {
            "loss": 0.00308255690259828,
            "acc": 0.99938
        },
        "176": {
            "loss": 0.0027998962597099736,
            "acc": 0.9992
        },
        "177": {
            "loss": 0.0025481768240317015,
            "acc": 0.99948
        },
        "178": {
            "loss": 0.0027582761234059856,
            "acc": 0.99938
        },
        "179": {
            "loss": 0.0027447708357554858,
            "acc": 0.99932
        },
        "180": {
            "loss": 0.0029335831518216794,
            "acc": 0.99928
        },
        "181": {
            "loss": 0.0028006644156971967,
            "acc": 0.99928
        },
        "182": {
            "loss": 0.0027076490810880845,
            "acc": 0.99932
        },
        "183": {
            "loss": 0.0029768283764966897,
            "acc": 0.99916
        },
        "184": {
            "loss": 0.0028811295355750245,
            "acc": 0.99932
        },
        "185": {
            "loss": 0.002724573369171587,
            "acc": 0.99932
        },
        "186": {
            "loss": 0.0025877093803338513,
            "acc": 0.99938
        },
        "187": {
            "loss": 0.0024436528390958845,
            "acc": 0.99948
        },
        "188": {
            "loss": 0.002685571824612222,
            "acc": 0.99928
        },
        "189": {
            "loss": 0.002536143936399791,
            "acc": 0.99932
        },
        "190": {
            "loss": 0.00259757464647542,
            "acc": 0.99942
        },
        "191": {
            "loss": 0.0022763146032892465,
            "acc": 0.9995
        },
        "192": {
            "loss": 0.0028231853000370696,
            "acc": 0.99926
        },
        "193": {
            "loss": 0.002661072235225308,
            "acc": 0.99926
        },
        "194": {
            "loss": 0.0024769115795427814,
            "acc": 0.99944
        },
        "195": {
            "loss": 0.0027660739854970516,
            "acc": 0.99928
        },
        "196": {
            "loss": 0.0024979680430401914,
            "acc": 0.99946
        },
        "197": {
            "loss": 0.0024088861896125586,
            "acc": 0.99942
        },
        "198": {
            "loss": 0.0021701030188251724,
            "acc": 0.99944
        },
        "199": {
            "loss": 0.0025655875092862376,
            "acc": 0.99932
        },
        "200": {
            "loss": 0.002585083332574924,
            "acc": 0.99932
        },
        "201": {
            "loss": 0.0023227853079103447,
            "acc": 0.99952
        },
        "202": {
            "loss": 0.0022130963240374686,
            "acc": 0.99962
        },
        "203": {
            "loss": 0.002250259427413734,
            "acc": 0.9995
        },
        "204": {
            "loss": 0.0020225401752090376,
            "acc": 0.99952
        },
        "205": {
            "loss": 0.002476621908299468,
            "acc": 0.99932
        },
        "206": {
            "loss": 0.0019876868217488896,
            "acc": 0.99954
        },
        "207": {
            "loss": 0.002719793868444823,
            "acc": 0.9993
        },
        "208": {
            "loss": 0.0021649262397405644,
            "acc": 0.99958
        },
        "209": {
            "loss": 0.002167207352120204,
            "acc": 0.99952
        },
        "210": {
            "loss": 0.0027475761286655316,
            "acc": 0.9994
        },
        "211": {
            "loss": 0.0024257308449637848,
            "acc": 0.99944
        },
        "212": {
            "loss": 0.002529652687427534,
            "acc": 0.99944
        },
        "213": {
            "loss": 0.002379796640381239,
            "acc": 0.99938
        },
        "214": {
            "loss": 0.0025277456653009936,
            "acc": 0.99942
        },
        "215": {
            "loss": 0.0023389810673281244,
            "acc": 0.99942
        },
        "216": {
            "loss": 0.0023845620161761136,
            "acc": 0.9993
        },
        "217": {
            "loss": 0.0021870578239496816,
            "acc": 0.99948
        },
        "218": {
            "loss": 0.0023999414216723147,
            "acc": 0.99942
        },
        "219": {
            "loss": 0.002013437424791897,
            "acc": 0.99942
        },
        "220": {
            "loss": 0.0021570234392110743,
            "acc": 0.99956
        },
        "221": {
            "loss": 0.0025887226069304685,
            "acc": 0.9993
        },
        "222": {
            "loss": 0.00234667914949515,
            "acc": 0.9994
        },
        "223": {
            "loss": 0.0023951012624406536,
            "acc": 0.99944
        },
        "224": {
            "loss": 0.0018299639874371364,
            "acc": 0.9996
        },
        "225": {
            "loss": 0.002331375351368153,
            "acc": 0.99942
        },
        "226": {
            "loss": 0.001954291107175756,
            "acc": 0.99956
        },
        "227": {
            "loss": 0.0029133643903334855,
            "acc": 0.9992
        },
        "228": {
            "loss": 0.0023552804735995046,
            "acc": 0.99942
        },
        "229": {
            "loss": 0.0020463928619213283,
            "acc": 0.99952
        },
        "230": {
            "loss": 0.0021442808667318405,
            "acc": 0.99946
        },
        "231": {
            "loss": 0.0018301988214812935,
            "acc": 0.99964
        },
        "232": {
            "loss": 0.002083949305780638,
            "acc": 0.9996
        },
        "233": {
            "loss": 0.0023032070836015084,
            "acc": 0.99948
        },
        "234": {
            "loss": 0.0018711369131099852,
            "acc": 0.99964
        },
        "235": {
            "loss": 0.0024574373729008636,
            "acc": 0.99936
        },
        "236": {
            "loss": 0.002037001010186076,
            "acc": 0.99956
        },
        "237": {
            "loss": 0.0019810360222285235,
            "acc": 0.9996
        },
        "238": {
            "loss": 0.0018947510569936375,
            "acc": 0.99968
        },
        "239": {
            "loss": 0.001948115856131709,
            "acc": 0.99952
        },
        "240": {
            "loss": 0.0021906698352176113,
            "acc": 0.99952
        },
        "241": {
            "loss": 0.001981590769763993,
            "acc": 0.9996
        },
        "242": {
            "loss": 0.0021966540441408283,
            "acc": 0.99948
        },
        "243": {
            "loss": 0.001986008796692335,
            "acc": 0.9996
        },
        "244": {
            "loss": 0.0022867489368138213,
            "acc": 0.9994
        },
        "245": {
            "loss": 0.0024530903124345004,
            "acc": 0.99928
        },
        "246": {
            "loss": 0.0019410640828858088,
            "acc": 0.99956
        },
        "247": {
            "loss": 0.0021810585126134,
            "acc": 0.99942
        },
        "248": {
            "loss": 0.0021214702354861387,
            "acc": 0.99954
        },
        "249": {
            "loss": 0.0023229589067880942,
            "acc": 0.99934
        }
    },
    "test": {
        "0": {
            "loss": 1.576306221485138,
            "acc": 0.4335
        },
        "1": {
            "loss": 1.2061613130569457,
            "acc": 0.5644
        },
        "3": {
            "loss": 1.0292283236980437,
            "acc": 0.6581
        },
        "5": {
            "loss": 0.9102810394763946,
            "acc": 0.6966
        },
        "7": {
            "loss": 0.7389524412155152,
            "acc": 0.7501
        },
        "9": {
            "loss": 0.8701081895828247,
            "acc": 0.7234
        },
        "11": {
            "loss": 0.6228049635887146,
            "acc": 0.7943
        },
        "13": {
            "loss": 0.5178460168838501,
            "acc": 0.8239
        },
        "15": {
            "loss": 0.6377205520868301,
            "acc": 0.8045
        },
        "17": {
            "loss": 0.4623213255405426,
            "acc": 0.8464
        },
        "19": {
            "loss": 0.621892374753952,
            "acc": 0.8045
        },
        "21": {
            "loss": 0.4733911883831024,
            "acc": 0.8415
        },
        "23": {
            "loss": 0.545896036028862,
            "acc": 0.8296
        },
        "25": {
            "loss": 0.4793983906507492,
            "acc": 0.8465
        },
        "27": {
            "loss": 0.4805891162157059,
            "acc": 0.8449
        },
        "29": {
            "loss": 0.4937778627872467,
            "acc": 0.844
        },
        "31": {
            "loss": 0.47536770939826967,
            "acc": 0.8523
        },
        "33": {
            "loss": 0.40731210947036744,
            "acc": 0.8689
        },
        "35": {
            "loss": 0.39884733736515043,
            "acc": 0.8692
        },
        "37": {
            "loss": 0.5284343737363816,
            "acc": 0.8392
        },
        "39": {
            "loss": 0.4428969371318817,
            "acc": 0.8686
        },
        "41": {
            "loss": 0.4151365223526955,
            "acc": 0.8688
        },
        "43": {
            "loss": 0.41482414335012435,
            "acc": 0.8736
        },
        "45": {
            "loss": 0.47006798088550567,
            "acc": 0.8639
        },
        "47": {
            "loss": 0.38769295662641523,
            "acc": 0.8756
        },
        "49": {
            "loss": 0.3989118030667305,
            "acc": 0.8809
        },
        "51": {
            "loss": 0.5551896196603775,
            "acc": 0.854
        },
        "53": {
            "loss": 0.36676359057426455,
            "acc": 0.8821
        },
        "55": {
            "loss": 0.3952600133419037,
            "acc": 0.8849
        },
        "57": {
            "loss": 0.38445491462945935,
            "acc": 0.8851
        },
        "59": {
            "loss": 0.45426790237426756,
            "acc": 0.8647
        },
        "61": {
            "loss": 0.3658129468560219,
            "acc": 0.8926
        },
        "63": {
            "loss": 0.4216278249025345,
            "acc": 0.8815
        },
        "65": {
            "loss": 0.4117452311515808,
            "acc": 0.8836
        },
        "67": {
            "loss": 0.42224175930023194,
            "acc": 0.88
        },
        "69": {
            "loss": 0.3906134429574013,
            "acc": 0.8827
        },
        "71": {
            "loss": 0.4249237060546875,
            "acc": 0.8794
        },
        "73": {
            "loss": 0.3614408388733864,
            "acc": 0.8917
        },
        "75": {
            "loss": 0.3892892023921013,
            "acc": 0.8906
        },
        "77": {
            "loss": 0.3923702383041382,
            "acc": 0.8877
        },
        "79": {
            "loss": 0.34425475597381594,
            "acc": 0.8979
        },
        "81": {
            "loss": 0.3706751874089241,
            "acc": 0.8921
        },
        "83": {
            "loss": 0.3536264914274216,
            "acc": 0.8976
        },
        "85": {
            "loss": 0.3780759823322296,
            "acc": 0.8924
        },
        "87": {
            "loss": 0.4258162415027618,
            "acc": 0.8833
        },
        "89": {
            "loss": 0.37401858121156695,
            "acc": 0.8889
        },
        "91": {
            "loss": 0.366483009159565,
            "acc": 0.8926
        },
        "93": {
            "loss": 0.44599458694458005,
            "acc": 0.8801
        },
        "95": {
            "loss": 0.36810739487409594,
            "acc": 0.8968
        },
        "97": {
            "loss": 0.389722743332386,
            "acc": 0.8915
        },
        "99": {
            "loss": 0.4385070013999939,
            "acc": 0.8804
        },
        "101": {
            "loss": 0.28981605783104897,
            "acc": 0.9204
        },
        "103": {
            "loss": 0.3014750838279724,
            "acc": 0.9238
        },
        "105": {
            "loss": 0.31360243320465087,
            "acc": 0.9228
        },
        "107": {
            "loss": 0.324754129499197,
            "acc": 0.9249
        },
        "109": {
            "loss": 0.3501815381646156,
            "acc": 0.9238
        },
        "111": {
            "loss": 0.3532813173532486,
            "acc": 0.9232
        },
        "113": {
            "loss": 0.36922627687454224,
            "acc": 0.9227
        },
        "115": {
            "loss": 0.37639630198478696,
            "acc": 0.9247
        },
        "117": {
            "loss": 0.3860932770371437,
            "acc": 0.9227
        },
        "119": {
            "loss": 0.3878984063863754,
            "acc": 0.923
        },
        "121": {
            "loss": 0.38540691643953323,
            "acc": 0.9239
        },
        "123": {
            "loss": 0.38678452670574187,
            "acc": 0.9257
        },
        "125": {
            "loss": 0.39795874178409574,
            "acc": 0.926
        },
        "127": {
            "loss": 0.39919893637299536,
            "acc": 0.9268
        },
        "129": {
            "loss": 0.41224645674228666,
            "acc": 0.924
        },
        "131": {
            "loss": 0.4085062110424042,
            "acc": 0.9246
        },
        "133": {
            "loss": 0.4130520671606064,
            "acc": 0.9238
        },
        "135": {
            "loss": 0.41655641824007034,
            "acc": 0.925
        },
        "137": {
            "loss": 0.43320226728916167,
            "acc": 0.923
        },
        "139": {
            "loss": 0.42895627379417417,
            "acc": 0.9277
        },
        "141": {
            "loss": 0.43808411121368407,
            "acc": 0.9228
        },
        "143": {
            "loss": 0.4445950801670551,
            "acc": 0.9213
        },
        "145": {
            "loss": 0.4320316231250763,
            "acc": 0.9217
        },
        "147": {
            "loss": 0.44126044899225236,
            "acc": 0.9228
        },
        "149": {
            "loss": 0.4326232722401619,
            "acc": 0.9252
        },
        "151": {
            "loss": 0.42690942257642744,
            "acc": 0.9267
        },
        "153": {
            "loss": 0.426634407043457,
            "acc": 0.9267
        },
        "155": {
            "loss": 0.4256414091587067,
            "acc": 0.9264
        },
        "157": {
            "loss": 0.4318337333202362,
            "acc": 0.9259
        },
        "159": {
            "loss": 0.4327576807141304,
            "acc": 0.9272
        },
        "161": {
            "loss": 0.4331178241968155,
            "acc": 0.9282
        },
        "163": {
            "loss": 0.43472662538290024,
            "acc": 0.9269
        },
        "165": {
            "loss": 0.43476947575807573,
            "acc": 0.9282
        },
        "167": {
            "loss": 0.44040145486593246,
            "acc": 0.9273
        },
        "169": {
            "loss": 0.44101876854896543,
            "acc": 0.9274
        },
        "171": {
            "loss": 0.44341941028833387,
            "acc": 0.9276
        },
        "173": {
            "loss": 0.4477904412150383,
            "acc": 0.9273
        },
        "175": {
            "loss": 0.4459566634893417,
            "acc": 0.9256
        },
        "177": {
            "loss": 0.451087686419487,
            "acc": 0.9276
        },
        "179": {
            "loss": 0.4537400606274605,
            "acc": 0.9285
        },
        "181": {
            "loss": 0.44814834743738174,
            "acc": 0.9266
        },
        "183": {
            "loss": 0.44901904672384263,
            "acc": 0.9266
        },
        "185": {
            "loss": 0.4548212644457817,
            "acc": 0.9262
        },
        "187": {
            "loss": 0.4572416535019875,
            "acc": 0.9267
        },
        "189": {
            "loss": 0.4544506660103798,
            "acc": 0.9265
        },
        "191": {
            "loss": 0.45839158475399017,
            "acc": 0.926
        },
        "193": {
            "loss": 0.4576611617207527,
            "acc": 0.9263
        },
        "195": {
            "loss": 0.4579646208882332,
            "acc": 0.9269
        },
        "197": {
            "loss": 0.4545690444111824,
            "acc": 0.9274
        },
        "199": {
            "loss": 0.4577130115032196,
            "acc": 0.9267
        },
        "201": {
            "loss": 0.4656566363573074,
            "acc": 0.9259
        },
        "203": {
            "loss": 0.4614615100622177,
            "acc": 0.9267
        },
        "205": {
            "loss": 0.4571313712000847,
            "acc": 0.9271
        },
        "207": {
            "loss": 0.4590641465783119,
            "acc": 0.9268
        },
        "209": {
            "loss": 0.4657850673794746,
            "acc": 0.9262
        },
        "211": {
            "loss": 0.46045433670282365,
            "acc": 0.9271
        },
        "213": {
            "loss": 0.45919552743434905,
            "acc": 0.9262
        },
        "215": {
            "loss": 0.4627034446597099,
            "acc": 0.9266
        },
        "217": {
            "loss": 0.4609743610024452,
            "acc": 0.9256
        },
        "219": {
            "loss": 0.4615025731921196,
            "acc": 0.9266
        },
        "221": {
            "loss": 0.46381330013275146,
            "acc": 0.9267
        },
        "223": {
            "loss": 0.45659393280744554,
            "acc": 0.927
        },
        "225": {
            "loss": 0.45824151277542113,
            "acc": 0.9274
        },
        "227": {
            "loss": 0.46107382982969286,
            "acc": 0.9265
        },
        "229": {
            "loss": 0.45668539017438886,
            "acc": 0.9276
        },
        "231": {
            "loss": 0.46164856880903243,
            "acc": 0.9269
        },
        "233": {
            "loss": 0.4635345420241356,
            "acc": 0.9266
        },
        "235": {
            "loss": 0.46225539803504945,
            "acc": 0.9268
        },
        "237": {
            "loss": 0.46277510195970534,
            "acc": 0.9271
        },
        "239": {
            "loss": 0.4601223555207252,
            "acc": 0.9268
        },
        "241": {
            "loss": 0.46178070455789566,
            "acc": 0.9268
        },
        "243": {
            "loss": 0.4626461377739906,
            "acc": 0.9268
        },
        "245": {
            "loss": 0.46062062948942184,
            "acc": 0.9267
        },
        "247": {
            "loss": 0.4637682029604912,
            "acc": 0.9268
        },
        "249": {
            "loss": 0.4588372614979744,
            "acc": 0.9276
        }
    },
    "best": {
        "best_epoch": 179,
        "best_acc": 92.85
    }
}