{
    "train": {
        "0": {
            "loss": 2.0054537765205365,
            "acc": 0.22464
        },
        "1": {
            "loss": 1.5955809696251169,
            "acc": 0.41056
        },
        "2": {
            "loss": 1.4255141089944279,
            "acc": 0.48776
        },
        "3": {
            "loss": 1.3334562626031354,
            "acc": 0.52816
        },
        "4": {
            "loss": 1.2746647756422878,
            "acc": 0.5528
        },
        "5": {
            "loss": 1.2306808914674823,
            "acc": 0.56928
        },
        "6": {
            "loss": 1.2067474911889762,
            "acc": 0.58392
        },
        "7": {
            "loss": 1.1846733936263472,
            "acc": 0.59202
        },
        "8": {
            "loss": 1.1796102720453305,
            "acc": 0.59596
        },
        "9": {
            "loss": 1.1601838365845059,
            "acc": 0.60388
        },
        "10": {
            "loss": 1.1571335240703104,
            "acc": 0.61038
        },
        "11": {
            "loss": 1.1530362719769978,
            "acc": 0.60706
        },
        "12": {
            "loss": 1.1461374049296464,
            "acc": 0.61142
        },
        "13": {
            "loss": 1.1470881686796008,
            "acc": 0.61174
        },
        "14": {
            "loss": 1.152014908888151,
            "acc": 0.61448
        },
        "15": {
            "loss": 1.1645012718942158,
            "acc": 0.60994
        },
        "16": {
            "loss": 1.154274772195255,
            "acc": 0.61234
        },
        "17": {
            "loss": 1.1484409168248286,
            "acc": 0.61344
        },
        "18": {
            "loss": 1.165199791074104,
            "acc": 0.61156
        },
        "19": {
            "loss": 1.1657175004024944,
            "acc": 0.61248
        },
        "20": {
            "loss": 1.149762496466527,
            "acc": 0.61848
        },
        "21": {
            "loss": 1.1543751435206675,
            "acc": 0.6148
        },
        "22": {
            "loss": 1.1597895100903328,
            "acc": 0.61552
        },
        "23": {
            "loss": 1.1593625388486917,
            "acc": 0.61704
        },
        "24": {
            "loss": 1.167137806830199,
            "acc": 0.61304
        },
        "25": {
            "loss": 1.165251100154789,
            "acc": 0.61288
        },
        "26": {
            "loss": 1.1587777925879144,
            "acc": 0.61822
        },
        "27": {
            "loss": 1.1651758135432173,
            "acc": 0.6134
        },
        "28": {
            "loss": 1.1684757640294712,
            "acc": 0.6147
        },
        "29": {
            "loss": 1.163183925401829,
            "acc": 0.61834
        },
        "30": {
            "loss": 1.175508268044123,
            "acc": 0.61004
        },
        "31": {
            "loss": 1.1782736026722451,
            "acc": 0.61206
        },
        "32": {
            "loss": 1.1802897213974877,
            "acc": 0.61122
        },
        "33": {
            "loss": 1.1754713378598929,
            "acc": 0.61142
        },
        "34": {
            "loss": 1.173525477004478,
            "acc": 0.61568
        },
        "35": {
            "loss": 1.1652783644778648,
            "acc": 0.62126
        },
        "36": {
            "loss": 1.1646775296886864,
            "acc": 0.6175
        },
        "37": {
            "loss": 1.1653574575548586,
            "acc": 0.61752
        },
        "38": {
            "loss": 1.1806505577033743,
            "acc": 0.6127
        },
        "39": {
            "loss": 1.166801107509057,
            "acc": 0.61832
        },
        "40": {
            "loss": 1.1674712237799565,
            "acc": 0.61498
        },
        "41": {
            "loss": 1.1719785343350657,
            "acc": 0.61714
        },
        "42": {
            "loss": 1.1625365713978058,
            "acc": 0.62108
        },
        "43": {
            "loss": 1.1602322668065805,
            "acc": 0.62126
        },
        "44": {
            "loss": 1.1670933425274042,
            "acc": 0.62094
        },
        "45": {
            "loss": 1.1631038448084956,
            "acc": 0.6191
        },
        "46": {
            "loss": 1.1613152065240513,
            "acc": 0.61798
        },
        "47": {
            "loss": 1.1519899494812618,
            "acc": 0.62434
        },
        "48": {
            "loss": 1.1625633424200366,
            "acc": 0.62004
        },
        "49": {
            "loss": 1.1671021550207796,
            "acc": 0.62106
        },
        "50": {
            "loss": 1.1632122136747745,
            "acc": 0.62084
        },
        "51": {
            "loss": 1.1517430309139554,
            "acc": 0.62262
        },
        "52": {
            "loss": 1.1690786127239237,
            "acc": 0.6174
        },
        "53": {
            "loss": 1.1645009531389416,
            "acc": 0.62142
        },
        "54": {
            "loss": 1.1588180354793969,
            "acc": 0.62104
        },
        "55": {
            "loss": 1.1404076101225051,
            "acc": 0.62694
        },
        "56": {
            "loss": 1.1430365043832822,
            "acc": 0.63018
        },
        "57": {
            "loss": 1.1407832576490728,
            "acc": 0.62796
        },
        "58": {
            "loss": 1.1470231323900735,
            "acc": 0.62724
        },
        "59": {
            "loss": 1.1554605006561864,
            "acc": 0.62392
        },
        "60": {
            "loss": 1.1391014984196715,
            "acc": 0.6291
        },
        "61": {
            "loss": 1.135385150799666,
            "acc": 0.63066
        },
        "62": {
            "loss": 1.1319776284115395,
            "acc": 0.6326
        },
        "63": {
            "loss": 1.1354191496853938,
            "acc": 0.62852
        },
        "64": {
            "loss": 1.1403535427644735,
            "acc": 0.6271
        },
        "65": {
            "loss": 1.133636684826268,
            "acc": 0.6299
        },
        "66": {
            "loss": 1.128389690690638,
            "acc": 0.63386
        },
        "67": {
            "loss": 1.1298308678905067,
            "acc": 0.63436
        },
        "68": {
            "loss": 1.1225216631084451,
            "acc": 0.63606
        },
        "69": {
            "loss": 1.1237784003662636,
            "acc": 0.6357
        },
        "70": {
            "loss": 1.1169362828859588,
            "acc": 0.63414
        },
        "71": {
            "loss": 1.1197966637513828,
            "acc": 0.63684
        },
        "72": {
            "loss": 1.122081522441581,
            "acc": 0.6336
        },
        "73": {
            "loss": 1.1176990668487061,
            "acc": 0.63662
        },
        "74": {
            "loss": 1.1211672091423093,
            "acc": 0.63622
        },
        "75": {
            "loss": 1.127117322686383,
            "acc": 0.6345
        },
        "76": {
            "loss": 1.1091106410526559,
            "acc": 0.63966
        },
        "77": {
            "loss": 1.1170316128169788,
            "acc": 0.63612
        },
        "78": {
            "loss": 1.1152568788784545,
            "acc": 0.63562
        },
        "79": {
            "loss": 1.1148187777270442,
            "acc": 0.63648
        },
        "80": {
            "loss": 1.1159638568873296,
            "acc": 0.63546
        },
        "81": {
            "loss": 1.116699575615661,
            "acc": 0.6368
        },
        "82": {
            "loss": 1.1003665201499333,
            "acc": 0.64148
        },
        "83": {
            "loss": 1.104408477120997,
            "acc": 0.64184
        },
        "84": {
            "loss": 1.1128323698592613,
            "acc": 0.64192
        },
        "85": {
            "loss": 1.1162728025480304,
            "acc": 0.63828
        },
        "86": {
            "loss": 1.1154087214823574,
            "acc": 0.63856
        },
        "87": {
            "loss": 1.1195984744964658,
            "acc": 0.6352
        },
        "88": {
            "loss": 1.110652336226705,
            "acc": 0.64036
        },
        "89": {
            "loss": 1.1310226632201152,
            "acc": 0.63124
        },
        "90": {
            "loss": 1.1204579510652195,
            "acc": 0.63578
        },
        "91": {
            "loss": 1.119677652178518,
            "acc": 0.63554
        },
        "92": {
            "loss": 1.1050293726079605,
            "acc": 0.64264
        },
        "93": {
            "loss": 1.0999221089855789,
            "acc": 0.6425
        },
        "94": {
            "loss": 1.0951774185880676,
            "acc": 0.64376
        },
        "95": {
            "loss": 1.0955771890747579,
            "acc": 0.64438
        },
        "96": {
            "loss": 1.1057071478470513,
            "acc": 0.64216
        },
        "97": {
            "loss": 1.100431712387163,
            "acc": 0.64304
        },
        "98": {
            "loss": 1.1087442319411451,
            "acc": 0.63952
        },
        "99": {
            "loss": 1.0979668275474588,
            "acc": 0.6468
        },
        "100": {
            "loss": 0.893630115577327,
            "acc": 0.70082
        },
        "101": {
            "loss": 0.8270148616617597,
            "acc": 0.72114
        },
        "102": {
            "loss": 0.7988555943569564,
            "acc": 0.72886
        },
        "103": {
            "loss": 0.7772844527536036,
            "acc": 0.7365
        },
        "104": {
            "loss": 0.7688990558504754,
            "acc": 0.73928
        },
        "105": {
            "loss": 0.7512328981438561,
            "acc": 0.74274
        },
        "106": {
            "loss": 0.7410588271325201,
            "acc": 0.74526
        },
        "107": {
            "loss": 0.725932178594877,
            "acc": 0.75154
        },
        "108": {
            "loss": 0.7229836006908466,
            "acc": 0.75058
        },
        "109": {
            "loss": 0.7159095801355894,
            "acc": 0.75368
        },
        "110": {
            "loss": 0.7075355616981721,
            "acc": 0.75586
        },
        "111": {
            "loss": 0.6975058436088855,
            "acc": 0.75866
        },
        "112": {
            "loss": 0.6889025641371832,
            "acc": 0.76204
        },
        "113": {
            "loss": 0.681004855867542,
            "acc": 0.76388
        },
        "114": {
            "loss": 0.6765514551983465,
            "acc": 0.76692
        },
        "115": {
            "loss": 0.6720397669793395,
            "acc": 0.76524
        },
        "116": {
            "loss": 0.6574231707836355,
            "acc": 0.77164
        },
        "117": {
            "loss": 0.6560425452716515,
            "acc": 0.77192
        },
        "118": {
            "loss": 0.6497868018229599,
            "acc": 0.77262
        },
        "119": {
            "loss": 0.6396632407175,
            "acc": 0.77652
        },
        "120": {
            "loss": 0.6332477252654103,
            "acc": 0.77782
        },
        "121": {
            "loss": 0.6343877307899163,
            "acc": 0.77574
        },
        "122": {
            "loss": 0.6219364780446758,
            "acc": 0.78234
        },
        "123": {
            "loss": 0.6238818712094251,
            "acc": 0.7818
        },
        "124": {
            "loss": 0.6174863286487892,
            "acc": 0.78302
        },
        "125": {
            "loss": 0.6090600406727218,
            "acc": 0.78506
        },
        "126": {
            "loss": 0.6049952125152969,
            "acc": 0.78922
        },
        "127": {
            "loss": 0.6001858263064528,
            "acc": 0.78968
        },
        "128": {
            "loss": 0.5958079852716393,
            "acc": 0.79084
        },
        "129": {
            "loss": 0.5895831591028082,
            "acc": 0.79238
        },
        "130": {
            "loss": 0.5773025599434553,
            "acc": 0.79566
        },
        "131": {
            "loss": 0.5810812944951265,
            "acc": 0.79436
        },
        "132": {
            "loss": 0.5717542731700955,
            "acc": 0.79752
        },
        "133": {
            "loss": 0.5682975304553576,
            "acc": 0.79928
        },
        "134": {
            "loss": 0.5658864786710276,
            "acc": 0.79858
        },
        "135": {
            "loss": 0.5605376753050958,
            "acc": 0.80144
        },
        "136": {
            "loss": 0.55296514543426,
            "acc": 0.80454
        },
        "137": {
            "loss": 0.5485757524552552,
            "acc": 0.80584
        },
        "138": {
            "loss": 0.5433095246172317,
            "acc": 0.8081
        },
        "139": {
            "loss": 0.5406422789596841,
            "acc": 0.80888
        },
        "140": {
            "loss": 0.5344662193752006,
            "acc": 0.81194
        },
        "141": {
            "loss": 0.5303093088252465,
            "acc": 0.81234
        },
        "142": {
            "loss": 0.521467972899337,
            "acc": 0.81466
        },
        "143": {
            "loss": 0.5190588377625741,
            "acc": 0.81514
        },
        "144": {
            "loss": 0.5119078851416897,
            "acc": 0.8175
        },
        "145": {
            "loss": 0.5156101376351798,
            "acc": 0.81774
        },
        "146": {
            "loss": 0.5065501306367957,
            "acc": 0.81924
        },
        "147": {
            "loss": 0.499093498872674,
            "acc": 0.82216
        },
        "148": {
            "loss": 0.49907685667657486,
            "acc": 0.82172
        },
        "149": {
            "loss": 0.4906387806243604,
            "acc": 0.82434
        },
        "150": {
            "loss": 0.4601810975452823,
            "acc": 0.83694
        },
        "151": {
            "loss": 0.45076274521210613,
            "acc": 0.8398
        },
        "152": {
            "loss": 0.44741331612515023,
            "acc": 0.84066
        },
        "153": {
            "loss": 0.4435297166142622,
            "acc": 0.84028
        },
        "154": {
            "loss": 0.4385449779231835,
            "acc": 0.84242
        },
        "155": {
            "loss": 0.4392070877734962,
            "acc": 0.84376
        },
        "156": {
            "loss": 0.4329368855870898,
            "acc": 0.84348
        },
        "157": {
            "loss": 0.4305468921161369,
            "acc": 0.84544
        },
        "158": {
            "loss": 0.42864469181546166,
            "acc": 0.84554
        },
        "159": {
            "loss": 0.4314397680180152,
            "acc": 0.84556
        },
        "160": {
            "loss": 0.4332661086031238,
            "acc": 0.84396
        },
        "161": {
            "loss": 0.42810662010746536,
            "acc": 0.84594
        },
        "162": {
            "loss": 0.4266605736197108,
            "acc": 0.84764
        },
        "163": {
            "loss": 0.4255297665705766,
            "acc": 0.84952
        },
        "164": {
            "loss": 0.42233368944938837,
            "acc": 0.84984
        },
        "165": {
            "loss": 0.42233775552276454,
            "acc": 0.84994
        },
        "166": {
            "loss": 0.4173473058759099,
            "acc": 0.84992
        },
        "167": {
            "loss": 0.4191229219174446,
            "acc": 0.84958
        },
        "168": {
            "loss": 0.4145674038954708,
            "acc": 0.8501
        },
        "169": {
            "loss": 0.4175620366392843,
            "acc": 0.85142
        },
        "170": {
            "loss": 0.4166469325875992,
            "acc": 0.85208
        },
        "171": {
            "loss": 0.4149276348559753,
            "acc": 0.85152
        },
        "172": {
            "loss": 0.40915181581169136,
            "acc": 0.8527
        },
        "173": {
            "loss": 0.40875996862683456,
            "acc": 0.8517
        },
        "174": {
            "loss": 0.4057146646939885,
            "acc": 0.85536
        },
        "175": {
            "loss": 0.4084250587788994,
            "acc": 0.85354
        },
        "176": {
            "loss": 0.4037177839013926,
            "acc": 0.85352
        },
        "177": {
            "loss": 0.40684450899853425,
            "acc": 0.8538
        },
        "178": {
            "loss": 0.405707134424573,
            "acc": 0.85454
        },
        "179": {
            "loss": 0.40495104961992834,
            "acc": 0.85424
        },
        "180": {
            "loss": 0.4016953887003462,
            "acc": 0.85538
        },
        "181": {
            "loss": 0.39735346327504845,
            "acc": 0.85658
        },
        "182": {
            "loss": 0.40094106181350814,
            "acc": 0.85676
        },
        "183": {
            "loss": 0.4036610262168338,
            "acc": 0.85346
        },
        "184": {
            "loss": 0.39697928414167954,
            "acc": 0.85768
        },
        "185": {
            "loss": 0.3970586997849862,
            "acc": 0.85868
        },
        "186": {
            "loss": 0.39627272279366205,
            "acc": 0.85682
        },
        "187": {
            "loss": 0.3911120018080982,
            "acc": 0.85798
        },
        "188": {
            "loss": 0.3974089303894726,
            "acc": 0.85572
        },
        "189": {
            "loss": 0.39411944291933115,
            "acc": 0.85712
        },
        "190": {
            "loss": 0.38704908202828653,
            "acc": 0.86058
        },
        "191": {
            "loss": 0.3918330013523321,
            "acc": 0.8594
        },
        "192": {
            "loss": 0.3893545700613495,
            "acc": 0.85936
        },
        "193": {
            "loss": 0.3828307520550535,
            "acc": 0.86316
        },
        "194": {
            "loss": 0.38768623795960566,
            "acc": 0.86138
        },
        "195": {
            "loss": 0.389658185146044,
            "acc": 0.85926
        },
        "196": {
            "loss": 0.38180490714662213,
            "acc": 0.86262
        },
        "197": {
            "loss": 0.38801882265473875,
            "acc": 0.85916
        },
        "198": {
            "loss": 0.38809845968128165,
            "acc": 0.86046
        },
        "199": {
            "loss": 0.38380019381985336,
            "acc": 0.86208
        },
        "200": {
            "loss": 0.37406290427345756,
            "acc": 0.8659
        },
        "201": {
            "loss": 0.37486596275930817,
            "acc": 0.86542
        },
        "202": {
            "loss": 0.37447640337907445,
            "acc": 0.86542
        },
        "203": {
            "loss": 0.37334738957607533,
            "acc": 0.86522
        },
        "204": {
            "loss": 0.37668605560384444,
            "acc": 0.86476
        },
        "205": {
            "loss": 0.3747972779719116,
            "acc": 0.86644
        },
        "206": {
            "loss": 0.37148469354947816,
            "acc": 0.86738
        },
        "207": {
            "loss": 0.3728063808530188,
            "acc": 0.86692
        },
        "208": {
            "loss": 0.36953051373019546,
            "acc": 0.86734
        },
        "209": {
            "loss": 0.37302120014682144,
            "acc": 0.86518
        },
        "210": {
            "loss": 0.3704768911651943,
            "acc": 0.86624
        },
        "211": {
            "loss": 0.37308122469183735,
            "acc": 0.86444
        },
        "212": {
            "loss": 0.369785319318247,
            "acc": 0.86676
        },
        "213": {
            "loss": 0.3726077552722848,
            "acc": 0.86744
        },
        "214": {
            "loss": 0.3720129838837382,
            "acc": 0.86548
        },
        "215": {
            "loss": 0.37215018695425195,
            "acc": 0.86502
        },
        "216": {
            "loss": 0.3737013779027992,
            "acc": 0.8656
        },
        "217": {
            "loss": 0.3720236149666559,
            "acc": 0.8671
        },
        "218": {
            "loss": 0.3701960471889857,
            "acc": 0.86814
        },
        "219": {
            "loss": 0.3695845183204202,
            "acc": 0.86862
        },
        "220": {
            "loss": 0.36817520323311886,
            "acc": 0.86836
        },
        "221": {
            "loss": 0.3701085812981476,
            "acc": 0.86742
        },
        "222": {
            "loss": 0.37415546758095625,
            "acc": 0.8649
        },
        "223": {
            "loss": 0.3752030611343091,
            "acc": 0.86552
        },
        "224": {
            "loss": 0.36913828677533533,
            "acc": 0.8673
        },
        "225": {
            "loss": 0.3705035481230377,
            "acc": 0.86662
        },
        "226": {
            "loss": 0.3689660989796109,
            "acc": 0.86652
        },
        "227": {
            "loss": 0.36956144389136675,
            "acc": 0.86588
        },
        "228": {
            "loss": 0.368451123957134,
            "acc": 0.86694
        },
        "229": {
            "loss": 0.36610481851850935,
            "acc": 0.8688
        },
        "230": {
            "loss": 0.36725743339799555,
            "acc": 0.8675
        },
        "231": {
            "loss": 0.3712123095074578,
            "acc": 0.8665
        },
        "232": {
            "loss": 0.36960028340596984,
            "acc": 0.86802
        },
        "233": {
            "loss": 0.37218361159267327,
            "acc": 0.86576
        },
        "234": {
            "loss": 0.3684024521914285,
            "acc": 0.86706
        },
        "235": {
            "loss": 0.3693254841563037,
            "acc": 0.86632
        },
        "236": {
            "loss": 0.3691385198584603,
            "acc": 0.86594
        },
        "237": {
            "loss": 0.36910032372340523,
            "acc": 0.86686
        },
        "238": {
            "loss": 0.3665162497164343,
            "acc": 0.86738
        },
        "239": {
            "loss": 0.36860959262341797,
            "acc": 0.86688
        },
        "240": {
            "loss": 0.3680405146859186,
            "acc": 0.8677
        },
        "241": {
            "loss": 0.3662749515927356,
            "acc": 0.86778
        },
        "242": {
            "loss": 0.36540349925418036,
            "acc": 0.86804
        },
        "243": {
            "loss": 0.36662483230576187,
            "acc": 0.8693
        },
        "244": {
            "loss": 0.3692578861628042,
            "acc": 0.8665
        },
        "245": {
            "loss": 0.3685946981315418,
            "acc": 0.86768
        },
        "246": {
            "loss": 0.36787067548088404,
            "acc": 0.86628
        },
        "247": {
            "loss": 0.3639406614824939,
            "acc": 0.86934
        },
        "248": {
            "loss": 0.3685163784667354,
            "acc": 0.86826
        },
        "249": {
            "loss": 0.3700245995350811,
            "acc": 0.8669
        }
    },
    "test": {
        "0": {
            "loss": 1.7044762301445007,
            "acc": 0.366
        },
        "1": {
            "loss": 1.467443313598633,
            "acc": 0.486
        },
        "3": {
            "loss": 1.2257645869255065,
            "acc": 0.5735
        },
        "5": {
            "loss": 1.2044688057899475,
            "acc": 0.587
        },
        "7": {
            "loss": 1.1524360859394074,
            "acc": 0.6044
        },
        "9": {
            "loss": 1.1540196907520295,
            "acc": 0.6113
        },
        "11": {
            "loss": 1.130923272371292,
            "acc": 0.6256
        },
        "13": {
            "loss": 1.1179103922843934,
            "acc": 0.6224
        },
        "15": {
            "loss": 1.1693770480155945,
            "acc": 0.6095
        },
        "17": {
            "loss": 1.1394599175453186,
            "acc": 0.6305
        },
        "19": {
            "loss": 1.1562438535690307,
            "acc": 0.6094
        },
        "21": {
            "loss": 1.1107585799694062,
            "acc": 0.6317
        },
        "23": {
            "loss": 1.1721493446826934,
            "acc": 0.6298
        },
        "25": {
            "loss": 1.1271584928035736,
            "acc": 0.6279
        },
        "27": {
            "loss": 1.1201737117767334,
            "acc": 0.6358
        },
        "29": {
            "loss": 1.142942019701004,
            "acc": 0.6221
        },
        "31": {
            "loss": 1.2410735082626343,
            "acc": 0.5992
        },
        "33": {
            "loss": 1.1519280087947845,
            "acc": 0.6259
        },
        "35": {
            "loss": 1.195964696407318,
            "acc": 0.595
        },
        "37": {
            "loss": 1.221667642593384,
            "acc": 0.6067
        },
        "39": {
            "loss": 1.1680534386634827,
            "acc": 0.6212
        },
        "41": {
            "loss": 1.157296553850174,
            "acc": 0.6336
        },
        "43": {
            "loss": 1.1444547080993652,
            "acc": 0.6353
        },
        "45": {
            "loss": 1.1624827456474305,
            "acc": 0.6054
        },
        "47": {
            "loss": 1.1094152653217315,
            "acc": 0.6425
        },
        "49": {
            "loss": 1.1252812457084655,
            "acc": 0.6314
        },
        "51": {
            "loss": 1.1205907106399535,
            "acc": 0.6321
        },
        "53": {
            "loss": 1.1387740850448609,
            "acc": 0.6331
        },
        "55": {
            "loss": 1.1370444536209106,
            "acc": 0.6188
        },
        "57": {
            "loss": 1.1248978936672211,
            "acc": 0.6311
        },
        "59": {
            "loss": 1.1204085850715637,
            "acc": 0.6364
        },
        "61": {
            "loss": 1.111923052072525,
            "acc": 0.6469
        },
        "63": {
            "loss": 1.1141706919670105,
            "acc": 0.642
        },
        "65": {
            "loss": 1.1154352271556853,
            "acc": 0.6366
        },
        "67": {
            "loss": 1.1615929198265076,
            "acc": 0.6409
        },
        "69": {
            "loss": 1.0972860908508302,
            "acc": 0.6418
        },
        "71": {
            "loss": 1.2063196849823,
            "acc": 0.6147
        },
        "73": {
            "loss": 1.1408532822132111,
            "acc": 0.639
        },
        "75": {
            "loss": 1.1003167700767518,
            "acc": 0.6498
        },
        "77": {
            "loss": 1.1166735684871674,
            "acc": 0.6435
        },
        "79": {
            "loss": 1.0684337031841278,
            "acc": 0.6585
        },
        "81": {
            "loss": 1.0721858274936675,
            "acc": 0.6549
        },
        "83": {
            "loss": 1.0677073359489442,
            "acc": 0.6577
        },
        "85": {
            "loss": 1.0743066954612732,
            "acc": 0.6444
        },
        "87": {
            "loss": 1.0781445491313935,
            "acc": 0.6605
        },
        "89": {
            "loss": 1.110871684551239,
            "acc": 0.6421
        },
        "91": {
            "loss": 1.1046148133277893,
            "acc": 0.6541
        },
        "93": {
            "loss": 1.0762817251682282,
            "acc": 0.6531
        },
        "95": {
            "loss": 1.0665714919567109,
            "acc": 0.662
        },
        "97": {
            "loss": 1.1351151251792908,
            "acc": 0.646
        },
        "99": {
            "loss": 1.070445694923401,
            "acc": 0.6532
        },
        "101": {
            "loss": 0.8484173274040222,
            "acc": 0.7182
        },
        "103": {
            "loss": 0.8262771797180176,
            "acc": 0.7201
        },
        "105": {
            "loss": 0.8063541913032531,
            "acc": 0.7266
        },
        "107": {
            "loss": 0.7984915673732758,
            "acc": 0.7291
        },
        "109": {
            "loss": 0.7889698314666748,
            "acc": 0.731
        },
        "111": {
            "loss": 0.7724789464473725,
            "acc": 0.7383
        },
        "113": {
            "loss": 0.7687777626514435,
            "acc": 0.741
        },
        "115": {
            "loss": 0.7624826383590698,
            "acc": 0.7382
        },
        "117": {
            "loss": 0.7611775112152099,
            "acc": 0.7379
        },
        "119": {
            "loss": 0.755387499332428,
            "acc": 0.742
        },
        "121": {
            "loss": 0.742079712152481,
            "acc": 0.7476
        },
        "123": {
            "loss": 0.7498257267475128,
            "acc": 0.7445
        },
        "125": {
            "loss": 0.742076815366745,
            "acc": 0.7449
        },
        "127": {
            "loss": 0.7400785887241363,
            "acc": 0.7441
        },
        "129": {
            "loss": 0.7410068523883819,
            "acc": 0.75
        },
        "131": {
            "loss": 0.7335340142250061,
            "acc": 0.7507
        },
        "133": {
            "loss": 0.738097071647644,
            "acc": 0.7457
        },
        "135": {
            "loss": 0.7359010374546051,
            "acc": 0.7457
        },
        "137": {
            "loss": 0.7382972860336303,
            "acc": 0.7527
        },
        "139": {
            "loss": 0.7490985691547394,
            "acc": 0.7496
        },
        "141": {
            "loss": 0.7476127183437348,
            "acc": 0.7528
        },
        "143": {
            "loss": 0.7405921423435211,
            "acc": 0.7542
        },
        "145": {
            "loss": 0.741627231836319,
            "acc": 0.7544
        },
        "147": {
            "loss": 0.7388383710384369,
            "acc": 0.7567
        },
        "149": {
            "loss": 0.7419830048084259,
            "acc": 0.757
        },
        "151": {
            "loss": 0.7293204140663146,
            "acc": 0.7612
        },
        "153": {
            "loss": 0.732641248703003,
            "acc": 0.7613
        },
        "155": {
            "loss": 0.7330171191692352,
            "acc": 0.7622
        },
        "157": {
            "loss": 0.7349633932113647,
            "acc": 0.7614
        },
        "159": {
            "loss": 0.7383197796344757,
            "acc": 0.764
        },
        "161": {
            "loss": 0.7378884673118591,
            "acc": 0.7631
        },
        "163": {
            "loss": 0.7405592095851898,
            "acc": 0.7636
        },
        "165": {
            "loss": 0.7409217500686646,
            "acc": 0.7636
        },
        "167": {
            "loss": 0.7408225750923156,
            "acc": 0.761
        },
        "169": {
            "loss": 0.7447411870956421,
            "acc": 0.7626
        },
        "171": {
            "loss": 0.7430325615406036,
            "acc": 0.7632
        },
        "173": {
            "loss": 0.7456960260868073,
            "acc": 0.765
        },
        "175": {
            "loss": 0.7482614266872406,
            "acc": 0.7647
        },
        "177": {
            "loss": 0.7496611821651459,
            "acc": 0.7639
        },
        "179": {
            "loss": 0.7496776235103607,
            "acc": 0.7622
        },
        "181": {
            "loss": 0.7524793863296508,
            "acc": 0.7643
        },
        "183": {
            "loss": 0.7513232409954071,
            "acc": 0.764
        },
        "185": {
            "loss": 0.7570227372646332,
            "acc": 0.7633
        },
        "187": {
            "loss": 0.7599797701835632,
            "acc": 0.762
        },
        "189": {
            "loss": 0.7599952018260956,
            "acc": 0.7621
        },
        "191": {
            "loss": 0.7596815383434296,
            "acc": 0.7625
        },
        "193": {
            "loss": 0.7624619090557099,
            "acc": 0.7632
        },
        "195": {
            "loss": 0.7677350127696991,
            "acc": 0.7598
        },
        "197": {
            "loss": 0.7637993597984314,
            "acc": 0.7615
        },
        "199": {
            "loss": 0.7655814182758331,
            "acc": 0.7628
        },
        "201": {
            "loss": 0.7639147818088532,
            "acc": 0.7629
        },
        "203": {
            "loss": 0.7643983638286591,
            "acc": 0.763
        },
        "205": {
            "loss": 0.7647618091106415,
            "acc": 0.7631
        },
        "207": {
            "loss": 0.7650277447700501,
            "acc": 0.7633
        },
        "209": {
            "loss": 0.7657415080070495,
            "acc": 0.7622
        },
        "211": {
            "loss": 0.7661281180381775,
            "acc": 0.7626
        },
        "213": {
            "loss": 0.7664641070365906,
            "acc": 0.7621
        },
        "215": {
            "loss": 0.765894911289215,
            "acc": 0.7629
        },
        "217": {
            "loss": 0.7662742328643799,
            "acc": 0.7631
        },
        "219": {
            "loss": 0.7673202061653137,
            "acc": 0.7631
        },
        "221": {
            "loss": 0.7682921743392944,
            "acc": 0.7627
        },
        "223": {
            "loss": 0.7683325791358948,
            "acc": 0.7629
        },
        "225": {
            "loss": 0.7680678057670594,
            "acc": 0.7623
        },
        "227": {
            "loss": 0.768419691324234,
            "acc": 0.762
        },
        "229": {
            "loss": 0.7691286075115203,
            "acc": 0.7623
        },
        "231": {
            "loss": 0.7695853769779205,
            "acc": 0.7619
        },
        "233": {
            "loss": 0.7699109601974488,
            "acc": 0.762
        },
        "235": {
            "loss": 0.7705898523330689,
            "acc": 0.7623
        },
        "237": {
            "loss": 0.7700026869773865,
            "acc": 0.7625
        },
        "239": {
            "loss": 0.7692850172519684,
            "acc": 0.7622
        },
        "241": {
            "loss": 0.769868106842041,
            "acc": 0.7634
        },
        "243": {
            "loss": 0.7703183972835541,
            "acc": 0.7626
        },
        "245": {
            "loss": 0.7710138881206512,
            "acc": 0.7624
        },
        "247": {
            "loss": 0.7715914237499237,
            "acc": 0.7623
        },
        "249": {
            "loss": 0.7720796334743499,
            "acc": 0.7623
        }
    },
    "info": {
        "best_epoch": 173,
        "best_acc": 76.5,
        "n_params": 6554442
    }
}