{
    "train": {
        "0": {
            "loss": 2.0966007047906863,
            "acc": 0.21426
        },
        "1": {
            "loss": 1.6940273262960526,
            "acc": 0.3753
        },
        "2": {
            "loss": 1.5067582029820707,
            "acc": 0.44476
        },
        "3": {
            "loss": 1.3946245890444198,
            "acc": 0.49472
        },
        "4": {
            "loss": 1.3182739745015684,
            "acc": 0.52136
        },
        "5": {
            "loss": 1.2568991047037228,
            "acc": 0.54712
        },
        "6": {
            "loss": 1.2156307701869389,
            "acc": 0.5613
        },
        "7": {
            "loss": 1.183746845063651,
            "acc": 0.57442
        },
        "8": {
            "loss": 1.1480940639820245,
            "acc": 0.58994
        },
        "9": {
            "loss": 1.1239586446596228,
            "acc": 0.5971
        },
        "10": {
            "loss": 1.0933794524053784,
            "acc": 0.60892
        },
        "11": {
            "loss": 1.0719214766226766,
            "acc": 0.61504
        },
        "12": {
            "loss": 1.045684537619276,
            "acc": 0.62634
        },
        "13": {
            "loss": 1.0243991006670705,
            "acc": 0.63468
        },
        "14": {
            "loss": 1.0007550698107162,
            "acc": 0.64248
        },
        "15": {
            "loss": 0.9903580407657282,
            "acc": 0.64602
        },
        "16": {
            "loss": 0.9699831345806951,
            "acc": 0.65328
        },
        "17": {
            "loss": 0.9544463781139735,
            "acc": 0.66058
        },
        "18": {
            "loss": 0.9392652000917499,
            "acc": 0.66646
        },
        "19": {
            "loss": 0.9248827252241657,
            "acc": 0.6694
        },
        "20": {
            "loss": 0.9093773674477091,
            "acc": 0.6757
        },
        "21": {
            "loss": 0.8964274274113843,
            "acc": 0.68008
        },
        "22": {
            "loss": 0.8868608154604197,
            "acc": 0.6826
        },
        "23": {
            "loss": 0.8721797688842734,
            "acc": 0.68844
        },
        "24": {
            "loss": 0.8672396010145202,
            "acc": 0.6919
        },
        "25": {
            "loss": 0.8576529928485451,
            "acc": 0.69506
        },
        "26": {
            "loss": 0.8445133451000809,
            "acc": 0.70012
        },
        "27": {
            "loss": 0.8383518597658943,
            "acc": 0.70284
        },
        "28": {
            "loss": 0.8209716266073535,
            "acc": 0.70584
        },
        "29": {
            "loss": 0.8183643102950757,
            "acc": 0.70734
        },
        "30": {
            "loss": 0.8105744442061695,
            "acc": 0.71166
        },
        "31": {
            "loss": 0.8005918747628741,
            "acc": 0.71432
        },
        "32": {
            "loss": 0.7884923125167027,
            "acc": 0.71672
        },
        "33": {
            "loss": 0.7800293630346313,
            "acc": 0.71966
        },
        "34": {
            "loss": 0.771046765777461,
            "acc": 0.72596
        },
        "35": {
            "loss": 0.7653851537295925,
            "acc": 0.7274
        },
        "36": {
            "loss": 0.761472120919191,
            "acc": 0.72848
        },
        "37": {
            "loss": 0.7510686547250089,
            "acc": 0.73246
        },
        "38": {
            "loss": 0.744217925059521,
            "acc": 0.73624
        },
        "39": {
            "loss": 0.7323418869386853,
            "acc": 0.73856
        },
        "40": {
            "loss": 0.7291512852129729,
            "acc": 0.7385
        },
        "41": {
            "loss": 0.7187740536754393,
            "acc": 0.74116
        },
        "42": {
            "loss": 0.7154788667588587,
            "acc": 0.74492
        },
        "43": {
            "loss": 0.7069926251993155,
            "acc": 0.7493
        },
        "44": {
            "loss": 0.6978464922331789,
            "acc": 0.75166
        },
        "45": {
            "loss": 0.6898305288818486,
            "acc": 0.75302
        },
        "46": {
            "loss": 0.6805488244651834,
            "acc": 0.7571
        },
        "47": {
            "loss": 0.6752237799527395,
            "acc": 0.75608
        },
        "48": {
            "loss": 0.671816533331371,
            "acc": 0.75824
        },
        "49": {
            "loss": 0.6571279979880204,
            "acc": 0.76424
        },
        "50": {
            "loss": 0.65267402718744,
            "acc": 0.7669
        },
        "51": {
            "loss": 0.649729935028364,
            "acc": 0.76784
        },
        "52": {
            "loss": 0.6464952622990474,
            "acc": 0.76906
        },
        "53": {
            "loss": 0.642014001336549,
            "acc": 0.77008
        },
        "54": {
            "loss": 0.6326819837398237,
            "acc": 0.77332
        },
        "55": {
            "loss": 0.6253132417683711,
            "acc": 0.77562
        },
        "56": {
            "loss": 0.6146805678182246,
            "acc": 0.77962
        },
        "57": {
            "loss": 0.6087432490742725,
            "acc": 0.78146
        },
        "58": {
            "loss": 0.6035080659572426,
            "acc": 0.78336
        },
        "59": {
            "loss": 0.5921137483071184,
            "acc": 0.78738
        },
        "60": {
            "loss": 0.5873690130155714,
            "acc": 0.78694
        },
        "61": {
            "loss": 0.5875026406077168,
            "acc": 0.79016
        },
        "62": {
            "loss": 0.5787203927021807,
            "acc": 0.79132
        },
        "63": {
            "loss": 0.5741913371226367,
            "acc": 0.79362
        },
        "64": {
            "loss": 0.5682729799729174,
            "acc": 0.79814
        },
        "65": {
            "loss": 0.5672092472805697,
            "acc": 0.7947
        },
        "66": {
            "loss": 0.5517068112750187,
            "acc": 0.80302
        },
        "67": {
            "loss": 0.5472286703336574,
            "acc": 0.80268
        },
        "68": {
            "loss": 0.5436664662702614,
            "acc": 0.80358
        },
        "69": {
            "loss": 0.5329059397473055,
            "acc": 0.80694
        },
        "70": {
            "loss": 0.5321592030013004,
            "acc": 0.8064
        },
        "71": {
            "loss": 0.525560119496587,
            "acc": 0.81042
        },
        "72": {
            "loss": 0.5237555464210413,
            "acc": 0.8135
        },
        "73": {
            "loss": 0.5082375288314527,
            "acc": 0.81614
        },
        "74": {
            "loss": 0.5144094982567955,
            "acc": 0.81456
        },
        "75": {
            "loss": 0.5021742922265816,
            "acc": 0.82008
        },
        "76": {
            "loss": 0.5005441058779616,
            "acc": 0.81898
        },
        "77": {
            "loss": 0.4931662773232326,
            "acc": 0.82354
        },
        "78": {
            "loss": 0.4827481313892033,
            "acc": 0.82566
        },
        "79": {
            "loss": 0.4836962839679035,
            "acc": 0.82546
        },
        "80": {
            "loss": 0.4813345578091834,
            "acc": 0.82514
        },
        "81": {
            "loss": 0.47163857973140216,
            "acc": 0.82922
        },
        "82": {
            "loss": 0.4727222236525982,
            "acc": 0.83028
        },
        "83": {
            "loss": 0.4629187254649599,
            "acc": 0.83378
        },
        "84": {
            "loss": 0.45531519294699746,
            "acc": 0.83532
        },
        "85": {
            "loss": 0.4530959979957327,
            "acc": 0.83672
        },
        "86": {
            "loss": 0.4506346348606412,
            "acc": 0.83712
        },
        "87": {
            "loss": 0.4451984241795357,
            "acc": 0.84012
        },
        "88": {
            "loss": 0.432952007940968,
            "acc": 0.8446
        },
        "89": {
            "loss": 0.4335650455997423,
            "acc": 0.84468
        },
        "90": {
            "loss": 0.4274459534212756,
            "acc": 0.84554
        },
        "91": {
            "loss": 0.4238872289505151,
            "acc": 0.84724
        },
        "92": {
            "loss": 0.4229131911874122,
            "acc": 0.84774
        },
        "93": {
            "loss": 0.4175885548753202,
            "acc": 0.84764
        },
        "94": {
            "loss": 0.4112892597532638,
            "acc": 0.85212
        },
        "95": {
            "loss": 0.41119197216790043,
            "acc": 0.85272
        },
        "96": {
            "loss": 0.40068043307270235,
            "acc": 0.85516
        },
        "97": {
            "loss": 0.398338523286078,
            "acc": 0.85712
        },
        "98": {
            "loss": 0.3906791435406946,
            "acc": 0.8596
        },
        "99": {
            "loss": 0.3940381490818375,
            "acc": 0.85882
        },
        "100": {
            "loss": 0.29428216624442877,
            "acc": 0.89678
        },
        "101": {
            "loss": 0.2670324533949118,
            "acc": 0.9063
        },
        "102": {
            "loss": 0.25530308721315526,
            "acc": 0.90984
        },
        "103": {
            "loss": 0.24933327138042816,
            "acc": 0.9126
        },
        "104": {
            "loss": 0.23241061597224086,
            "acc": 0.91756
        },
        "105": {
            "loss": 0.22748222867088855,
            "acc": 0.91906
        },
        "106": {
            "loss": 0.22613110330403613,
            "acc": 0.92022
        },
        "107": {
            "loss": 0.2210503974953271,
            "acc": 0.92254
        },
        "108": {
            "loss": 0.2165774144136997,
            "acc": 0.92466
        },
        "109": {
            "loss": 0.2145555920689307,
            "acc": 0.92552
        },
        "110": {
            "loss": 0.2115493485194338,
            "acc": 0.92528
        },
        "111": {
            "loss": 0.20557314959709602,
            "acc": 0.928
        },
        "112": {
            "loss": 0.20479884816100224,
            "acc": 0.9285
        },
        "113": {
            "loss": 0.20419986317377262,
            "acc": 0.92912
        },
        "114": {
            "loss": 0.20252828572488502,
            "acc": 0.929
        },
        "115": {
            "loss": 0.19204130404821748,
            "acc": 0.93358
        },
        "116": {
            "loss": 0.1936319220020338,
            "acc": 0.93124
        },
        "117": {
            "loss": 0.1863715090715062,
            "acc": 0.93404
        },
        "118": {
            "loss": 0.19308063262106512,
            "acc": 0.93366
        },
        "119": {
            "loss": 0.18624887274354315,
            "acc": 0.93482
        },
        "120": {
            "loss": 0.18445691744537304,
            "acc": 0.93398
        },
        "121": {
            "loss": 0.18463180623853298,
            "acc": 0.9342
        },
        "122": {
            "loss": 0.18165767518684384,
            "acc": 0.9367
        },
        "123": {
            "loss": 0.1814918281400905,
            "acc": 0.93634
        },
        "124": {
            "loss": 0.17785213922943605,
            "acc": 0.93742
        },
        "125": {
            "loss": 0.17626100047813048,
            "acc": 0.93806
        },
        "126": {
            "loss": 0.17573471781809616,
            "acc": 0.93806
        },
        "127": {
            "loss": 0.17134714808762835,
            "acc": 0.93954
        },
        "128": {
            "loss": 0.1730649067503412,
            "acc": 0.93982
        },
        "129": {
            "loss": 0.16859082584185978,
            "acc": 0.94118
        },
        "130": {
            "loss": 0.16622089613657778,
            "acc": 0.94222
        },
        "131": {
            "loss": 0.16785236278458324,
            "acc": 0.94066
        },
        "132": {
            "loss": 0.16327418588921236,
            "acc": 0.94288
        },
        "133": {
            "loss": 0.16511147681747557,
            "acc": 0.94186
        },
        "134": {
            "loss": 0.1621530092585727,
            "acc": 0.94374
        },
        "135": {
            "loss": 0.1629635291674253,
            "acc": 0.94458
        },
        "136": {
            "loss": 0.16232498525582312,
            "acc": 0.94362
        },
        "137": {
            "loss": 0.15928083217090658,
            "acc": 0.94402
        },
        "138": {
            "loss": 0.15597105199647376,
            "acc": 0.94618
        },
        "139": {
            "loss": 0.15516889219165153,
            "acc": 0.94504
        },
        "140": {
            "loss": 0.15527097673138693,
            "acc": 0.94566
        },
        "141": {
            "loss": 0.1537928942238431,
            "acc": 0.94588
        },
        "142": {
            "loss": 0.15257714333398567,
            "acc": 0.94638
        },
        "143": {
            "loss": 0.14726647797524167,
            "acc": 0.9484
        },
        "144": {
            "loss": 0.14941190003091112,
            "acc": 0.94782
        },
        "145": {
            "loss": 0.15155646149688365,
            "acc": 0.9469
        },
        "146": {
            "loss": 0.14564890850840323,
            "acc": 0.94864
        },
        "147": {
            "loss": 0.1454393212657298,
            "acc": 0.9498
        },
        "148": {
            "loss": 0.14543822715463844,
            "acc": 0.9482
        },
        "149": {
            "loss": 0.14256581912755661,
            "acc": 0.95056
        },
        "150": {
            "loss": 0.1364676432822214,
            "acc": 0.95322
        },
        "151": {
            "loss": 0.13570849214444686,
            "acc": 0.95276
        },
        "152": {
            "loss": 0.13184833394177733,
            "acc": 0.95464
        },
        "153": {
            "loss": 0.13092988891446072,
            "acc": 0.95522
        },
        "154": {
            "loss": 0.1340080115115246,
            "acc": 0.95404
        },
        "155": {
            "loss": 0.13184426727769016,
            "acc": 0.9549
        },
        "156": {
            "loss": 0.13244282525709217,
            "acc": 0.95472
        },
        "157": {
            "loss": 0.13082268086197735,
            "acc": 0.9551
        },
        "158": {
            "loss": 0.1302019751456845,
            "acc": 0.95502
        },
        "159": {
            "loss": 0.13223457127771415,
            "acc": 0.9544
        },
        "160": {
            "loss": 0.12732916260543076,
            "acc": 0.95606
        },
        "161": {
            "loss": 0.13414865836996556,
            "acc": 0.95338
        },
        "162": {
            "loss": 0.1308837397181241,
            "acc": 0.95512
        },
        "163": {
            "loss": 0.12920916960824785,
            "acc": 0.95538
        },
        "164": {
            "loss": 0.12897271386650214,
            "acc": 0.95516
        },
        "165": {
            "loss": 0.1298886122339217,
            "acc": 0.95554
        },
        "166": {
            "loss": 0.13123889380823012,
            "acc": 0.95422
        },
        "167": {
            "loss": 0.12867694041308234,
            "acc": 0.95608
        },
        "168": {
            "loss": 0.1255280229232043,
            "acc": 0.95604
        },
        "169": {
            "loss": 0.12886550901529123,
            "acc": 0.95558
        },
        "170": {
            "loss": 0.12824405076177528,
            "acc": 0.9572
        },
        "171": {
            "loss": 0.12540104628905005,
            "acc": 0.95624
        },
        "172": {
            "loss": 0.12628577366623733,
            "acc": 0.95634
        },
        "173": {
            "loss": 0.12755641841408236,
            "acc": 0.95618
        },
        "174": {
            "loss": 0.12992837845974262,
            "acc": 0.9559
        },
        "175": {
            "loss": 0.1310603665211774,
            "acc": 0.95422
        },
        "176": {
            "loss": 0.12864390370505088,
            "acc": 0.95636
        },
        "177": {
            "loss": 0.12524170613349855,
            "acc": 0.95622
        },
        "178": {
            "loss": 0.12417062390071656,
            "acc": 0.95796
        },
        "179": {
            "loss": 0.125849452936817,
            "acc": 0.9577
        },
        "180": {
            "loss": 0.12747065860139745,
            "acc": 0.95678
        },
        "181": {
            "loss": 0.12550532076593554,
            "acc": 0.95818
        },
        "182": {
            "loss": 0.13077256034897722,
            "acc": 0.95538
        },
        "183": {
            "loss": 0.12494542084805801,
            "acc": 0.9571
        },
        "184": {
            "loss": 0.12425533546816053,
            "acc": 0.9576
        },
        "185": {
            "loss": 0.12446689476137576,
            "acc": 0.95736
        },
        "186": {
            "loss": 0.12396955324332122,
            "acc": 0.95768
        },
        "187": {
            "loss": 0.1259234451481601,
            "acc": 0.95642
        },
        "188": {
            "loss": 0.12346027017859242,
            "acc": 0.95694
        },
        "189": {
            "loss": 0.1231462622199522,
            "acc": 0.95786
        },
        "190": {
            "loss": 0.12674608600833226,
            "acc": 0.9572
        },
        "191": {
            "loss": 0.12318247671017561,
            "acc": 0.95806
        },
        "192": {
            "loss": 0.12422137992823368,
            "acc": 0.9571
        },
        "193": {
            "loss": 0.12366810391473648,
            "acc": 0.95676
        },
        "194": {
            "loss": 0.1272122239231911,
            "acc": 0.95678
        },
        "195": {
            "loss": 0.12466990108342121,
            "acc": 0.95648
        },
        "196": {
            "loss": 0.12227904586040456,
            "acc": 0.95848
        },
        "197": {
            "loss": 0.12132507505471748,
            "acc": 0.95962
        },
        "198": {
            "loss": 0.12223736427324203,
            "acc": 0.95722
        },
        "199": {
            "loss": 0.12534349769010872,
            "acc": 0.9577
        },
        "200": {
            "loss": 0.1237065103000311,
            "acc": 0.95802
        },
        "201": {
            "loss": 0.1208313011547641,
            "acc": 0.9581
        },
        "202": {
            "loss": 0.1216221919373783,
            "acc": 0.95818
        },
        "203": {
            "loss": 0.12171286183511815,
            "acc": 0.95834
        },
        "204": {
            "loss": 0.12417318602390301,
            "acc": 0.957
        },
        "205": {
            "loss": 0.12228042380812833,
            "acc": 0.95792
        },
        "206": {
            "loss": 0.12015681761457488,
            "acc": 0.95832
        },
        "207": {
            "loss": 0.1210754117392518,
            "acc": 0.95896
        },
        "208": {
            "loss": 0.12114231292244114,
            "acc": 0.95968
        },
        "209": {
            "loss": 0.12100583093855387,
            "acc": 0.95866
        },
        "210": {
            "loss": 0.1237286572890056,
            "acc": 0.95812
        },
        "211": {
            "loss": 0.11970115048081978,
            "acc": 0.95946
        },
        "212": {
            "loss": 0.12244965864912323,
            "acc": 0.95814
        },
        "213": {
            "loss": 0.12317197819423797,
            "acc": 0.9581
        },
        "214": {
            "loss": 0.12423147432639471,
            "acc": 0.95804
        },
        "215": {
            "loss": 0.12512617419137978,
            "acc": 0.95724
        },
        "216": {
            "loss": 0.11765854312178424,
            "acc": 0.96002
        },
        "217": {
            "loss": 0.11993572904783137,
            "acc": 0.95936
        },
        "218": {
            "loss": 0.1209565660418452,
            "acc": 0.95922
        },
        "219": {
            "loss": 0.12107603062334878,
            "acc": 0.95824
        },
        "220": {
            "loss": 0.11913618681680821,
            "acc": 0.95918
        },
        "221": {
            "loss": 0.12220152304567339,
            "acc": 0.95834
        },
        "222": {
            "loss": 0.11894167818681663,
            "acc": 0.95958
        },
        "223": {
            "loss": 0.12291682606844036,
            "acc": 0.95852
        },
        "224": {
            "loss": 0.12066209506805596,
            "acc": 0.95932
        },
        "225": {
            "loss": 0.122636976849545,
            "acc": 0.95734
        },
        "226": {
            "loss": 0.1193846857837399,
            "acc": 0.9606
        },
        "227": {
            "loss": 0.12201538707708459,
            "acc": 0.95718
        },
        "228": {
            "loss": 0.11979159681350374,
            "acc": 0.95974
        },
        "229": {
            "loss": 0.11827307358346022,
            "acc": 0.95986
        },
        "230": {
            "loss": 0.11674339884458601,
            "acc": 0.96104
        },
        "231": {
            "loss": 0.12250244506942037,
            "acc": 0.95894
        },
        "232": {
            "loss": 0.12108359668794495,
            "acc": 0.95814
        },
        "233": {
            "loss": 0.12206226358633213,
            "acc": 0.95844
        },
        "234": {
            "loss": 0.12142619281969107,
            "acc": 0.9587
        },
        "235": {
            "loss": 0.12180315719350525,
            "acc": 0.95872
        },
        "236": {
            "loss": 0.1190821166290804,
            "acc": 0.95878
        },
        "237": {
            "loss": 0.12365094640904375,
            "acc": 0.95758
        },
        "238": {
            "loss": 0.12212802394462363,
            "acc": 0.9584
        },
        "239": {
            "loss": 0.11503785904830374,
            "acc": 0.96042
        },
        "240": {
            "loss": 0.11820115735444724,
            "acc": 0.96024
        },
        "241": {
            "loss": 0.12422367395914119,
            "acc": 0.958
        },
        "242": {
            "loss": 0.11891816192499512,
            "acc": 0.96042
        },
        "243": {
            "loss": 0.11838587242014267,
            "acc": 0.95958
        },
        "244": {
            "loss": 0.12087174218214686,
            "acc": 0.95918
        },
        "245": {
            "loss": 0.11804718090711958,
            "acc": 0.95962
        },
        "246": {
            "loss": 0.12263057067456758,
            "acc": 0.9578
        },
        "247": {
            "loss": 0.12265577696054183,
            "acc": 0.95818
        },
        "248": {
            "loss": 0.12175410129415715,
            "acc": 0.95708
        },
        "249": {
            "loss": 0.12132426477073098,
            "acc": 0.95874
        }
    },
    "test": {
        "0": {
            "loss": 1.8238064956665039,
            "acc": 0.3265
        },
        "1": {
            "loss": 1.5171798467636108,
            "acc": 0.4421
        },
        "3": {
            "loss": 1.2926079440116882,
            "acc": 0.5334
        },
        "5": {
            "loss": 1.1853461861610413,
            "acc": 0.5721
        },
        "7": {
            "loss": 1.1069728803634644,
            "acc": 0.5978
        },
        "9": {
            "loss": 1.0620248222351074,
            "acc": 0.6212
        },
        "11": {
            "loss": 1.0064308822155,
            "acc": 0.6384
        },
        "13": {
            "loss": 0.9791085696220398,
            "acc": 0.6483
        },
        "15": {
            "loss": 0.9951396918296814,
            "acc": 0.6462
        },
        "17": {
            "loss": 0.9531690609455109,
            "acc": 0.6607
        },
        "19": {
            "loss": 0.9656533753871918,
            "acc": 0.6685
        },
        "21": {
            "loss": 0.9032538366317749,
            "acc": 0.6781
        },
        "23": {
            "loss": 0.8971677160263062,
            "acc": 0.6775
        },
        "25": {
            "loss": 0.8851329839229584,
            "acc": 0.6899
        },
        "27": {
            "loss": 0.8736369681358337,
            "acc": 0.6876
        },
        "29": {
            "loss": 0.9032335102558136,
            "acc": 0.6815
        },
        "31": {
            "loss": 0.849473408460617,
            "acc": 0.7035
        },
        "33": {
            "loss": 0.8546802496910095,
            "acc": 0.699
        },
        "35": {
            "loss": 0.8426272201538086,
            "acc": 0.7048
        },
        "37": {
            "loss": 0.8289630055427551,
            "acc": 0.7158
        },
        "39": {
            "loss": 0.8317947340011597,
            "acc": 0.7127
        },
        "41": {
            "loss": 0.8361274290084839,
            "acc": 0.7086
        },
        "43": {
            "loss": 0.8561910331249237,
            "acc": 0.7036
        },
        "45": {
            "loss": 0.8553390896320343,
            "acc": 0.7117
        },
        "47": {
            "loss": 0.8764687168598175,
            "acc": 0.7001
        },
        "49": {
            "loss": 0.8697847759723664,
            "acc": 0.7042
        },
        "51": {
            "loss": 0.8470537412166596,
            "acc": 0.7134
        },
        "53": {
            "loss": 0.9001091623306274,
            "acc": 0.6965
        },
        "55": {
            "loss": 0.843962619304657,
            "acc": 0.7114
        },
        "57": {
            "loss": 0.8398310816287995,
            "acc": 0.7213
        },
        "59": {
            "loss": 0.8544334721565247,
            "acc": 0.713
        },
        "61": {
            "loss": 0.8587009179592132,
            "acc": 0.7202
        },
        "63": {
            "loss": 0.8482760691642761,
            "acc": 0.712
        },
        "65": {
            "loss": 0.8688106536865234,
            "acc": 0.7142
        },
        "67": {
            "loss": 0.8812741172313691,
            "acc": 0.7157
        },
        "69": {
            "loss": 0.907849063873291,
            "acc": 0.7104
        },
        "71": {
            "loss": 0.8882747483253479,
            "acc": 0.7144
        },
        "73": {
            "loss": 0.9051405215263366,
            "acc": 0.713
        },
        "75": {
            "loss": 0.9005409383773804,
            "acc": 0.7102
        },
        "77": {
            "loss": 0.9119790291786194,
            "acc": 0.7089
        },
        "79": {
            "loss": 0.9009069108963013,
            "acc": 0.713
        },
        "81": {
            "loss": 0.9457372486591339,
            "acc": 0.7077
        },
        "83": {
            "loss": 0.9810674285888672,
            "acc": 0.7071
        },
        "85": {
            "loss": 0.9638077688217163,
            "acc": 0.7091
        },
        "87": {
            "loss": 0.9540131103992462,
            "acc": 0.7092
        },
        "89": {
            "loss": 0.9822990703582763,
            "acc": 0.7079
        },
        "91": {
            "loss": 0.9803707122802734,
            "acc": 0.705
        },
        "93": {
            "loss": 0.9934469580650329,
            "acc": 0.7107
        },
        "95": {
            "loss": 1.0014459133148192,
            "acc": 0.712
        },
        "97": {
            "loss": 1.0506312906742097,
            "acc": 0.7046
        },
        "99": {
            "loss": 1.0344205069541932,
            "acc": 0.7018
        },
        "101": {
            "loss": 1.0167678892612457,
            "acc": 0.7242
        },
        "103": {
            "loss": 1.0343149769306184,
            "acc": 0.726
        },
        "105": {
            "loss": 1.0498455560207367,
            "acc": 0.7244
        },
        "107": {
            "loss": 1.076476309299469,
            "acc": 0.7255
        },
        "109": {
            "loss": 1.073350613117218,
            "acc": 0.7284
        },
        "111": {
            "loss": 1.092854279279709,
            "acc": 0.7251
        },
        "113": {
            "loss": 1.1018140196800232,
            "acc": 0.7248
        },
        "115": {
            "loss": 1.1153552412986756,
            "acc": 0.7283
        },
        "117": {
            "loss": 1.1116067361831665,
            "acc": 0.7288
        },
        "119": {
            "loss": 1.1239964485168457,
            "acc": 0.7272
        },
        "121": {
            "loss": 1.1321019637584686,
            "acc": 0.726
        },
        "123": {
            "loss": 1.1447924494743347,
            "acc": 0.7251
        },
        "125": {
            "loss": 1.1593945801258088,
            "acc": 0.7276
        },
        "127": {
            "loss": 1.170048315525055,
            "acc": 0.7253
        },
        "129": {
            "loss": 1.1714767944812774,
            "acc": 0.7254
        },
        "131": {
            "loss": 1.1741300892829896,
            "acc": 0.7266
        },
        "133": {
            "loss": 1.194792205095291,
            "acc": 0.7254
        },
        "135": {
            "loss": 1.2013986694812775,
            "acc": 0.7256
        },
        "137": {
            "loss": 1.1975988709926606,
            "acc": 0.725
        },
        "139": {
            "loss": 1.2058599042892455,
            "acc": 0.7265
        },
        "141": {
            "loss": 1.217108165025711,
            "acc": 0.7257
        },
        "143": {
            "loss": 1.2149564671516417,
            "acc": 0.7246
        },
        "145": {
            "loss": 1.2277395689487458,
            "acc": 0.7223
        },
        "147": {
            "loss": 1.2294008791446687,
            "acc": 0.7252
        },
        "149": {
            "loss": 1.2331001889705657,
            "acc": 0.7246
        },
        "151": {
            "loss": 1.2275644481182098,
            "acc": 0.7273
        },
        "153": {
            "loss": 1.2315649473667145,
            "acc": 0.7283
        },
        "155": {
            "loss": 1.2310130763053895,
            "acc": 0.7281
        },
        "157": {
            "loss": 1.2345347547531127,
            "acc": 0.7276
        },
        "159": {
            "loss": 1.2345071291923524,
            "acc": 0.7288
        },
        "161": {
            "loss": 1.2361805212497712,
            "acc": 0.7289
        },
        "163": {
            "loss": 1.2394215035438538,
            "acc": 0.7275
        },
        "165": {
            "loss": 1.239526753425598,
            "acc": 0.7274
        },
        "167": {
            "loss": 1.2399626421928405,
            "acc": 0.7276
        },
        "169": {
            "loss": 1.242465444803238,
            "acc": 0.7278
        },
        "171": {
            "loss": 1.245339150428772,
            "acc": 0.7273
        },
        "173": {
            "loss": 1.2461366438865662,
            "acc": 0.7276
        },
        "175": {
            "loss": 1.2454053962230682,
            "acc": 0.7276
        },
        "177": {
            "loss": 1.246704286336899,
            "acc": 0.7274
        },
        "179": {
            "loss": 1.250216988325119,
            "acc": 0.7277
        },
        "181": {
            "loss": 1.2496407401561738,
            "acc": 0.7285
        },
        "183": {
            "loss": 1.249544929265976,
            "acc": 0.7287
        },
        "185": {
            "loss": 1.2508512699604035,
            "acc": 0.7292
        },
        "187": {
            "loss": 1.2544532823562622,
            "acc": 0.7281
        },
        "189": {
            "loss": 1.2527769911289215,
            "acc": 0.7285
        },
        "191": {
            "loss": 1.258191350698471,
            "acc": 0.728
        },
        "193": {
            "loss": 1.2565826785564422,
            "acc": 0.7277
        },
        "195": {
            "loss": 1.2587586987018584,
            "acc": 0.7271
        },
        "197": {
            "loss": 1.2635594701766968,
            "acc": 0.7283
        },
        "199": {
            "loss": 1.258519344329834,
            "acc": 0.7284
        },
        "201": {
            "loss": 1.2582473623752595,
            "acc": 0.728
        },
        "203": {
            "loss": 1.258714522123337,
            "acc": 0.7287
        },
        "205": {
            "loss": 1.258666112422943,
            "acc": 0.7296
        },
        "207": {
            "loss": 1.259477561712265,
            "acc": 0.7293
        },
        "209": {
            "loss": 1.2597131276130675,
            "acc": 0.7288
        },
        "211": {
            "loss": 1.260368481874466,
            "acc": 0.7293
        },
        "213": {
            "loss": 1.259713840484619,
            "acc": 0.7285
        },
        "215": {
            "loss": 1.2587425661087037,
            "acc": 0.7288
        },
        "217": {
            "loss": 1.2597552144527435,
            "acc": 0.7284
        },
        "219": {
            "loss": 1.2599581682682037,
            "acc": 0.7288
        },
        "221": {
            "loss": 1.2601864850521087,
            "acc": 0.7287
        },
        "223": {
            "loss": 1.2595169532299042,
            "acc": 0.7285
        },
        "225": {
            "loss": 1.2600379085540772,
            "acc": 0.7282
        },
        "227": {
            "loss": 1.2601728451251983,
            "acc": 0.7282
        },
        "229": {
            "loss": 1.2599829041957855,
            "acc": 0.7281
        },
        "231": {
            "loss": 1.260233051776886,
            "acc": 0.7283
        },
        "233": {
            "loss": 1.260329496860504,
            "acc": 0.7278
        },
        "235": {
            "loss": 1.259999349117279,
            "acc": 0.7277
        },
        "237": {
            "loss": 1.2601894986629487,
            "acc": 0.7286
        },
        "239": {
            "loss": 1.260929651260376,
            "acc": 0.7284
        },
        "241": {
            "loss": 1.2608056449890137,
            "acc": 0.7283
        },
        "243": {
            "loss": 1.26173304438591,
            "acc": 0.7285
        },
        "245": {
            "loss": 1.2618286871910096,
            "acc": 0.7282
        },
        "247": {
            "loss": 1.2614236128330232,
            "acc": 0.7284
        },
        "249": {
            "loss": 1.2619386422634125,
            "acc": 0.7278
        }
    },
    "info": {
        "best_epoch": 205,
        "best_acc": 72.96,
        "n_params": 2254154
    }
}