{
    "train": {
        "0": {
            "loss": 2.059939367691879,
            "acc": 0.20292
        },
        "1": {
            "loss": 1.6331544279137535,
            "acc": 0.39604
        },
        "2": {
            "loss": 1.4516785303345117,
            "acc": 0.47588
        },
        "3": {
            "loss": 1.3488533815459522,
            "acc": 0.51874
        },
        "4": {
            "loss": 1.2989133581176133,
            "acc": 0.54408
        },
        "5": {
            "loss": 1.2536073450542167,
            "acc": 0.56158
        },
        "6": {
            "loss": 1.2255097633737433,
            "acc": 0.57548
        },
        "7": {
            "loss": 1.2045727808152318,
            "acc": 0.58698
        },
        "8": {
            "loss": 1.1890405346365536,
            "acc": 0.59064
        },
        "9": {
            "loss": 1.1747169061694913,
            "acc": 0.60112
        },
        "10": {
            "loss": 1.1709481867987785,
            "acc": 0.60172
        },
        "11": {
            "loss": 1.153708546820199,
            "acc": 0.60816
        },
        "12": {
            "loss": 1.1505461333657774,
            "acc": 0.61346
        },
        "13": {
            "loss": 1.1538281256280591,
            "acc": 0.61042
        },
        "14": {
            "loss": 1.147955260770705,
            "acc": 0.61506
        },
        "15": {
            "loss": 1.1489377401369003,
            "acc": 0.61662
        },
        "16": {
            "loss": 1.1473737584660426,
            "acc": 0.61716
        },
        "17": {
            "loss": 1.1405953432592895,
            "acc": 0.61818
        },
        "18": {
            "loss": 1.1532077601803539,
            "acc": 0.61604
        },
        "19": {
            "loss": 1.1456074496669233,
            "acc": 0.61908
        },
        "20": {
            "loss": 1.142606679131003,
            "acc": 0.61932
        },
        "21": {
            "loss": 1.156407483093574,
            "acc": 0.61444
        },
        "22": {
            "loss": 1.154151912235543,
            "acc": 0.61794
        },
        "23": {
            "loss": 1.158890166855834,
            "acc": 0.61368
        },
        "24": {
            "loss": 1.155258679328977,
            "acc": 0.61924
        },
        "25": {
            "loss": 1.1417686625209915,
            "acc": 0.61918
        },
        "26": {
            "loss": 1.1502658329961244,
            "acc": 0.61984
        },
        "27": {
            "loss": 1.163737534714477,
            "acc": 0.61258
        },
        "28": {
            "loss": 1.1626484290413235,
            "acc": 0.61568
        },
        "29": {
            "loss": 1.1538262733108247,
            "acc": 0.61842
        },
        "30": {
            "loss": 1.1639481378943108,
            "acc": 0.61392
        },
        "31": {
            "loss": 1.165520382201885,
            "acc": 0.61602
        },
        "32": {
            "loss": 1.1653255655637482,
            "acc": 0.61642
        },
        "33": {
            "loss": 1.1840544614340642,
            "acc": 0.60876
        },
        "34": {
            "loss": 1.1741220059297275,
            "acc": 0.6144
        },
        "35": {
            "loss": 1.1700917497620253,
            "acc": 0.61896
        },
        "36": {
            "loss": 1.1697690268916547,
            "acc": 0.61962
        },
        "37": {
            "loss": 1.1574826815244181,
            "acc": 0.62122
        },
        "38": {
            "loss": 1.1519218654278904,
            "acc": 0.62262
        },
        "39": {
            "loss": 1.15105106108024,
            "acc": 0.62356
        },
        "40": {
            "loss": 1.1666706672409917,
            "acc": 0.6165
        },
        "41": {
            "loss": 1.1480494800126155,
            "acc": 0.62556
        },
        "42": {
            "loss": 1.1599424953960702,
            "acc": 0.61898
        },
        "43": {
            "loss": 1.160409296412602,
            "acc": 0.62142
        },
        "44": {
            "loss": 1.167583953541563,
            "acc": 0.61864
        },
        "45": {
            "loss": 1.15587011825703,
            "acc": 0.6224
        },
        "46": {
            "loss": 1.1481054379507099,
            "acc": 0.6267
        },
        "47": {
            "loss": 1.1566179025813441,
            "acc": 0.62072
        },
        "48": {
            "loss": 1.148148308324692,
            "acc": 0.62514
        },
        "49": {
            "loss": 1.1459848860950421,
            "acc": 0.62404
        },
        "50": {
            "loss": 1.1482715967975918,
            "acc": 0.62484
        },
        "51": {
            "loss": 1.1383663815305667,
            "acc": 0.62694
        },
        "52": {
            "loss": 1.1529414162916296,
            "acc": 0.62302
        },
        "53": {
            "loss": 1.135695496178649,
            "acc": 0.62814
        },
        "54": {
            "loss": 1.1397881356956403,
            "acc": 0.62718
        },
        "55": {
            "loss": 1.1534960994025325,
            "acc": 0.6236
        },
        "56": {
            "loss": 1.149324799132774,
            "acc": 0.62736
        },
        "57": {
            "loss": 1.1430787172768733,
            "acc": 0.62678
        },
        "58": {
            "loss": 1.1305085775797323,
            "acc": 0.63282
        },
        "59": {
            "loss": 1.1327650268059557,
            "acc": 0.6335
        },
        "60": {
            "loss": 1.1296288319255994,
            "acc": 0.63208
        },
        "61": {
            "loss": 1.1252440064764389,
            "acc": 0.6314
        },
        "62": {
            "loss": 1.128221810931135,
            "acc": 0.6338
        },
        "63": {
            "loss": 1.1341603645278364,
            "acc": 0.62976
        },
        "64": {
            "loss": 1.1154550778896302,
            "acc": 0.63726
        },
        "65": {
            "loss": 1.1356246332683222,
            "acc": 0.63022
        },
        "66": {
            "loss": 1.123043672507986,
            "acc": 0.63186
        },
        "67": {
            "loss": 1.1182697426022776,
            "acc": 0.6361
        },
        "68": {
            "loss": 1.1224934946545555,
            "acc": 0.63472
        },
        "69": {
            "loss": 1.1391016199155841,
            "acc": 0.62882
        },
        "70": {
            "loss": 1.1243276239356117,
            "acc": 0.63588
        },
        "71": {
            "loss": 1.1332503124271207,
            "acc": 0.63236
        },
        "72": {
            "loss": 1.1255651281008026,
            "acc": 0.63308
        },
        "73": {
            "loss": 1.127630397029545,
            "acc": 0.6339
        },
        "74": {
            "loss": 1.1199824159102671,
            "acc": 0.63736
        },
        "75": {
            "loss": 1.1105570204727484,
            "acc": 0.63832
        },
        "76": {
            "loss": 1.1093571801929523,
            "acc": 0.6411
        },
        "77": {
            "loss": 1.1170050175598516,
            "acc": 0.63696
        },
        "78": {
            "loss": 1.1099908412874813,
            "acc": 0.6378
        },
        "79": {
            "loss": 1.115434556513491,
            "acc": 0.6362
        },
        "80": {
            "loss": 1.11259181755583,
            "acc": 0.6387
        },
        "81": {
            "loss": 1.114331775918946,
            "acc": 0.6386
        },
        "82": {
            "loss": 1.117026504348306,
            "acc": 0.63802
        },
        "83": {
            "loss": 1.1193960184026557,
            "acc": 0.6355
        },
        "84": {
            "loss": 1.1168729858020383,
            "acc": 0.63656
        },
        "85": {
            "loss": 1.106291762093449,
            "acc": 0.63638
        },
        "86": {
            "loss": 1.1125744462318128,
            "acc": 0.64038
        },
        "87": {
            "loss": 1.1109710076580877,
            "acc": 0.63832
        },
        "88": {
            "loss": 1.0992363848344748,
            "acc": 0.64422
        },
        "89": {
            "loss": 1.1060074223276903,
            "acc": 0.63994
        },
        "90": {
            "loss": 1.1083840880247637,
            "acc": 0.6384
        },
        "91": {
            "loss": 1.1219097767644526,
            "acc": 0.63728
        },
        "92": {
            "loss": 1.1124738805434282,
            "acc": 0.63906
        },
        "93": {
            "loss": 1.1168056772188153,
            "acc": 0.6355
        },
        "94": {
            "loss": 1.123377511111062,
            "acc": 0.63672
        },
        "95": {
            "loss": 1.1164707132922413,
            "acc": 0.63648
        },
        "96": {
            "loss": 1.1048215575840161,
            "acc": 0.63792
        },
        "97": {
            "loss": 1.1066169491814226,
            "acc": 0.64438
        },
        "98": {
            "loss": 1.1067563796897069,
            "acc": 0.64016
        },
        "99": {
            "loss": 1.108642332236785,
            "acc": 0.63836
        },
        "100": {
            "loss": 0.8997856578253725,
            "acc": 0.70354
        },
        "101": {
            "loss": 0.8260017767586671,
            "acc": 0.7226
        },
        "102": {
            "loss": 0.7978164419493712,
            "acc": 0.73014
        },
        "103": {
            "loss": 0.779407021334714,
            "acc": 0.7362
        },
        "104": {
            "loss": 0.7622995861351033,
            "acc": 0.74178
        },
        "105": {
            "loss": 0.750728304581264,
            "acc": 0.7446
        },
        "106": {
            "loss": 0.7384658974149952,
            "acc": 0.74742
        },
        "107": {
            "loss": 0.7310929478281905,
            "acc": 0.75086
        },
        "108": {
            "loss": 0.7185776919660056,
            "acc": 0.75224
        },
        "109": {
            "loss": 0.7117515787901476,
            "acc": 0.75394
        },
        "110": {
            "loss": 0.7050489690297704,
            "acc": 0.757
        },
        "111": {
            "loss": 0.6960926240362475,
            "acc": 0.76016
        },
        "112": {
            "loss": 0.6855731460139575,
            "acc": 0.763
        },
        "113": {
            "loss": 0.6768238895079669,
            "acc": 0.76366
        },
        "114": {
            "loss": 0.676176706543359,
            "acc": 0.7675
        },
        "115": {
            "loss": 0.6628960355011093,
            "acc": 0.77036
        },
        "116": {
            "loss": 0.6633656168990123,
            "acc": 0.76962
        },
        "117": {
            "loss": 0.6557355355423735,
            "acc": 0.7701
        },
        "118": {
            "loss": 0.6458938298627849,
            "acc": 0.77286
        },
        "119": {
            "loss": 0.6402422652372619,
            "acc": 0.7755
        },
        "120": {
            "loss": 0.634142318649975,
            "acc": 0.77718
        },
        "121": {
            "loss": 0.6323410222292556,
            "acc": 0.77904
        },
        "122": {
            "loss": 0.6217057481598671,
            "acc": 0.78186
        },
        "123": {
            "loss": 0.616640996292729,
            "acc": 0.78394
        },
        "124": {
            "loss": 0.6140815147658443,
            "acc": 0.78536
        },
        "125": {
            "loss": 0.6068597022834641,
            "acc": 0.78818
        },
        "126": {
            "loss": 0.6036886695553275,
            "acc": 0.78632
        },
        "127": {
            "loss": 0.5958956625607922,
            "acc": 0.78956
        },
        "128": {
            "loss": 0.5875597658669552,
            "acc": 0.79396
        },
        "129": {
            "loss": 0.5886098988678145,
            "acc": 0.79192
        },
        "130": {
            "loss": 0.5816037892685522,
            "acc": 0.7928
        },
        "131": {
            "loss": 0.5734398566243594,
            "acc": 0.79704
        },
        "132": {
            "loss": 0.5748219217180901,
            "acc": 0.7961
        },
        "133": {
            "loss": 0.568286947582079,
            "acc": 0.79922
        },
        "134": {
            "loss": 0.5608851273193993,
            "acc": 0.80096
        },
        "135": {
            "loss": 0.5547139277238675,
            "acc": 0.8043
        },
        "136": {
            "loss": 0.5581510544128125,
            "acc": 0.80268
        },
        "137": {
            "loss": 0.5457207237363166,
            "acc": 0.8048
        },
        "138": {
            "loss": 0.5405708507198812,
            "acc": 0.80762
        },
        "139": {
            "loss": 0.5375966044033275,
            "acc": 0.80836
        },
        "140": {
            "loss": 0.5310956270188627,
            "acc": 0.81046
        },
        "141": {
            "loss": 0.5283566227806803,
            "acc": 0.81198
        },
        "142": {
            "loss": 0.5187104505193812,
            "acc": 0.81558
        },
        "143": {
            "loss": 0.5201063560098028,
            "acc": 0.81662
        },
        "144": {
            "loss": 0.5116445013629202,
            "acc": 0.81796
        },
        "145": {
            "loss": 0.5080384185247104,
            "acc": 0.81942
        },
        "146": {
            "loss": 0.5021337300462796,
            "acc": 0.8194
        },
        "147": {
            "loss": 0.5035511503744003,
            "acc": 0.82112
        },
        "148": {
            "loss": 0.49414499142133367,
            "acc": 0.82406
        },
        "149": {
            "loss": 0.4942999567522112,
            "acc": 0.82374
        },
        "150": {
            "loss": 0.4605849247301936,
            "acc": 0.83546
        },
        "151": {
            "loss": 0.4450434343436795,
            "acc": 0.84148
        },
        "152": {
            "loss": 0.4462193419104037,
            "acc": 0.8406
        },
        "153": {
            "loss": 0.4429173991655755,
            "acc": 0.8415
        },
        "154": {
            "loss": 0.43756829933894564,
            "acc": 0.84336
        },
        "155": {
            "loss": 0.4352898573326638,
            "acc": 0.84452
        },
        "156": {
            "loss": 0.43252629068349024,
            "acc": 0.8448
        },
        "157": {
            "loss": 0.4297121182045973,
            "acc": 0.84546
        },
        "158": {
            "loss": 0.4303800177086345,
            "acc": 0.84652
        },
        "159": {
            "loss": 0.4292667161320786,
            "acc": 0.84604
        },
        "160": {
            "loss": 0.4261185854597165,
            "acc": 0.84704
        },
        "161": {
            "loss": 0.42117106285698885,
            "acc": 0.84836
        },
        "162": {
            "loss": 0.4246008243707135,
            "acc": 0.84714
        },
        "163": {
            "loss": 0.4209241178791846,
            "acc": 0.84866
        },
        "164": {
            "loss": 0.41648250924961644,
            "acc": 0.8499
        },
        "165": {
            "loss": 0.4181634866444351,
            "acc": 0.84844
        },
        "166": {
            "loss": 0.41972094941931914,
            "acc": 0.8485
        },
        "167": {
            "loss": 0.41737851904481266,
            "acc": 0.84908
        },
        "168": {
            "loss": 0.41374636767313,
            "acc": 0.8511
        },
        "169": {
            "loss": 0.41354273614066334,
            "acc": 0.85072
        },
        "170": {
            "loss": 0.4096053714108894,
            "acc": 0.85476
        },
        "171": {
            "loss": 0.40716600143696036,
            "acc": 0.85364
        },
        "172": {
            "loss": 0.4039244088904022,
            "acc": 0.8554
        },
        "173": {
            "loss": 0.4098318146394037,
            "acc": 0.8532
        },
        "174": {
            "loss": 0.4053661788211149,
            "acc": 0.85302
        },
        "175": {
            "loss": 0.40592778155870757,
            "acc": 0.85428
        },
        "176": {
            "loss": 0.4078180217910606,
            "acc": 0.85324
        },
        "177": {
            "loss": 0.40346544249283384,
            "acc": 0.85516
        },
        "178": {
            "loss": 0.4031250814495184,
            "acc": 0.85504
        },
        "179": {
            "loss": 0.4003545589687879,
            "acc": 0.85564
        },
        "180": {
            "loss": 0.3984223763503687,
            "acc": 0.85684
        },
        "181": {
            "loss": 0.40138089260481813,
            "acc": 0.8545
        },
        "182": {
            "loss": 0.39437012709772495,
            "acc": 0.85778
        },
        "183": {
            "loss": 0.4000739346989585,
            "acc": 0.85508
        },
        "184": {
            "loss": 0.4006641881011636,
            "acc": 0.85604
        },
        "185": {
            "loss": 0.39509929407892935,
            "acc": 0.85748
        },
        "186": {
            "loss": 0.3968825512529944,
            "acc": 0.85758
        },
        "187": {
            "loss": 0.39028638022025225,
            "acc": 0.85864
        },
        "188": {
            "loss": 0.39059865627142476,
            "acc": 0.8603
        },
        "189": {
            "loss": 0.38800981686548197,
            "acc": 0.85964
        },
        "190": {
            "loss": 0.38368521299203645,
            "acc": 0.86148
        },
        "191": {
            "loss": 0.38836851803695455,
            "acc": 0.86162
        },
        "192": {
            "loss": 0.3872721284780356,
            "acc": 0.8603
        },
        "193": {
            "loss": 0.39011985753350853,
            "acc": 0.86004
        },
        "194": {
            "loss": 0.3828984304233585,
            "acc": 0.86166
        },
        "195": {
            "loss": 0.38457765474038963,
            "acc": 0.86154
        },
        "196": {
            "loss": 0.38453467537070174,
            "acc": 0.86062
        },
        "197": {
            "loss": 0.3790555226680873,
            "acc": 0.8632
        },
        "198": {
            "loss": 0.37815560598660003,
            "acc": 0.86346
        },
        "199": {
            "loss": 0.3762617478590182,
            "acc": 0.8635
        },
        "200": {
            "loss": 0.37255839973002136,
            "acc": 0.8635
        },
        "201": {
            "loss": 0.3725763123739711,
            "acc": 0.86754
        },
        "202": {
            "loss": 0.37607179448732636,
            "acc": 0.8648
        },
        "203": {
            "loss": 0.37375798703307084,
            "acc": 0.86412
        },
        "204": {
            "loss": 0.36959125806608467,
            "acc": 0.8663
        },
        "205": {
            "loss": 0.3738135949272634,
            "acc": 0.86556
        },
        "206": {
            "loss": 0.37788351204084314,
            "acc": 0.86458
        },
        "207": {
            "loss": 0.37010089927317236,
            "acc": 0.86646
        },
        "208": {
            "loss": 0.36911647277110066,
            "acc": 0.866
        },
        "209": {
            "loss": 0.36773028413353065,
            "acc": 0.86692
        },
        "210": {
            "loss": 0.3673307980646563,
            "acc": 0.8664
        },
        "211": {
            "loss": 0.3690830296491418,
            "acc": 0.86664
        },
        "212": {
            "loss": 0.367919897331911,
            "acc": 0.86752
        },
        "213": {
            "loss": 0.37089374928218327,
            "acc": 0.86428
        },
        "214": {
            "loss": 0.3735555149328983,
            "acc": 0.86616
        },
        "215": {
            "loss": 0.3671348240521863,
            "acc": 0.86956
        },
        "216": {
            "loss": 0.36987249781865905,
            "acc": 0.8664
        },
        "217": {
            "loss": 0.36794175897412895,
            "acc": 0.8673
        },
        "218": {
            "loss": 0.3691144671357806,
            "acc": 0.86572
        },
        "219": {
            "loss": 0.3652852599120811,
            "acc": 0.86866
        },
        "220": {
            "loss": 0.37102638604238514,
            "acc": 0.86522
        },
        "221": {
            "loss": 0.3705842103570928,
            "acc": 0.86626
        },
        "222": {
            "loss": 0.3701195254197816,
            "acc": 0.8662
        },
        "223": {
            "loss": 0.37312444792988964,
            "acc": 0.864
        },
        "224": {
            "loss": 0.3686025645726782,
            "acc": 0.86632
        },
        "225": {
            "loss": 0.3679564968323159,
            "acc": 0.86778
        },
        "226": {
            "loss": 0.37259735330901184,
            "acc": 0.86528
        },
        "227": {
            "loss": 0.3674440700608446,
            "acc": 0.8688
        },
        "228": {
            "loss": 0.36845637427266603,
            "acc": 0.8679
        },
        "229": {
            "loss": 0.37019239049738323,
            "acc": 0.86632
        },
        "230": {
            "loss": 0.36831340502442605,
            "acc": 0.86706
        },
        "231": {
            "loss": 0.36552092882678333,
            "acc": 0.86696
        },
        "232": {
            "loss": 0.36778895926597477,
            "acc": 0.86916
        },
        "233": {
            "loss": 0.3713374188184128,
            "acc": 0.86654
        },
        "234": {
            "loss": 0.3709085294810098,
            "acc": 0.8659
        },
        "235": {
            "loss": 0.3676869596361809,
            "acc": 0.86742
        },
        "236": {
            "loss": 0.3652302780191002,
            "acc": 0.86848
        },
        "237": {
            "loss": 0.36837963885663416,
            "acc": 0.86642
        },
        "238": {
            "loss": 0.3703641330113496,
            "acc": 0.86548
        },
        "239": {
            "loss": 0.3661406745614908,
            "acc": 0.86714
        },
        "240": {
            "loss": 0.36245813352220196,
            "acc": 0.86852
        },
        "241": {
            "loss": 0.3653208621779976,
            "acc": 0.8673
        },
        "242": {
            "loss": 0.36505883486222124,
            "acc": 0.86844
        },
        "243": {
            "loss": 0.36608182454048216,
            "acc": 0.86874
        },
        "244": {
            "loss": 0.36568087968222623,
            "acc": 0.8687
        },
        "245": {
            "loss": 0.3646821118986515,
            "acc": 0.86786
        },
        "246": {
            "loss": 0.3678979755133924,
            "acc": 0.86714
        },
        "247": {
            "loss": 0.3640553745086236,
            "acc": 0.86862
        },
        "248": {
            "loss": 0.36658692310380814,
            "acc": 0.86764
        },
        "249": {
            "loss": 0.3679549189098656,
            "acc": 0.86714
        }
    },
    "test": {
        "0": {
            "loss": 1.7346481418609618,
            "acc": 0.3536
        },
        "1": {
            "loss": 1.4767025589942933,
            "acc": 0.474
        },
        "3": {
            "loss": 1.3541436505317688,
            "acc": 0.531
        },
        "5": {
            "loss": 1.2425012516975402,
            "acc": 0.5783
        },
        "7": {
            "loss": 1.2157434511184693,
            "acc": 0.5756
        },
        "9": {
            "loss": 1.1298088574409484,
            "acc": 0.6146
        },
        "11": {
            "loss": 1.09792587518692,
            "acc": 0.6296
        },
        "13": {
            "loss": 1.1858305215835572,
            "acc": 0.6192
        },
        "15": {
            "loss": 1.120173591375351,
            "acc": 0.6384
        },
        "17": {
            "loss": 1.1127927851676942,
            "acc": 0.6277
        },
        "19": {
            "loss": 1.1620557463169099,
            "acc": 0.6181
        },
        "21": {
            "loss": 1.1279987454414369,
            "acc": 0.6331
        },
        "23": {
            "loss": 1.1329850697517394,
            "acc": 0.6303
        },
        "25": {
            "loss": 1.1353071212768555,
            "acc": 0.6154
        },
        "27": {
            "loss": 1.2662726497650147,
            "acc": 0.577
        },
        "29": {
            "loss": 1.1389718449115753,
            "acc": 0.6346
        },
        "31": {
            "loss": 1.162387819290161,
            "acc": 0.6151
        },
        "33": {
            "loss": 1.1568723213672638,
            "acc": 0.6218
        },
        "35": {
            "loss": 1.2023007881641388,
            "acc": 0.6114
        },
        "37": {
            "loss": 1.1445657300949097,
            "acc": 0.6298
        },
        "39": {
            "loss": 1.1496430552005767,
            "acc": 0.6288
        },
        "41": {
            "loss": 1.4146200275421144,
            "acc": 0.5949
        },
        "43": {
            "loss": 1.2287892723083496,
            "acc": 0.5924
        },
        "45": {
            "loss": 1.153553340435028,
            "acc": 0.6205
        },
        "47": {
            "loss": 1.2086767363548279,
            "acc": 0.6162
        },
        "49": {
            "loss": 1.19827232837677,
            "acc": 0.6139
        },
        "51": {
            "loss": 1.1726962697505952,
            "acc": 0.6364
        },
        "53": {
            "loss": 1.1188151729106903,
            "acc": 0.6417
        },
        "55": {
            "loss": 1.175114244222641,
            "acc": 0.6305
        },
        "57": {
            "loss": 1.1189490914344788,
            "acc": 0.6366
        },
        "59": {
            "loss": 1.1397573256492615,
            "acc": 0.6067
        },
        "61": {
            "loss": 1.0890665102005004,
            "acc": 0.6518
        },
        "63": {
            "loss": 1.1242467188835144,
            "acc": 0.6357
        },
        "65": {
            "loss": 1.0955401968955993,
            "acc": 0.6315
        },
        "67": {
            "loss": 1.1004007434844971,
            "acc": 0.6434
        },
        "69": {
            "loss": 1.1328947162628173,
            "acc": 0.6282
        },
        "71": {
            "loss": 1.1529670429229737,
            "acc": 0.6277
        },
        "73": {
            "loss": 1.153723007440567,
            "acc": 0.6572
        },
        "75": {
            "loss": 1.1197797822952271,
            "acc": 0.6396
        },
        "77": {
            "loss": 1.0652856612205506,
            "acc": 0.6565
        },
        "79": {
            "loss": 1.1635320472717285,
            "acc": 0.6216
        },
        "81": {
            "loss": 1.06378622174263,
            "acc": 0.6583
        },
        "83": {
            "loss": 1.176437703371048,
            "acc": 0.6231
        },
        "85": {
            "loss": 1.1291246676445008,
            "acc": 0.6434
        },
        "87": {
            "loss": 1.116660454273224,
            "acc": 0.6447
        },
        "89": {
            "loss": 1.13885524392128,
            "acc": 0.6407
        },
        "91": {
            "loss": 1.0608744168281554,
            "acc": 0.6526
        },
        "93": {
            "loss": 1.0754820168018342,
            "acc": 0.6554
        },
        "95": {
            "loss": 1.08912522315979,
            "acc": 0.6499
        },
        "97": {
            "loss": 1.1395657420158387,
            "acc": 0.6371
        },
        "99": {
            "loss": 1.0774204742908478,
            "acc": 0.6543
        },
        "101": {
            "loss": 0.8440851736068725,
            "acc": 0.717
        },
        "103": {
            "loss": 0.8174340915679932,
            "acc": 0.7278
        },
        "105": {
            "loss": 0.7981111383438111,
            "acc": 0.7341
        },
        "107": {
            "loss": 0.7921677970886231,
            "acc": 0.7328
        },
        "109": {
            "loss": 0.7816269207000732,
            "acc": 0.7368
        },
        "111": {
            "loss": 0.7764997971057892,
            "acc": 0.7387
        },
        "113": {
            "loss": 0.7630281317234039,
            "acc": 0.7429
        },
        "115": {
            "loss": 0.7538008058071136,
            "acc": 0.7465
        },
        "117": {
            "loss": 0.7508097684383392,
            "acc": 0.7432
        },
        "119": {
            "loss": 0.7393075382709503,
            "acc": 0.7512
        },
        "121": {
            "loss": 0.7379074609279632,
            "acc": 0.7491
        },
        "123": {
            "loss": 0.7335926687717438,
            "acc": 0.7544
        },
        "125": {
            "loss": 0.7381663131713867,
            "acc": 0.7475
        },
        "127": {
            "loss": 0.731268481016159,
            "acc": 0.754
        },
        "129": {
            "loss": 0.7240259778499604,
            "acc": 0.7561
        },
        "131": {
            "loss": 0.7281106829643249,
            "acc": 0.756
        },
        "133": {
            "loss": 0.7327963781356811,
            "acc": 0.7558
        },
        "135": {
            "loss": 0.7274164831638337,
            "acc": 0.7592
        },
        "137": {
            "loss": 0.735062175989151,
            "acc": 0.7566
        },
        "139": {
            "loss": 0.7337889742851257,
            "acc": 0.7551
        },
        "141": {
            "loss": 0.7335224270820617,
            "acc": 0.76
        },
        "143": {
            "loss": 0.7338512754440307,
            "acc": 0.759
        },
        "145": {
            "loss": 0.7302796089649201,
            "acc": 0.7581
        },
        "147": {
            "loss": 0.7438244140148162,
            "acc": 0.7563
        },
        "149": {
            "loss": 0.7327985954284668,
            "acc": 0.76
        },
        "151": {
            "loss": 0.7202478802204132,
            "acc": 0.7675
        },
        "153": {
            "loss": 0.7180960750579835,
            "acc": 0.7698
        },
        "155": {
            "loss": 0.720435597896576,
            "acc": 0.7681
        },
        "157": {
            "loss": 0.722126898765564,
            "acc": 0.7678
        },
        "159": {
            "loss": 0.7246511375904083,
            "acc": 0.7679
        },
        "161": {
            "loss": 0.726554890871048,
            "acc": 0.7689
        },
        "163": {
            "loss": 0.7245720934867859,
            "acc": 0.7675
        },
        "165": {
            "loss": 0.7281263017654419,
            "acc": 0.7676
        },
        "167": {
            "loss": 0.733893849849701,
            "acc": 0.7681
        },
        "169": {
            "loss": 0.7337158215045929,
            "acc": 0.7671
        },
        "171": {
            "loss": 0.7375101542472839,
            "acc": 0.7678
        },
        "173": {
            "loss": 0.7379206705093384,
            "acc": 0.7668
        },
        "175": {
            "loss": 0.7399178910255432,
            "acc": 0.7669
        },
        "177": {
            "loss": 0.7389562606811524,
            "acc": 0.7675
        },
        "179": {
            "loss": 0.7421406865119934,
            "acc": 0.7684
        },
        "181": {
            "loss": 0.7444568359851838,
            "acc": 0.7678
        },
        "183": {
            "loss": 0.7445549023151398,
            "acc": 0.765
        },
        "185": {
            "loss": 0.745481722354889,
            "acc": 0.7656
        },
        "187": {
            "loss": 0.7423054790496826,
            "acc": 0.7673
        },
        "189": {
            "loss": 0.7451116454601288,
            "acc": 0.7672
        },
        "191": {
            "loss": 0.7523914241790771,
            "acc": 0.7655
        },
        "193": {
            "loss": 0.7499946796894074,
            "acc": 0.7648
        },
        "195": {
            "loss": 0.7491653084754943,
            "acc": 0.7671
        },
        "197": {
            "loss": 0.7512804925441742,
            "acc": 0.766
        },
        "199": {
            "loss": 0.7534173822402954,
            "acc": 0.766
        },
        "201": {
            "loss": 0.7535271978378296,
            "acc": 0.7628
        },
        "203": {
            "loss": 0.7530837893486023,
            "acc": 0.7646
        },
        "205": {
            "loss": 0.7538644385337829,
            "acc": 0.7651
        },
        "207": {
            "loss": 0.753972680568695,
            "acc": 0.7645
        },
        "209": {
            "loss": 0.7550124084949493,
            "acc": 0.7649
        },
        "211": {
            "loss": 0.7556942284107209,
            "acc": 0.7648
        },
        "213": {
            "loss": 0.7552217543125153,
            "acc": 0.7649
        },
        "215": {
            "loss": 0.7552284967899322,
            "acc": 0.765
        },
        "217": {
            "loss": 0.7554590809345245,
            "acc": 0.7643
        },
        "219": {
            "loss": 0.7562970554828644,
            "acc": 0.7649
        },
        "221": {
            "loss": 0.7560419189929962,
            "acc": 0.7649
        },
        "223": {
            "loss": 0.7572599864006042,
            "acc": 0.7658
        },
        "225": {
            "loss": 0.757592363357544,
            "acc": 0.7642
        },
        "227": {
            "loss": 0.7566610288619995,
            "acc": 0.7643
        },
        "229": {
            "loss": 0.7568214416503907,
            "acc": 0.7645
        },
        "231": {
            "loss": 0.7576124286651611,
            "acc": 0.7646
        },
        "233": {
            "loss": 0.7571741795539856,
            "acc": 0.7642
        },
        "235": {
            "loss": 0.7576646411418915,
            "acc": 0.7653
        },
        "237": {
            "loss": 0.7574541413784027,
            "acc": 0.7652
        },
        "239": {
            "loss": 0.7573657715320588,
            "acc": 0.7654
        },
        "241": {
            "loss": 0.7579110884666442,
            "acc": 0.7654
        },
        "243": {
            "loss": 0.7577374124526978,
            "acc": 0.765
        },
        "245": {
            "loss": 0.7578824639320374,
            "acc": 0.7656
        },
        "247": {
            "loss": 0.7595028436183929,
            "acc": 0.7657
        },
        "249": {
            "loss": 0.7596655452251434,
            "acc": 0.765
        }
    },
    "info": {
        "best_epoch": 153,
        "best_acc": 76.98,
        "n_params": 12256074
    }
}