{
    "train": {
        "0": {
            "loss": 2.095116816823135,
            "acc": 0.19734
        },
        "1": {
            "loss": 1.6862423264462014,
            "acc": 0.37072
        },
        "2": {
            "loss": 1.5195796300688058,
            "acc": 0.4478
        },
        "3": {
            "loss": 1.4324671310537003,
            "acc": 0.48952
        },
        "4": {
            "loss": 1.3796963956959718,
            "acc": 0.5114
        },
        "5": {
            "loss": 1.3470062346714538,
            "acc": 0.52974
        },
        "6": {
            "loss": 1.3249991004119444,
            "acc": 0.53684
        },
        "7": {
            "loss": 1.3086519466946498,
            "acc": 0.54692
        },
        "8": {
            "loss": 1.290504001900363,
            "acc": 0.5532
        },
        "9": {
            "loss": 1.2858342976521349,
            "acc": 0.55962
        },
        "10": {
            "loss": 1.284565746174444,
            "acc": 0.56252
        },
        "11": {
            "loss": 1.2739392003744765,
            "acc": 0.56606
        },
        "12": {
            "loss": 1.2664580392410687,
            "acc": 0.57008
        },
        "13": {
            "loss": 1.2691288758116914,
            "acc": 0.56956
        },
        "14": {
            "loss": 1.2518005358898425,
            "acc": 0.57602
        },
        "15": {
            "loss": 1.2513694286041552,
            "acc": 0.57716
        },
        "16": {
            "loss": 1.2531155890516004,
            "acc": 0.5779
        },
        "17": {
            "loss": 1.2473764126867894,
            "acc": 0.58096
        },
        "18": {
            "loss": 1.2502034167804377,
            "acc": 0.58196
        },
        "19": {
            "loss": 1.2491864089465812,
            "acc": 0.58234
        },
        "20": {
            "loss": 1.2653561458563256,
            "acc": 0.57628
        },
        "21": {
            "loss": 1.249482464759856,
            "acc": 0.58276
        },
        "22": {
            "loss": 1.2322215399778713,
            "acc": 0.58826
        },
        "23": {
            "loss": 1.2468924933992078,
            "acc": 0.584
        },
        "24": {
            "loss": 1.2465074225459867,
            "acc": 0.58404
        },
        "25": {
            "loss": 1.239619459947357,
            "acc": 0.58836
        },
        "26": {
            "loss": 1.2456856862358425,
            "acc": 0.58494
        },
        "27": {
            "loss": 1.2406302855142852,
            "acc": 0.58776
        },
        "28": {
            "loss": 1.2245651384448761,
            "acc": 0.59018
        },
        "29": {
            "loss": 1.224974744460162,
            "acc": 0.5905
        },
        "30": {
            "loss": 1.2341784886691882,
            "acc": 0.59374
        },
        "31": {
            "loss": 1.2267233926012082,
            "acc": 0.58868
        },
        "32": {
            "loss": 1.2270631659061402,
            "acc": 0.59388
        },
        "33": {
            "loss": 1.2276518219877082,
            "acc": 0.59342
        },
        "34": {
            "loss": 1.2300492650102777,
            "acc": 0.58952
        },
        "35": {
            "loss": 1.236311607196203,
            "acc": 0.59036
        },
        "36": {
            "loss": 1.2353417428253253,
            "acc": 0.59142
        },
        "37": {
            "loss": 1.2368395740113904,
            "acc": 0.5927
        },
        "38": {
            "loss": 1.2093796348937638,
            "acc": 0.60264
        },
        "39": {
            "loss": 1.2125127913092104,
            "acc": 0.60172
        },
        "40": {
            "loss": 1.2174134170612716,
            "acc": 0.59738
        },
        "41": {
            "loss": 1.2109416846728995,
            "acc": 0.60138
        },
        "42": {
            "loss": 1.2218750654279118,
            "acc": 0.59746
        },
        "43": {
            "loss": 1.2252998048692103,
            "acc": 0.59652
        },
        "44": {
            "loss": 1.213489244965946,
            "acc": 0.59844
        },
        "45": {
            "loss": 1.2160515013863058,
            "acc": 0.59704
        },
        "46": {
            "loss": 1.2175554238316957,
            "acc": 0.60232
        },
        "47": {
            "loss": 1.2173051812764628,
            "acc": 0.60076
        },
        "48": {
            "loss": 1.2213902353020885,
            "acc": 0.59936
        },
        "49": {
            "loss": 1.209191879652955,
            "acc": 0.60266
        },
        "50": {
            "loss": 1.2050444489854681,
            "acc": 0.6032
        },
        "51": {
            "loss": 1.2095776241453713,
            "acc": 0.60186
        },
        "52": {
            "loss": 1.201823958807894,
            "acc": 0.6053
        },
        "53": {
            "loss": 1.197427320510835,
            "acc": 0.60724
        },
        "54": {
            "loss": 1.1880213958223154,
            "acc": 0.61016
        },
        "55": {
            "loss": 1.1853540966577847,
            "acc": 0.61148
        },
        "56": {
            "loss": 1.194143894993131,
            "acc": 0.60788
        },
        "57": {
            "loss": 1.1948709597672953,
            "acc": 0.60972
        },
        "58": {
            "loss": 1.1907280131679057,
            "acc": 0.6093
        },
        "59": {
            "loss": 1.1765481776288709,
            "acc": 0.6128
        },
        "60": {
            "loss": 1.1908725364433834,
            "acc": 0.60896
        },
        "61": {
            "loss": 1.186605903498657,
            "acc": 0.60978
        },
        "62": {
            "loss": 1.1896233243100784,
            "acc": 0.61082
        },
        "63": {
            "loss": 1.1887889958708489,
            "acc": 0.61214
        },
        "64": {
            "loss": 1.1877296847455643,
            "acc": 0.60774
        },
        "65": {
            "loss": 1.1766784387781186,
            "acc": 0.61542
        },
        "66": {
            "loss": 1.1808841545563524,
            "acc": 0.61332
        },
        "67": {
            "loss": 1.1658779086969089,
            "acc": 0.61764
        },
        "68": {
            "loss": 1.1824833909264,
            "acc": 0.61326
        },
        "69": {
            "loss": 1.1739589305180114,
            "acc": 0.61502
        },
        "70": {
            "loss": 1.1773213924044539,
            "acc": 0.61464
        },
        "71": {
            "loss": 1.1779718771005225,
            "acc": 0.61524
        },
        "72": {
            "loss": 1.172589775698874,
            "acc": 0.61862
        },
        "73": {
            "loss": 1.1710962191262209,
            "acc": 0.6157
        },
        "74": {
            "loss": 1.1738140166872908,
            "acc": 0.61478
        },
        "75": {
            "loss": 1.1674201188185025,
            "acc": 0.6186
        },
        "76": {
            "loss": 1.1796485554531713,
            "acc": 0.61514
        },
        "77": {
            "loss": 1.1676430058906146,
            "acc": 0.61852
        },
        "78": {
            "loss": 1.186909388245829,
            "acc": 0.61262
        },
        "79": {
            "loss": 1.171663054572347,
            "acc": 0.61856
        },
        "80": {
            "loss": 1.165250472248058,
            "acc": 0.61566
        },
        "81": {
            "loss": 1.1905179101487864,
            "acc": 0.61126
        },
        "82": {
            "loss": 1.1738908045432146,
            "acc": 0.61802
        },
        "83": {
            "loss": 1.1738064057381867,
            "acc": 0.61644
        },
        "84": {
            "loss": 1.1763689391448369,
            "acc": 0.6162
        },
        "85": {
            "loss": 1.1575830763258288,
            "acc": 0.61914
        },
        "86": {
            "loss": 1.1620733039763274,
            "acc": 0.62094
        },
        "87": {
            "loss": 1.1597672551489242,
            "acc": 0.62208
        },
        "88": {
            "loss": 1.1634358295699214,
            "acc": 0.62186
        },
        "89": {
            "loss": 1.1547470864127665,
            "acc": 0.62438
        },
        "90": {
            "loss": 1.1674490699072932,
            "acc": 0.61934
        },
        "91": {
            "loss": 1.174037442792712,
            "acc": 0.61802
        },
        "92": {
            "loss": 1.1719593320356305,
            "acc": 0.61804
        },
        "93": {
            "loss": 1.152966795370097,
            "acc": 0.6229
        },
        "94": {
            "loss": 1.1530421833552973,
            "acc": 0.62152
        },
        "95": {
            "loss": 1.1467731505098855,
            "acc": 0.62428
        },
        "96": {
            "loss": 1.1496494416995426,
            "acc": 0.6246
        },
        "97": {
            "loss": 1.1692022694956006,
            "acc": 0.61992
        },
        "98": {
            "loss": 1.1546717537638476,
            "acc": 0.6213
        },
        "99": {
            "loss": 1.1529734688036888,
            "acc": 0.6258
        },
        "100": {
            "loss": 0.9537749732546794,
            "acc": 0.6812
        },
        "101": {
            "loss": 0.8894304462406032,
            "acc": 0.70018
        },
        "102": {
            "loss": 0.8612485367166417,
            "acc": 0.70848
        },
        "103": {
            "loss": 0.8399711264978589,
            "acc": 0.7119
        },
        "104": {
            "loss": 0.8250427134811421,
            "acc": 0.71852
        },
        "105": {
            "loss": 0.8126124857026903,
            "acc": 0.72072
        },
        "106": {
            "loss": 0.803492169703364,
            "acc": 0.7234
        },
        "107": {
            "loss": 0.7933069752610248,
            "acc": 0.7274
        },
        "108": {
            "loss": 0.7862227307561108,
            "acc": 0.73098
        },
        "109": {
            "loss": 0.775558739214602,
            "acc": 0.73172
        },
        "110": {
            "loss": 0.7657646677835518,
            "acc": 0.73596
        },
        "111": {
            "loss": 0.7593566833249749,
            "acc": 0.73708
        },
        "112": {
            "loss": 0.7505183381497708,
            "acc": 0.73988
        },
        "113": {
            "loss": 0.7469705161841019,
            "acc": 0.74044
        },
        "114": {
            "loss": 0.7438115482135197,
            "acc": 0.74076
        },
        "115": {
            "loss": 0.729575246420053,
            "acc": 0.74826
        },
        "116": {
            "loss": 0.7319439317259337,
            "acc": 0.74452
        },
        "117": {
            "loss": 0.7210136502600082,
            "acc": 0.74802
        },
        "118": {
            "loss": 0.718276961913804,
            "acc": 0.74976
        },
        "119": {
            "loss": 0.7179100103390491,
            "acc": 0.74964
        },
        "120": {
            "loss": 0.7052228318913208,
            "acc": 0.75298
        },
        "121": {
            "loss": 0.7037419656201092,
            "acc": 0.75344
        },
        "122": {
            "loss": 0.6947535862550711,
            "acc": 0.7562
        },
        "123": {
            "loss": 0.6872766113951992,
            "acc": 0.75952
        },
        "124": {
            "loss": 0.6892886654190395,
            "acc": 0.75902
        },
        "125": {
            "loss": 0.6826575585186024,
            "acc": 0.7616
        },
        "126": {
            "loss": 0.678013248669217,
            "acc": 0.76268
        },
        "127": {
            "loss": 0.6758213152208596,
            "acc": 0.76312
        },
        "128": {
            "loss": 0.6684840906916372,
            "acc": 0.76542
        },
        "129": {
            "loss": 0.6651926898895322,
            "acc": 0.76438
        },
        "130": {
            "loss": 0.6579805168196978,
            "acc": 0.76742
        },
        "131": {
            "loss": 0.6595310048221628,
            "acc": 0.7684
        },
        "132": {
            "loss": 0.6513527324589927,
            "acc": 0.76912
        },
        "133": {
            "loss": 0.6463682762039896,
            "acc": 0.77244
        },
        "134": {
            "loss": 0.6423214518505594,
            "acc": 0.77268
        },
        "135": {
            "loss": 0.6380810876331671,
            "acc": 0.77386
        },
        "136": {
            "loss": 0.6375351518468784,
            "acc": 0.77284
        },
        "137": {
            "loss": 0.6277335658860024,
            "acc": 0.77758
        },
        "138": {
            "loss": 0.6271387010126772,
            "acc": 0.77806
        },
        "139": {
            "loss": 0.622665950633071,
            "acc": 0.7783
        },
        "140": {
            "loss": 0.6178304440987384,
            "acc": 0.78164
        },
        "141": {
            "loss": 0.6133010605412066,
            "acc": 0.78232
        },
        "142": {
            "loss": 0.6108643579513521,
            "acc": 0.7833
        },
        "143": {
            "loss": 0.6051169617096787,
            "acc": 0.78738
        },
        "144": {
            "loss": 0.6035358097089831,
            "acc": 0.78442
        },
        "145": {
            "loss": 0.5992588767462679,
            "acc": 0.78704
        },
        "146": {
            "loss": 0.5979939381332349,
            "acc": 0.78802
        },
        "147": {
            "loss": 0.5858354199572903,
            "acc": 0.79128
        },
        "148": {
            "loss": 0.5862272238487478,
            "acc": 0.79146
        },
        "149": {
            "loss": 0.5792804521215541,
            "acc": 0.79356
        },
        "150": {
            "loss": 0.5493629279801303,
            "acc": 0.80354
        },
        "151": {
            "loss": 0.5377922524576602,
            "acc": 0.80686
        },
        "152": {
            "loss": 0.5349515583509069,
            "acc": 0.80918
        },
        "153": {
            "loss": 0.5321656947245683,
            "acc": 0.81008
        },
        "154": {
            "loss": 0.5283032190007018,
            "acc": 0.81028
        },
        "155": {
            "loss": 0.5322593478747951,
            "acc": 0.80924
        },
        "156": {
            "loss": 0.5272300906498414,
            "acc": 0.80952
        },
        "157": {
            "loss": 0.5224118315045486,
            "acc": 0.8115
        },
        "158": {
            "loss": 0.5242860683089937,
            "acc": 0.81064
        },
        "159": {
            "loss": 0.523331022628433,
            "acc": 0.81066
        },
        "160": {
            "loss": 0.524790876356842,
            "acc": 0.81132
        },
        "161": {
            "loss": 0.5179819825969999,
            "acc": 0.81464
        },
        "162": {
            "loss": 0.5163281028685363,
            "acc": 0.81544
        },
        "163": {
            "loss": 0.518828409712028,
            "acc": 0.81476
        },
        "164": {
            "loss": 0.5101604704814189,
            "acc": 0.81706
        },
        "165": {
            "loss": 0.5122741356377711,
            "acc": 0.81792
        },
        "166": {
            "loss": 0.5172790951283691,
            "acc": 0.8133
        },
        "167": {
            "loss": 0.5084303441407431,
            "acc": 0.8166
        },
        "168": {
            "loss": 0.5117699141087739,
            "acc": 0.81542
        },
        "169": {
            "loss": 0.5122328117832808,
            "acc": 0.81602
        },
        "170": {
            "loss": 0.5088416797578182,
            "acc": 0.81748
        },
        "171": {
            "loss": 0.5030353547971876,
            "acc": 0.81918
        },
        "172": {
            "loss": 0.505202306887073,
            "acc": 0.82006
        },
        "173": {
            "loss": 0.5032673854657146,
            "acc": 0.81808
        },
        "174": {
            "loss": 0.5022888186642581,
            "acc": 0.82036
        },
        "175": {
            "loss": 0.503032443468528,
            "acc": 0.8203
        },
        "176": {
            "loss": 0.5047081384969794,
            "acc": 0.81904
        },
        "177": {
            "loss": 0.5008999127561174,
            "acc": 0.81952
        },
        "178": {
            "loss": 0.49975102751151373,
            "acc": 0.82
        },
        "179": {
            "loss": 0.4998578263060821,
            "acc": 0.8204
        },
        "180": {
            "loss": 0.500025939224931,
            "acc": 0.82202
        },
        "181": {
            "loss": 0.4970358951622263,
            "acc": 0.8235
        },
        "182": {
            "loss": 0.4938655513936601,
            "acc": 0.8219
        },
        "183": {
            "loss": 0.493517040825256,
            "acc": 0.82064
        },
        "184": {
            "loss": 0.4946024787547948,
            "acc": 0.8218
        },
        "185": {
            "loss": 0.490976999559061,
            "acc": 0.8222
        },
        "186": {
            "loss": 0.48980161303754355,
            "acc": 0.82518
        },
        "187": {
            "loss": 0.4871658786483433,
            "acc": 0.82366
        },
        "188": {
            "loss": 0.49124064210735624,
            "acc": 0.823
        },
        "189": {
            "loss": 0.48755481663872213,
            "acc": 0.82574
        },
        "190": {
            "loss": 0.48373403870846,
            "acc": 0.82464
        },
        "191": {
            "loss": 0.487987641025992,
            "acc": 0.82378
        },
        "192": {
            "loss": 0.4843230783329595,
            "acc": 0.82716
        },
        "193": {
            "loss": 0.48519890082766637,
            "acc": 0.82564
        },
        "194": {
            "loss": 0.48216149988381757,
            "acc": 0.8258
        },
        "195": {
            "loss": 0.47939756200136735,
            "acc": 0.82794
        },
        "196": {
            "loss": 0.4801657134309754,
            "acc": 0.82882
        },
        "197": {
            "loss": 0.4808026033136851,
            "acc": 0.82738
        },
        "198": {
            "loss": 0.4807184355338211,
            "acc": 0.82692
        },
        "199": {
            "loss": 0.47749890886304325,
            "acc": 0.82618
        },
        "200": {
            "loss": 0.47397439162749466,
            "acc": 0.82888
        },
        "201": {
            "loss": 0.4692145480829127,
            "acc": 0.83092
        },
        "202": {
            "loss": 0.47338818002234945,
            "acc": 0.83166
        },
        "203": {
            "loss": 0.47067499983950956,
            "acc": 0.83006
        },
        "204": {
            "loss": 0.4704336448551139,
            "acc": 0.83012
        },
        "205": {
            "loss": 0.4715533232902322,
            "acc": 0.82954
        },
        "206": {
            "loss": 0.47283348273438264,
            "acc": 0.82824
        },
        "207": {
            "loss": 0.47118958891810053,
            "acc": 0.82916
        },
        "208": {
            "loss": 0.467746485605874,
            "acc": 0.83028
        },
        "209": {
            "loss": 0.471492724421689,
            "acc": 0.82906
        },
        "210": {
            "loss": 0.4693740517891886,
            "acc": 0.82876
        },
        "211": {
            "loss": 0.4678512233145097,
            "acc": 0.83154
        },
        "212": {
            "loss": 0.47106727690952815,
            "acc": 0.82996
        },
        "213": {
            "loss": 0.4737921001966042,
            "acc": 0.82898
        },
        "214": {
            "loss": 0.46206697166118477,
            "acc": 0.83494
        },
        "215": {
            "loss": 0.46715024106033015,
            "acc": 0.83272
        },
        "216": {
            "loss": 0.46878897251985263,
            "acc": 0.82918
        },
        "217": {
            "loss": 0.4665419975357592,
            "acc": 0.83108
        },
        "218": {
            "loss": 0.46487945341088277,
            "acc": 0.83126
        },
        "219": {
            "loss": 0.4661779989062063,
            "acc": 0.83128
        },
        "220": {
            "loss": 0.46209262170450155,
            "acc": 0.83292
        },
        "221": {
            "loss": 0.46602488021411553,
            "acc": 0.83206
        },
        "222": {
            "loss": 0.466050689787511,
            "acc": 0.83102
        },
        "223": {
            "loss": 0.4691854901325977,
            "acc": 0.83116
        },
        "224": {
            "loss": 0.4676938717017698,
            "acc": 0.83172
        },
        "225": {
            "loss": 0.4703322056766666,
            "acc": 0.83044
        },
        "226": {
            "loss": 0.4673074348198483,
            "acc": 0.83126
        },
        "227": {
            "loss": 0.4671993485039762,
            "acc": 0.83114
        },
        "228": {
            "loss": 0.46702285099517354,
            "acc": 0.83128
        },
        "229": {
            "loss": 0.46841119751905846,
            "acc": 0.83056
        },
        "230": {
            "loss": 0.4651338312479541,
            "acc": 0.8311
        },
        "231": {
            "loss": 0.4606402243494683,
            "acc": 0.83512
        },
        "232": {
            "loss": 0.4681840202082758,
            "acc": 0.83078
        },
        "233": {
            "loss": 0.46397766196514334,
            "acc": 0.83248
        },
        "234": {
            "loss": 0.46856105838285383,
            "acc": 0.83254
        },
        "235": {
            "loss": 0.4675452312087769,
            "acc": 0.83088
        },
        "236": {
            "loss": 0.46713430078133295,
            "acc": 0.83184
        },
        "237": {
            "loss": 0.4665057290240627,
            "acc": 0.83286
        },
        "238": {
            "loss": 0.46295721504999243,
            "acc": 0.83292
        },
        "239": {
            "loss": 0.46854275663185607,
            "acc": 0.83098
        },
        "240": {
            "loss": 0.4696119448260578,
            "acc": 0.82892
        },
        "241": {
            "loss": 0.46592350582332565,
            "acc": 0.83048
        },
        "242": {
            "loss": 0.46288762205397077,
            "acc": 0.83298
        },
        "243": {
            "loss": 0.46657480768230564,
            "acc": 0.82996
        },
        "244": {
            "loss": 0.465525258685012,
            "acc": 0.83132
        },
        "245": {
            "loss": 0.4631478295606725,
            "acc": 0.83274
        },
        "246": {
            "loss": 0.4671765288428577,
            "acc": 0.8304
        },
        "247": {
            "loss": 0.4648104495252185,
            "acc": 0.83224
        },
        "248": {
            "loss": 0.46569489929682156,
            "acc": 0.8318
        },
        "249": {
            "loss": 0.4649866507638751,
            "acc": 0.83294
        }
    },
    "test": {
        "0": {
            "loss": 1.707197506427765,
            "acc": 0.3459
        },
        "1": {
            "loss": 1.829512481689453,
            "acc": 0.4022
        },
        "3": {
            "loss": 1.3613381695747375,
            "acc": 0.5263
        },
        "5": {
            "loss": 1.4043255019187928,
            "acc": 0.5184
        },
        "7": {
            "loss": 1.2745693731307983,
            "acc": 0.5661
        },
        "9": {
            "loss": 1.28427134513855,
            "acc": 0.5645
        },
        "11": {
            "loss": 1.2509868931770325,
            "acc": 0.5773
        },
        "13": {
            "loss": 1.3324952030181885,
            "acc": 0.5611
        },
        "15": {
            "loss": 1.2286769008636476,
            "acc": 0.5893
        },
        "17": {
            "loss": 1.2420155096054077,
            "acc": 0.5796
        },
        "19": {
            "loss": 1.203119912147522,
            "acc": 0.5999
        },
        "21": {
            "loss": 1.2129535245895386,
            "acc": 0.5917
        },
        "23": {
            "loss": 1.2815025877952575,
            "acc": 0.5616
        },
        "25": {
            "loss": 1.2120244932174682,
            "acc": 0.6073
        },
        "27": {
            "loss": 1.1919093763828277,
            "acc": 0.6078
        },
        "29": {
            "loss": 1.1999164986610413,
            "acc": 0.6082
        },
        "31": {
            "loss": 1.192893009185791,
            "acc": 0.6024
        },
        "33": {
            "loss": 1.1760205721855164,
            "acc": 0.6096
        },
        "35": {
            "loss": 1.2587532806396484,
            "acc": 0.5771
        },
        "37": {
            "loss": 1.1984296894073487,
            "acc": 0.6062
        },
        "39": {
            "loss": 1.1810187959671021,
            "acc": 0.6151
        },
        "41": {
            "loss": 1.227087426185608,
            "acc": 0.5966
        },
        "43": {
            "loss": 1.2448293995857238,
            "acc": 0.5976
        },
        "45": {
            "loss": 1.194467113018036,
            "acc": 0.6006
        },
        "47": {
            "loss": 1.2527260041236878,
            "acc": 0.5955
        },
        "49": {
            "loss": 1.2320923256874083,
            "acc": 0.6041
        },
        "51": {
            "loss": 1.1573227858543396,
            "acc": 0.62
        },
        "53": {
            "loss": 1.2025385403633118,
            "acc": 0.6136
        },
        "55": {
            "loss": 1.2246664237976075,
            "acc": 0.5891
        },
        "57": {
            "loss": 1.1892922401428223,
            "acc": 0.6064
        },
        "59": {
            "loss": 1.2193225848674774,
            "acc": 0.61
        },
        "61": {
            "loss": 1.1835772252082826,
            "acc": 0.6168
        },
        "63": {
            "loss": 1.1855030965805053,
            "acc": 0.616
        },
        "65": {
            "loss": 1.194040001630783,
            "acc": 0.6229
        },
        "67": {
            "loss": 1.2226119422912598,
            "acc": 0.5947
        },
        "69": {
            "loss": 1.2140192532539367,
            "acc": 0.604
        },
        "71": {
            "loss": 1.14136634349823,
            "acc": 0.6312
        },
        "73": {
            "loss": 1.2144810009002684,
            "acc": 0.6083
        },
        "75": {
            "loss": 1.124515928030014,
            "acc": 0.6297
        },
        "77": {
            "loss": 1.1723831844329835,
            "acc": 0.6157
        },
        "79": {
            "loss": 1.187889244556427,
            "acc": 0.6158
        },
        "81": {
            "loss": 1.2294797539710998,
            "acc": 0.6104
        },
        "83": {
            "loss": 1.1754192996025086,
            "acc": 0.6087
        },
        "85": {
            "loss": 1.116817637681961,
            "acc": 0.6374
        },
        "87": {
            "loss": 1.1727873289585113,
            "acc": 0.6302
        },
        "89": {
            "loss": 1.1670591044425964,
            "acc": 0.6203
        },
        "91": {
            "loss": 1.17688645362854,
            "acc": 0.6197
        },
        "93": {
            "loss": 1.2238238167762756,
            "acc": 0.6088
        },
        "95": {
            "loss": 1.173704309463501,
            "acc": 0.5947
        },
        "97": {
            "loss": 1.1016517031192778,
            "acc": 0.6431
        },
        "99": {
            "loss": 1.1813054943084718,
            "acc": 0.6128
        },
        "101": {
            "loss": 0.8975402879714965,
            "acc": 0.7032
        },
        "103": {
            "loss": 0.8729452669620514,
            "acc": 0.704
        },
        "105": {
            "loss": 0.84489302277565,
            "acc": 0.7136
        },
        "107": {
            "loss": 0.8390934073925018,
            "acc": 0.7135
        },
        "109": {
            "loss": 0.8323400509357453,
            "acc": 0.7185
        },
        "111": {
            "loss": 0.819630354642868,
            "acc": 0.722
        },
        "113": {
            "loss": 0.8074330711364746,
            "acc": 0.7271
        },
        "115": {
            "loss": 0.8099021327495575,
            "acc": 0.7257
        },
        "117": {
            "loss": 0.7965153193473816,
            "acc": 0.7303
        },
        "119": {
            "loss": 0.793205623626709,
            "acc": 0.7275
        },
        "121": {
            "loss": 0.7773638033866882,
            "acc": 0.7355
        },
        "123": {
            "loss": 0.7831800842285156,
            "acc": 0.7307
        },
        "125": {
            "loss": 0.778885794878006,
            "acc": 0.7326
        },
        "127": {
            "loss": 0.7787199783325195,
            "acc": 0.7362
        },
        "129": {
            "loss": 0.7746698629856109,
            "acc": 0.7376
        },
        "131": {
            "loss": 0.7610510873794556,
            "acc": 0.7424
        },
        "133": {
            "loss": 0.7902411615848541,
            "acc": 0.732
        },
        "135": {
            "loss": 0.7709666502475738,
            "acc": 0.7381
        },
        "137": {
            "loss": 0.7745359778404236,
            "acc": 0.7378
        },
        "139": {
            "loss": 0.7757587850093841,
            "acc": 0.7377
        },
        "141": {
            "loss": 0.7594401967525483,
            "acc": 0.7398
        },
        "143": {
            "loss": 0.7613103783130646,
            "acc": 0.7456
        },
        "145": {
            "loss": 0.7564974617958069,
            "acc": 0.7419
        },
        "147": {
            "loss": 0.7587954115867614,
            "acc": 0.7451
        },
        "149": {
            "loss": 0.7600195014476776,
            "acc": 0.7442
        },
        "151": {
            "loss": 0.7440554773807526,
            "acc": 0.7522
        },
        "153": {
            "loss": 0.7422896337509155,
            "acc": 0.7533
        },
        "155": {
            "loss": 0.7435863399505616,
            "acc": 0.7526
        },
        "157": {
            "loss": 0.7455517494678497,
            "acc": 0.7537
        },
        "159": {
            "loss": 0.7457783138751983,
            "acc": 0.755
        },
        "161": {
            "loss": 0.7467990934848785,
            "acc": 0.7542
        },
        "163": {
            "loss": 0.7441292679309846,
            "acc": 0.7532
        },
        "165": {
            "loss": 0.7483678185939788,
            "acc": 0.7543
        },
        "167": {
            "loss": 0.746631202697754,
            "acc": 0.7531
        },
        "169": {
            "loss": 0.7504799056053162,
            "acc": 0.7545
        },
        "171": {
            "loss": 0.7503068161010742,
            "acc": 0.7539
        },
        "173": {
            "loss": 0.7497467708587646,
            "acc": 0.7526
        },
        "175": {
            "loss": 0.7468558597564697,
            "acc": 0.7552
        },
        "177": {
            "loss": 0.7507719242572785,
            "acc": 0.7541
        },
        "179": {
            "loss": 0.7465981709957122,
            "acc": 0.7542
        },
        "181": {
            "loss": 0.7526991486549377,
            "acc": 0.7539
        },
        "183": {
            "loss": 0.7564977288246155,
            "acc": 0.754
        },
        "185": {
            "loss": 0.7561421859264373,
            "acc": 0.7527
        },
        "187": {
            "loss": 0.7588591229915619,
            "acc": 0.7542
        },
        "189": {
            "loss": 0.7535275495052338,
            "acc": 0.7533
        },
        "191": {
            "loss": 0.7561724197864532,
            "acc": 0.7551
        },
        "193": {
            "loss": 0.7579118585586548,
            "acc": 0.7545
        },
        "195": {
            "loss": 0.7598002982139588,
            "acc": 0.7541
        },
        "197": {
            "loss": 0.7597379553318023,
            "acc": 0.751
        },
        "199": {
            "loss": 0.7562632775306701,
            "acc": 0.7546
        },
        "201": {
            "loss": 0.7572209763526917,
            "acc": 0.7548
        },
        "203": {
            "loss": 0.7562399804592133,
            "acc": 0.7549
        },
        "205": {
            "loss": 0.7572054183483123,
            "acc": 0.7556
        },
        "207": {
            "loss": 0.756109105348587,
            "acc": 0.7562
        },
        "209": {
            "loss": 0.7577062487602234,
            "acc": 0.756
        },
        "211": {
            "loss": 0.7582357895374298,
            "acc": 0.7553
        },
        "213": {
            "loss": 0.7580044591426849,
            "acc": 0.7555
        },
        "215": {
            "loss": 0.7590055179595947,
            "acc": 0.7558
        },
        "217": {
            "loss": 0.7586418962478638,
            "acc": 0.7563
        },
        "219": {
            "loss": 0.7591685998439789,
            "acc": 0.7555
        },
        "221": {
            "loss": 0.7592246007919311,
            "acc": 0.7559
        },
        "223": {
            "loss": 0.7590756487846374,
            "acc": 0.7567
        },
        "225": {
            "loss": 0.7597293889522553,
            "acc": 0.7562
        },
        "227": {
            "loss": 0.7591591262817383,
            "acc": 0.7548
        },
        "229": {
            "loss": 0.7589818656444549,
            "acc": 0.7552
        },
        "231": {
            "loss": 0.7596358871459961,
            "acc": 0.7567
        },
        "233": {
            "loss": 0.7607482659816742,
            "acc": 0.7564
        },
        "235": {
            "loss": 0.760342230796814,
            "acc": 0.7559
        },
        "237": {
            "loss": 0.7611427664756775,
            "acc": 0.7558
        },
        "239": {
            "loss": 0.7608714032173157,
            "acc": 0.755
        },
        "241": {
            "loss": 0.7623050498962403,
            "acc": 0.7552
        },
        "243": {
            "loss": 0.7608830392360687,
            "acc": 0.7542
        },
        "245": {
            "loss": 0.7613120400905609,
            "acc": 0.7553
        },
        "247": {
            "loss": 0.761310703754425,
            "acc": 0.7549
        },
        "249": {
            "loss": 0.7610546946525574,
            "acc": 0.7545
        }
    },
    "info": {
        "best_epoch": 223,
        "best_acc": 75.67,
        "n_params": 2458442
    }
}