{
    "train": {
        "0": {
            "loss": 1.930294786267878,
            "acc": 0.25786
        },
        "1": {
            "loss": 1.532230991231816,
            "acc": 0.44132
        },
        "2": {
            "loss": 1.4013125716572832,
            "acc": 0.4979
        },
        "3": {
            "loss": 1.3210395778841375,
            "acc": 0.53698
        },
        "4": {
            "loss": 1.2741050965645735,
            "acc": 0.55552
        },
        "5": {
            "loss": 1.2369943070594611,
            "acc": 0.57192
        },
        "6": {
            "loss": 1.2106976425251388,
            "acc": 0.58202
        },
        "7": {
            "loss": 1.185174064410617,
            "acc": 0.59362
        },
        "8": {
            "loss": 1.1782746536042683,
            "acc": 0.59768
        },
        "9": {
            "loss": 1.1722191311514285,
            "acc": 0.59974
        },
        "10": {
            "loss": 1.1670609628757858,
            "acc": 0.60288
        },
        "11": {
            "loss": 1.149225963655945,
            "acc": 0.61202
        },
        "12": {
            "loss": 1.1577441634424508,
            "acc": 0.60928
        },
        "13": {
            "loss": 1.1531184462025343,
            "acc": 0.61004
        },
        "14": {
            "loss": 1.1514711043109065,
            "acc": 0.61284
        },
        "15": {
            "loss": 1.156920088526538,
            "acc": 0.60762
        },
        "16": {
            "loss": 1.1563436134392038,
            "acc": 0.61182
        },
        "17": {
            "loss": 1.1586561552094072,
            "acc": 0.61196
        },
        "18": {
            "loss": 1.15569533198081,
            "acc": 0.61114
        },
        "19": {
            "loss": 1.1665278346947088,
            "acc": 0.6107
        },
        "20": {
            "loss": 1.1671307696710767,
            "acc": 0.61088
        },
        "21": {
            "loss": 1.1643665082314436,
            "acc": 0.61058
        },
        "22": {
            "loss": 1.1664314070321105,
            "acc": 0.61338
        },
        "23": {
            "loss": 1.1658097348554666,
            "acc": 0.6108
        },
        "24": {
            "loss": 1.16727293208432,
            "acc": 0.6125
        },
        "25": {
            "loss": 1.168882021971066,
            "acc": 0.61218
        },
        "26": {
            "loss": 1.1764507830295416,
            "acc": 0.61112
        },
        "27": {
            "loss": 1.1729797358098237,
            "acc": 0.61056
        },
        "28": {
            "loss": 1.1675275391934778,
            "acc": 0.61336
        },
        "29": {
            "loss": 1.1740724272130396,
            "acc": 0.61146
        },
        "30": {
            "loss": 1.1781682949846664,
            "acc": 0.61188
        },
        "31": {
            "loss": 1.1799023168166276,
            "acc": 0.60978
        },
        "32": {
            "loss": 1.175184336922053,
            "acc": 0.61264
        },
        "33": {
            "loss": 1.1757168803373566,
            "acc": 0.61204
        },
        "34": {
            "loss": 1.1768044010757486,
            "acc": 0.61494
        },
        "35": {
            "loss": 1.1812927323534055,
            "acc": 0.61214
        },
        "36": {
            "loss": 1.174355748211941,
            "acc": 0.6145
        },
        "37": {
            "loss": 1.1658203065242914,
            "acc": 0.61746
        },
        "38": {
            "loss": 1.167926221704849,
            "acc": 0.6182
        },
        "39": {
            "loss": 1.1839963405028633,
            "acc": 0.6147
        },
        "40": {
            "loss": 1.1808201530400444,
            "acc": 0.61268
        },
        "41": {
            "loss": 1.1749482578633692,
            "acc": 0.61384
        },
        "42": {
            "loss": 1.1704604328440888,
            "acc": 0.61666
        },
        "43": {
            "loss": 1.178587904671574,
            "acc": 0.6158
        },
        "44": {
            "loss": 1.1635301796066793,
            "acc": 0.61798
        },
        "45": {
            "loss": 1.1692739147359452,
            "acc": 0.61924
        },
        "46": {
            "loss": 1.160335585284416,
            "acc": 0.62074
        },
        "47": {
            "loss": 1.1560834333719805,
            "acc": 0.6244
        },
        "48": {
            "loss": 1.1559650657122091,
            "acc": 0.6247
        },
        "49": {
            "loss": 1.162712385282492,
            "acc": 0.6198
        },
        "50": {
            "loss": 1.1422279995420705,
            "acc": 0.6229
        },
        "51": {
            "loss": 1.154510599268062,
            "acc": 0.62374
        },
        "52": {
            "loss": 1.1496340106515324,
            "acc": 0.62288
        },
        "53": {
            "loss": 1.1426950735814125,
            "acc": 0.62492
        },
        "54": {
            "loss": 1.139619201955283,
            "acc": 0.62942
        },
        "55": {
            "loss": 1.1380051173212584,
            "acc": 0.6315
        },
        "56": {
            "loss": 1.1469907227074703,
            "acc": 0.62534
        },
        "57": {
            "loss": 1.1323444135963459,
            "acc": 0.63092
        },
        "58": {
            "loss": 1.1373778136489947,
            "acc": 0.62758
        },
        "59": {
            "loss": 1.1449184716510041,
            "acc": 0.6261
        },
        "60": {
            "loss": 1.1400422854801577,
            "acc": 0.62712
        },
        "61": {
            "loss": 1.150071711491441,
            "acc": 0.62666
        },
        "62": {
            "loss": 1.1413465793175466,
            "acc": 0.62848
        },
        "63": {
            "loss": 1.1372710797183043,
            "acc": 0.62976
        },
        "64": {
            "loss": 1.1351865225130944,
            "acc": 0.63012
        },
        "65": {
            "loss": 1.1401510391089007,
            "acc": 0.62764
        },
        "66": {
            "loss": 1.1334640970620353,
            "acc": 0.6319
        },
        "67": {
            "loss": 1.135349025659244,
            "acc": 0.63034
        },
        "68": {
            "loss": 1.1198372924724198,
            "acc": 0.63372
        },
        "69": {
            "loss": 1.1295013659445525,
            "acc": 0.63048
        },
        "70": {
            "loss": 1.1341241688069785,
            "acc": 0.63224
        },
        "71": {
            "loss": 1.1438977064379037,
            "acc": 0.62662
        },
        "72": {
            "loss": 1.133924920388195,
            "acc": 0.6298
        },
        "73": {
            "loss": 1.137769985229463,
            "acc": 0.63248
        },
        "74": {
            "loss": 1.1298019321983124,
            "acc": 0.63164
        },
        "75": {
            "loss": 1.1329738198948638,
            "acc": 0.63268
        },
        "76": {
            "loss": 1.1262093992794262,
            "acc": 0.63358
        },
        "77": {
            "loss": 1.1114043431818639,
            "acc": 0.63724
        },
        "78": {
            "loss": 1.1273379488979154,
            "acc": 0.63398
        },
        "79": {
            "loss": 1.1239940098789343,
            "acc": 0.63212
        },
        "80": {
            "loss": 1.1151013996290124,
            "acc": 0.63492
        },
        "81": {
            "loss": 1.1196493427161975,
            "acc": 0.63794
        },
        "82": {
            "loss": 1.1341175613805765,
            "acc": 0.63278
        },
        "83": {
            "loss": 1.121739531417027,
            "acc": 0.63568
        },
        "84": {
            "loss": 1.112313085809693,
            "acc": 0.64068
        },
        "85": {
            "loss": 1.1136762304684085,
            "acc": 0.63586
        },
        "86": {
            "loss": 1.121973254186723,
            "acc": 0.63634
        },
        "87": {
            "loss": 1.125450621480527,
            "acc": 0.63424
        },
        "88": {
            "loss": 1.1165200776761146,
            "acc": 0.63852
        },
        "89": {
            "loss": 1.110672712935816,
            "acc": 0.6393
        },
        "90": {
            "loss": 1.1246981419565734,
            "acc": 0.63276
        },
        "91": {
            "loss": 1.1298545742278818,
            "acc": 0.6339
        },
        "92": {
            "loss": 1.1296684011778868,
            "acc": 0.63606
        },
        "93": {
            "loss": 1.120261290646575,
            "acc": 0.63686
        },
        "94": {
            "loss": 1.1166953566434132,
            "acc": 0.63654
        },
        "95": {
            "loss": 1.1194002468262791,
            "acc": 0.63936
        },
        "96": {
            "loss": 1.1242206477753036,
            "acc": 0.63528
        },
        "97": {
            "loss": 1.124082605094861,
            "acc": 0.63498
        },
        "98": {
            "loss": 1.1216703644189079,
            "acc": 0.63734
        },
        "99": {
            "loss": 1.1170563088048755,
            "acc": 0.63708
        },
        "100": {
            "loss": 0.9106848867957854,
            "acc": 0.6984
        },
        "101": {
            "loss": 0.8399731539704306,
            "acc": 0.71834
        },
        "102": {
            "loss": 0.808352215515683,
            "acc": 0.724
        },
        "103": {
            "loss": 0.7914963709119031,
            "acc": 0.73016
        },
        "104": {
            "loss": 0.772290424312777,
            "acc": 0.73738
        },
        "105": {
            "loss": 0.7627943581937219,
            "acc": 0.73896
        },
        "106": {
            "loss": 0.7476976125136666,
            "acc": 0.74426
        },
        "107": {
            "loss": 0.7429400607752983,
            "acc": 0.74554
        },
        "108": {
            "loss": 0.7331316339237915,
            "acc": 0.7481
        },
        "109": {
            "loss": 0.724322309503165,
            "acc": 0.75026
        },
        "110": {
            "loss": 0.7100627693678717,
            "acc": 0.75584
        },
        "111": {
            "loss": 0.7022038377306955,
            "acc": 0.75756
        },
        "112": {
            "loss": 0.6999530602446602,
            "acc": 0.7583
        },
        "113": {
            "loss": 0.6887669773662791,
            "acc": 0.76114
        },
        "114": {
            "loss": 0.6847185360653626,
            "acc": 0.763
        },
        "115": {
            "loss": 0.6741608109163202,
            "acc": 0.76516
        },
        "116": {
            "loss": 0.6675384900606501,
            "acc": 0.76488
        },
        "117": {
            "loss": 0.6687090651458486,
            "acc": 0.7676
        },
        "118": {
            "loss": 0.6618282002256349,
            "acc": 0.76802
        },
        "119": {
            "loss": 0.6520734017005052,
            "acc": 0.77108
        },
        "120": {
            "loss": 0.6446993616230957,
            "acc": 0.77366
        },
        "121": {
            "loss": 0.6449812518818604,
            "acc": 0.77424
        },
        "122": {
            "loss": 0.6353738544237278,
            "acc": 0.77824
        },
        "123": {
            "loss": 0.6322635408405148,
            "acc": 0.77694
        },
        "124": {
            "loss": 0.6243223420646794,
            "acc": 0.7808
        },
        "125": {
            "loss": 0.6173879498868342,
            "acc": 0.78352
        },
        "126": {
            "loss": 0.6165166528481046,
            "acc": 0.78384
        },
        "127": {
            "loss": 0.604836878493009,
            "acc": 0.786
        },
        "128": {
            "loss": 0.6045888878043045,
            "acc": 0.7872
        },
        "129": {
            "loss": 0.5994023491659433,
            "acc": 0.79056
        },
        "130": {
            "loss": 0.5960688651980036,
            "acc": 0.78812
        },
        "131": {
            "loss": 0.5867205230171418,
            "acc": 0.79392
        },
        "132": {
            "loss": 0.5869363701861837,
            "acc": 0.7928
        },
        "133": {
            "loss": 0.5744745146740428,
            "acc": 0.79686
        },
        "134": {
            "loss": 0.5724665989046511,
            "acc": 0.79642
        },
        "135": {
            "loss": 0.5729678806746402,
            "acc": 0.79724
        },
        "136": {
            "loss": 0.5670232621147809,
            "acc": 0.79858
        },
        "137": {
            "loss": 0.556621556544243,
            "acc": 0.80116
        },
        "138": {
            "loss": 0.5542352805509592,
            "acc": 0.80232
        },
        "139": {
            "loss": 0.5521924051329913,
            "acc": 0.80286
        },
        "140": {
            "loss": 0.5481137408472389,
            "acc": 0.80618
        },
        "141": {
            "loss": 0.5427294458879535,
            "acc": 0.80856
        },
        "142": {
            "loss": 0.5336436559172237,
            "acc": 0.81002
        },
        "143": {
            "loss": 0.5341369226917891,
            "acc": 0.81026
        },
        "144": {
            "loss": 0.5289052230927646,
            "acc": 0.8127
        },
        "145": {
            "loss": 0.5225456529261207,
            "acc": 0.81296
        },
        "146": {
            "loss": 0.5211518812362496,
            "acc": 0.81462
        },
        "147": {
            "loss": 0.5155558851368897,
            "acc": 0.81704
        },
        "148": {
            "loss": 0.5120847847912927,
            "acc": 0.81756
        },
        "149": {
            "loss": 0.5043220513159662,
            "acc": 0.82088
        },
        "150": {
            "loss": 0.48158271584059575,
            "acc": 0.82882
        },
        "151": {
            "loss": 0.4634055346631638,
            "acc": 0.83362
        },
        "152": {
            "loss": 0.45871389586754774,
            "acc": 0.83492
        },
        "153": {
            "loss": 0.4580224739468616,
            "acc": 0.83494
        },
        "154": {
            "loss": 0.45747593982750195,
            "acc": 0.83606
        },
        "155": {
            "loss": 0.4512796397404293,
            "acc": 0.83928
        },
        "156": {
            "loss": 0.44906090440042795,
            "acc": 0.84014
        },
        "157": {
            "loss": 0.4474978189334235,
            "acc": 0.84074
        },
        "158": {
            "loss": 0.44733499741310356,
            "acc": 0.84136
        },
        "159": {
            "loss": 0.444589105027411,
            "acc": 0.8418
        },
        "160": {
            "loss": 0.4415445907036667,
            "acc": 0.8423
        },
        "161": {
            "loss": 0.44125549293235133,
            "acc": 0.84124
        },
        "162": {
            "loss": 0.43920988358957386,
            "acc": 0.84282
        },
        "163": {
            "loss": 0.43937551738965847,
            "acc": 0.84254
        },
        "164": {
            "loss": 0.43579463382511185,
            "acc": 0.84376
        },
        "165": {
            "loss": 0.433945846146025,
            "acc": 0.84402
        },
        "166": {
            "loss": 0.43369557447445667,
            "acc": 0.84332
        },
        "167": {
            "loss": 0.43362263847342536,
            "acc": 0.84532
        },
        "168": {
            "loss": 0.42977020712307346,
            "acc": 0.84494
        },
        "169": {
            "loss": 0.4287523155093498,
            "acc": 0.84416
        },
        "170": {
            "loss": 0.4236892686628015,
            "acc": 0.84808
        },
        "171": {
            "loss": 0.4242978686719294,
            "acc": 0.84704
        },
        "172": {
            "loss": 0.4244403617308878,
            "acc": 0.84906
        },
        "173": {
            "loss": 0.4207950769482976,
            "acc": 0.8503
        },
        "174": {
            "loss": 0.42636636806570966,
            "acc": 0.84624
        },
        "175": {
            "loss": 0.4199350930921867,
            "acc": 0.8488
        },
        "176": {
            "loss": 0.4194744671016093,
            "acc": 0.84802
        },
        "177": {
            "loss": 0.416674349847657,
            "acc": 0.85024
        },
        "178": {
            "loss": 0.4181204610087378,
            "acc": 0.84906
        },
        "179": {
            "loss": 0.41944219720790454,
            "acc": 0.84938
        },
        "180": {
            "loss": 0.421271457620289,
            "acc": 0.84616
        },
        "181": {
            "loss": 0.4177222614702971,
            "acc": 0.84974
        },
        "182": {
            "loss": 0.4135283054903035,
            "acc": 0.8506
        },
        "183": {
            "loss": 0.40788725986505103,
            "acc": 0.8535
        },
        "184": {
            "loss": 0.41688931117887085,
            "acc": 0.84948
        },
        "185": {
            "loss": 0.406875686686667,
            "acc": 0.85492
        },
        "186": {
            "loss": 0.4135409396932558,
            "acc": 0.85198
        },
        "187": {
            "loss": 0.409768511724594,
            "acc": 0.85344
        },
        "188": {
            "loss": 0.4084629435520953,
            "acc": 0.85406
        },
        "189": {
            "loss": 0.4022252480773365,
            "acc": 0.85544
        },
        "190": {
            "loss": 0.40253369369165365,
            "acc": 0.85516
        },
        "191": {
            "loss": 0.40319222337602045,
            "acc": 0.85448
        },
        "192": {
            "loss": 0.39869517968286333,
            "acc": 0.8573
        },
        "193": {
            "loss": 0.40141018985025106,
            "acc": 0.8545
        },
        "194": {
            "loss": 0.39783099217488027,
            "acc": 0.85662
        },
        "195": {
            "loss": 0.40423818721490745,
            "acc": 0.85478
        },
        "196": {
            "loss": 0.39910967507020895,
            "acc": 0.8568
        },
        "197": {
            "loss": 0.4014728547971877,
            "acc": 0.85646
        },
        "198": {
            "loss": 0.3943122267875525,
            "acc": 0.8597
        },
        "199": {
            "loss": 0.3924565946735689,
            "acc": 0.85776
        },
        "200": {
            "loss": 0.3953955404060271,
            "acc": 0.85696
        },
        "201": {
            "loss": 0.3916458144517201,
            "acc": 0.85936
        },
        "202": {
            "loss": 0.39042118790052127,
            "acc": 0.85896
        },
        "203": {
            "loss": 0.3893514368540186,
            "acc": 0.86002
        },
        "204": {
            "loss": 0.3906637003735813,
            "acc": 0.86002
        },
        "205": {
            "loss": 0.3924595254385258,
            "acc": 0.85798
        },
        "206": {
            "loss": 0.3866421463315749,
            "acc": 0.8616
        },
        "207": {
            "loss": 0.38815178720237653,
            "acc": 0.8599
        },
        "208": {
            "loss": 0.38780383235963106,
            "acc": 0.86104
        },
        "209": {
            "loss": 0.38838135300542387,
            "acc": 0.8593
        },
        "210": {
            "loss": 0.3836984568087341,
            "acc": 0.86298
        },
        "211": {
            "loss": 0.3898766126550372,
            "acc": 0.85922
        },
        "212": {
            "loss": 0.38497200848348917,
            "acc": 0.8621
        },
        "213": {
            "loss": 0.3874380570619612,
            "acc": 0.86134
        },
        "214": {
            "loss": 0.38508802842910944,
            "acc": 0.86104
        },
        "215": {
            "loss": 0.38304604761435856,
            "acc": 0.86222
        },
        "216": {
            "loss": 0.38752436211042085,
            "acc": 0.86232
        },
        "217": {
            "loss": 0.39075943465580415,
            "acc": 0.85934
        },
        "218": {
            "loss": 0.39002660438990044,
            "acc": 0.85892
        },
        "219": {
            "loss": 0.3854645667478557,
            "acc": 0.86096
        },
        "220": {
            "loss": 0.38284376694265837,
            "acc": 0.86358
        },
        "221": {
            "loss": 0.38739876033704906,
            "acc": 0.86078
        },
        "222": {
            "loss": 0.3866750213038891,
            "acc": 0.85858
        },
        "223": {
            "loss": 0.38423061077399634,
            "acc": 0.86218
        },
        "224": {
            "loss": 0.38904111327417673,
            "acc": 0.8618
        },
        "225": {
            "loss": 0.388898279660803,
            "acc": 0.86082
        },
        "226": {
            "loss": 0.3854174745814575,
            "acc": 0.86108
        },
        "227": {
            "loss": 0.3855113693515358,
            "acc": 0.86164
        },
        "228": {
            "loss": 0.38661722137647514,
            "acc": 0.85996
        },
        "229": {
            "loss": 0.3879139461861852,
            "acc": 0.86068
        },
        "230": {
            "loss": 0.3821917928164572,
            "acc": 0.86166
        },
        "231": {
            "loss": 0.38581624672845805,
            "acc": 0.86018
        },
        "232": {
            "loss": 0.3873092255857595,
            "acc": 0.86014
        },
        "233": {
            "loss": 0.3833990264350496,
            "acc": 0.86188
        },
        "234": {
            "loss": 0.3869787466800426,
            "acc": 0.8612
        },
        "235": {
            "loss": 0.3796197603197049,
            "acc": 0.86322
        },
        "236": {
            "loss": 0.38751018531334674,
            "acc": 0.86094
        },
        "237": {
            "loss": 0.38140669823302636,
            "acc": 0.86198
        },
        "238": {
            "loss": 0.3821466468331759,
            "acc": 0.86542
        },
        "239": {
            "loss": 0.3828915044322343,
            "acc": 0.86208
        },
        "240": {
            "loss": 0.3854855244879223,
            "acc": 0.86038
        },
        "241": {
            "loss": 0.38465834487124784,
            "acc": 0.86276
        },
        "242": {
            "loss": 0.38333482038029626,
            "acc": 0.86134
        },
        "243": {
            "loss": 0.3835341699059357,
            "acc": 0.86246
        },
        "244": {
            "loss": 0.3855570354653746,
            "acc": 0.8604
        },
        "245": {
            "loss": 0.38047620356845124,
            "acc": 0.86224
        },
        "246": {
            "loss": 0.3873944870193901,
            "acc": 0.86014
        },
        "247": {
            "loss": 0.38428513484690197,
            "acc": 0.863
        },
        "248": {
            "loss": 0.3844280122109996,
            "acc": 0.86156
        },
        "249": {
            "loss": 0.38194708571866953,
            "acc": 0.8617
        }
    },
    "test": {
        "0": {
            "loss": 1.6729479074478149,
            "acc": 0.3638
        },
        "1": {
            "loss": 1.365156993865967,
            "acc": 0.5112
        },
        "3": {
            "loss": 1.2725121569633484,
            "acc": 0.5553
        },
        "5": {
            "loss": 1.176485970020294,
            "acc": 0.5964
        },
        "7": {
            "loss": 1.1215364730358124,
            "acc": 0.6178
        },
        "9": {
            "loss": 1.1360009956359862,
            "acc": 0.6094
        },
        "11": {
            "loss": 1.1327966260910034,
            "acc": 0.6236
        },
        "13": {
            "loss": 1.1424702823162078,
            "acc": 0.622
        },
        "15": {
            "loss": 1.1382689309120178,
            "acc": 0.6256
        },
        "17": {
            "loss": 1.143985904455185,
            "acc": 0.6315
        },
        "19": {
            "loss": 1.1285138654708862,
            "acc": 0.6308
        },
        "21": {
            "loss": 1.1765468740463256,
            "acc": 0.6186
        },
        "23": {
            "loss": 1.1832387566566467,
            "acc": 0.6134
        },
        "25": {
            "loss": 1.1793258845806123,
            "acc": 0.6209
        },
        "27": {
            "loss": 1.124190216064453,
            "acc": 0.6352
        },
        "29": {
            "loss": 1.1286714994907379,
            "acc": 0.6303
        },
        "31": {
            "loss": 1.1987702202796937,
            "acc": 0.6191
        },
        "33": {
            "loss": 1.2187243258953095,
            "acc": 0.6056
        },
        "35": {
            "loss": 1.2410621118545533,
            "acc": 0.5917
        },
        "37": {
            "loss": 1.1985536456108092,
            "acc": 0.5933
        },
        "39": {
            "loss": 1.1620928263664245,
            "acc": 0.6177
        },
        "41": {
            "loss": 1.1691181421279908,
            "acc": 0.6194
        },
        "43": {
            "loss": 1.1579337584972382,
            "acc": 0.6221
        },
        "45": {
            "loss": 1.1806555271148682,
            "acc": 0.6221
        },
        "47": {
            "loss": 1.1218205392360687,
            "acc": 0.6292
        },
        "49": {
            "loss": 1.113308745622635,
            "acc": 0.6353
        },
        "51": {
            "loss": 1.1080661165714263,
            "acc": 0.6343
        },
        "53": {
            "loss": 1.1404516077041627,
            "acc": 0.6323
        },
        "55": {
            "loss": 1.1911061370372773,
            "acc": 0.5982
        },
        "57": {
            "loss": 1.1050162506103516,
            "acc": 0.6422
        },
        "59": {
            "loss": 1.0903988349437714,
            "acc": 0.6437
        },
        "61": {
            "loss": 1.0963452756404877,
            "acc": 0.6454
        },
        "63": {
            "loss": 1.1010136425495147,
            "acc": 0.6521
        },
        "65": {
            "loss": 1.1457104587554932,
            "acc": 0.6263
        },
        "67": {
            "loss": 1.1191831123828888,
            "acc": 0.6496
        },
        "69": {
            "loss": 1.208522207736969,
            "acc": 0.6315
        },
        "71": {
            "loss": 1.1329352581501007,
            "acc": 0.6346
        },
        "73": {
            "loss": 1.1782784640789032,
            "acc": 0.6156
        },
        "75": {
            "loss": 1.1021248340606689,
            "acc": 0.6401
        },
        "77": {
            "loss": 1.1389566040039063,
            "acc": 0.6406
        },
        "79": {
            "loss": 1.1255100083351135,
            "acc": 0.6318
        },
        "81": {
            "loss": 1.0768916952610015,
            "acc": 0.646
        },
        "83": {
            "loss": 1.0857477915287017,
            "acc": 0.649
        },
        "85": {
            "loss": 1.1223296785354615,
            "acc": 0.6425
        },
        "87": {
            "loss": 1.0813721704483032,
            "acc": 0.6488
        },
        "89": {
            "loss": 1.0841810846328734,
            "acc": 0.6475
        },
        "91": {
            "loss": 1.0603906190395356,
            "acc": 0.6624
        },
        "93": {
            "loss": 1.1733110117912293,
            "acc": 0.6377
        },
        "95": {
            "loss": 1.1156758713722228,
            "acc": 0.6408
        },
        "97": {
            "loss": 1.1138215565681457,
            "acc": 0.6424
        },
        "99": {
            "loss": 1.1495954585075379,
            "acc": 0.6255
        },
        "101": {
            "loss": 0.8626979374885559,
            "acc": 0.7099
        },
        "103": {
            "loss": 0.8262737333774567,
            "acc": 0.7253
        },
        "105": {
            "loss": 0.8069769608974456,
            "acc": 0.7296
        },
        "107": {
            "loss": 0.8016914010047913,
            "acc": 0.7324
        },
        "109": {
            "loss": 0.7879177546501159,
            "acc": 0.7336
        },
        "111": {
            "loss": 0.7815184330940247,
            "acc": 0.7359
        },
        "113": {
            "loss": 0.7686774814128876,
            "acc": 0.7389
        },
        "115": {
            "loss": 0.7604692244529724,
            "acc": 0.7429
        },
        "117": {
            "loss": 0.7613293302059173,
            "acc": 0.7422
        },
        "119": {
            "loss": 0.7573657560348511,
            "acc": 0.745
        },
        "121": {
            "loss": 0.7477954435348511,
            "acc": 0.7454
        },
        "123": {
            "loss": 0.7462279570102691,
            "acc": 0.7513
        },
        "125": {
            "loss": 0.7450198984146118,
            "acc": 0.7482
        },
        "127": {
            "loss": 0.7396717274188995,
            "acc": 0.7491
        },
        "129": {
            "loss": 0.736584359407425,
            "acc": 0.7557
        },
        "131": {
            "loss": 0.7458606445789338,
            "acc": 0.7506
        },
        "133": {
            "loss": 0.7351721727848053,
            "acc": 0.7556
        },
        "135": {
            "loss": 0.7304479932785034,
            "acc": 0.7566
        },
        "137": {
            "loss": 0.7361519885063171,
            "acc": 0.7575
        },
        "139": {
            "loss": 0.7394268584251403,
            "acc": 0.7539
        },
        "141": {
            "loss": 0.7222843182086944,
            "acc": 0.7589
        },
        "143": {
            "loss": 0.7355194532871246,
            "acc": 0.7578
        },
        "145": {
            "loss": 0.7442282271385193,
            "acc": 0.7555
        },
        "147": {
            "loss": 0.7432038068771363,
            "acc": 0.7564
        },
        "149": {
            "loss": 0.737658361196518,
            "acc": 0.7595
        },
        "151": {
            "loss": 0.7300103735923767,
            "acc": 0.764
        },
        "153": {
            "loss": 0.7307519102096558,
            "acc": 0.7652
        },
        "155": {
            "loss": 0.7324443584680558,
            "acc": 0.7657
        },
        "157": {
            "loss": 0.7375308799743653,
            "acc": 0.7659
        },
        "159": {
            "loss": 0.7362003797292709,
            "acc": 0.7638
        },
        "161": {
            "loss": 0.7401069647073746,
            "acc": 0.7632
        },
        "163": {
            "loss": 0.741454741358757,
            "acc": 0.7641
        },
        "165": {
            "loss": 0.7408350223302841,
            "acc": 0.7629
        },
        "167": {
            "loss": 0.7436066037416458,
            "acc": 0.7607
        },
        "169": {
            "loss": 0.7448475152254105,
            "acc": 0.7637
        },
        "171": {
            "loss": 0.7461505520343781,
            "acc": 0.7628
        },
        "173": {
            "loss": 0.7511398243904114,
            "acc": 0.7613
        },
        "175": {
            "loss": 0.7535640788078308,
            "acc": 0.7622
        },
        "177": {
            "loss": 0.7528899180889129,
            "acc": 0.7619
        },
        "179": {
            "loss": 0.752308611869812,
            "acc": 0.7622
        },
        "181": {
            "loss": 0.7543647176027298,
            "acc": 0.7594
        },
        "183": {
            "loss": 0.7592214149236679,
            "acc": 0.7614
        },
        "185": {
            "loss": 0.762419621348381,
            "acc": 0.7625
        },
        "187": {
            "loss": 0.7595952916145324,
            "acc": 0.7607
        },
        "189": {
            "loss": 0.7617331737279892,
            "acc": 0.7621
        },
        "191": {
            "loss": 0.7634036046266556,
            "acc": 0.7629
        },
        "193": {
            "loss": 0.7635948008298874,
            "acc": 0.762
        },
        "195": {
            "loss": 0.7648719549179077,
            "acc": 0.7626
        },
        "197": {
            "loss": 0.7666472864151,
            "acc": 0.762
        },
        "199": {
            "loss": 0.7731877374649048,
            "acc": 0.7625
        },
        "201": {
            "loss": 0.7701238024234772,
            "acc": 0.7618
        },
        "203": {
            "loss": 0.7698680412769318,
            "acc": 0.7626
        },
        "205": {
            "loss": 0.7702550840377808,
            "acc": 0.7629
        },
        "207": {
            "loss": 0.7712813365459442,
            "acc": 0.7626
        },
        "209": {
            "loss": 0.7718042862415314,
            "acc": 0.7632
        },
        "211": {
            "loss": 0.7716721963882446,
            "acc": 0.7623
        },
        "213": {
            "loss": 0.7727606093883514,
            "acc": 0.7625
        },
        "215": {
            "loss": 0.7736320400238037,
            "acc": 0.7619
        },
        "217": {
            "loss": 0.7727550637722015,
            "acc": 0.7633
        },
        "219": {
            "loss": 0.7727046692371369,
            "acc": 0.7619
        },
        "221": {
            "loss": 0.7730769729614257,
            "acc": 0.7624
        },
        "223": {
            "loss": 0.7734064692258835,
            "acc": 0.7629
        },
        "225": {
            "loss": 0.7732021284103393,
            "acc": 0.7623
        },
        "227": {
            "loss": 0.7739179337024689,
            "acc": 0.7618
        },
        "229": {
            "loss": 0.7734267371892929,
            "acc": 0.7612
        },
        "231": {
            "loss": 0.7743473148345947,
            "acc": 0.762
        },
        "233": {
            "loss": 0.7751664197444916,
            "acc": 0.7619
        },
        "235": {
            "loss": 0.7749297899007798,
            "acc": 0.7618
        },
        "237": {
            "loss": 0.7751064032316208,
            "acc": 0.762
        },
        "239": {
            "loss": 0.7757665741443635,
            "acc": 0.7626
        },
        "241": {
            "loss": 0.7751090770959854,
            "acc": 0.7624
        },
        "243": {
            "loss": 0.7756126999855042,
            "acc": 0.7627
        },
        "245": {
            "loss": 0.7755100452899932,
            "acc": 0.7624
        },
        "247": {
            "loss": 0.7750526893138886,
            "acc": 0.7617
        },
        "249": {
            "loss": 0.7754563856124878,
            "acc": 0.763
        }
    },
    "info": {
        "best_epoch": 157,
        "best_acc": 76.59,
        "n_params": 2753354
    }
}